ACH_DATE,ORG_TYPE,ORG_CODE,ONS_CODE,NAME,Measure,Value
31-Mar-26,COUNTRY,ENG,E92000001,ENGLAND,PALLIATIVE_CARE,98565
31-Mar-26,COUNTRY,ENG,E92000001,ENGLAND,COMORBIDITIES,367958
31-Mar-26,COUNTRY,ENG,E92000001,ENGLAND,DEMENTIA_REGISTER_65_PLUS,498122
31-Mar-26,ICB,QOX,E54000040,"NHS Bath and North East Somerset, Swindon and Wiltshire Integrated Care Board",COMORBIDITIES,6504
31-Mar-26,ICB,QOX,E54000040,"NHS Bath and North East Somerset, Swindon and Wiltshire Integrated Care Board",PALLIATIVE_CARE,712
31-Mar-26,ICB,QOX,E54000040,"NHS Bath and North East Somerset, Swindon and Wiltshire Integrated Care Board",DEMENTIA_REGISTER_65_PLUS,8977
31-Mar-26,ICB,QHG,E54000024,"NHS Bedfordshire, Luton and Milton Keynes Integrated Care Board",COMORBIDITIES,5870
31-Mar-26,ICB,QHG,E54000024,"NHS Bedfordshire, Luton and Milton Keynes Integrated Care Board",PALLIATIVE_CARE,1117
31-Mar-26,ICB,QHG,E54000024,"NHS Bedfordshire, Luton and Milton Keynes Integrated Care Board",DEMENTIA_REGISTER_65_PLUS,7671
31-Mar-26,ICB,QHL,E54000055,NHS Birmingham and Solihull Integrated Care Board,COMORBIDITIES,7215
31-Mar-26,ICB,QHL,E54000055,NHS Birmingham and Solihull Integrated Care Board,PALLIATIVE_CARE,2193
31-Mar-26,ICB,QHL,E54000055,NHS Birmingham and Solihull Integrated Care Board,DEMENTIA_REGISTER_65_PLUS,9520
31-Mar-26,ICB,QUA,E54000062,NHS Black Country Integrated Care Board,PALLIATIVE_CARE,2996
31-Mar-26,ICB,QUA,E54000062,NHS Black Country Integrated Care Board,COMORBIDITIES,7791
31-Mar-26,ICB,QUA,E54000062,NHS Black Country Integrated Care Board,DEMENTIA_REGISTER_65_PLUS,10067
31-Mar-26,ICB,QUY,E54000039,"NHS Bristol, North Somerset and South Gloucestershire Integrated Care Board",COMORBIDITIES,6460
31-Mar-26,ICB,QUY,E54000039,"NHS Bristol, North Somerset and South Gloucestershire Integrated Care Board",PALLIATIVE_CARE,1021
31-Mar-26,ICB,QUY,E54000039,"NHS Bristol, North Somerset and South Gloucestershire Integrated Care Board",DEMENTIA_REGISTER_65_PLUS,8808
31-Mar-26,ICB,QU9,E54000044,"NHS Buckinghamshire, Oxfordshire and Berkshire West Integrated Care Board",PALLIATIVE_CARE,2188
31-Mar-26,ICB,QU9,E54000044,"NHS Buckinghamshire, Oxfordshire and Berkshire West Integrated Care Board",COMORBIDITIES,10707
31-Mar-26,ICB,QU9,E54000044,"NHS Buckinghamshire, Oxfordshire and Berkshire West Integrated Care Board",DEMENTIA_REGISTER_65_PLUS,15233
31-Mar-26,ICB,QUE,E54000056,NHS Cambridgeshire and Peterborough Integrated Care Board,PALLIATIVE_CARE,1088
31-Mar-26,ICB,QUE,E54000056,NHS Cambridgeshire and Peterborough Integrated Care Board,COMORBIDITIES,5333
31-Mar-26,ICB,QUE,E54000056,NHS Cambridgeshire and Peterborough Integrated Care Board,DEMENTIA_REGISTER_65_PLUS,7172
31-Mar-26,ICB,QYG,E54000008,NHS Cheshire and Merseyside Integrated Care Board,PALLIATIVE_CARE,6270
31-Mar-26,ICB,QYG,E54000008,NHS Cheshire and Merseyside Integrated Care Board,COMORBIDITIES,18046
31-Mar-26,ICB,QYG,E54000008,NHS Cheshire and Merseyside Integrated Care Board,DEMENTIA_REGISTER_65_PLUS,24390
31-Mar-26,ICB,QT6,E54000036,NHS Cornwall and the Isles of Scilly Integrated Care Board,PALLIATIVE_CARE,386
31-Mar-26,ICB,QT6,E54000036,NHS Cornwall and the Isles of Scilly Integrated Care Board,COMORBIDITIES,4495
31-Mar-26,ICB,QT6,E54000036,NHS Cornwall and the Isles of Scilly Integrated Care Board,DEMENTIA_REGISTER_65_PLUS,6242
31-Mar-26,ICB,QWU,E54000018,NHS Coventry and Warwickshire Integrated Care Board,COMORBIDITIES,5475
31-Mar-26,ICB,QWU,E54000018,NHS Coventry and Warwickshire Integrated Care Board,PALLIATIVE_CARE,1102
31-Mar-26,ICB,QWU,E54000018,NHS Coventry and Warwickshire Integrated Care Board,DEMENTIA_REGISTER_65_PLUS,7516
31-Mar-26,ICB,QJ2,E54000058,NHS Derby and Derbyshire Integrated Care Board,COMORBIDITIES,7925
31-Mar-26,ICB,QJ2,E54000058,NHS Derby and Derbyshire Integrated Care Board,PALLIATIVE_CARE,2600
31-Mar-26,ICB,QJ2,E54000058,NHS Derby and Derbyshire Integrated Care Board,DEMENTIA_REGISTER_65_PLUS,10737
31-Mar-26,ICB,QJK,E54000037,NHS Devon Integrated Care Board,COMORBIDITIES,8841
31-Mar-26,ICB,QJK,E54000037,NHS Devon Integrated Care Board,PALLIATIVE_CARE,1291
31-Mar-26,ICB,QJK,E54000037,NHS Devon Integrated Care Board,DEMENTIA_REGISTER_65_PLUS,12345
31-Mar-26,ICB,QVV,E54000041,NHS Dorset Integrated Care Board,PALLIATIVE_CARE,2151
31-Mar-26,ICB,QVV,E54000041,NHS Dorset Integrated Care Board,COMORBIDITIES,6096
31-Mar-26,ICB,QVV,E54000041,NHS Dorset Integrated Care Board,DEMENTIA_REGISTER_65_PLUS,8629
31-Mar-26,ICB,QNQ,E54000034,NHS Frimley Integrated Care Board,PALLIATIVE_CARE,933
31-Mar-26,ICB,QNQ,E54000034,NHS Frimley Integrated Care Board,COMORBIDITIES,4552
31-Mar-26,ICB,QNQ,E54000034,NHS Frimley Integrated Care Board,DEMENTIA_REGISTER_65_PLUS,6218
31-Mar-26,ICB,QR1,E54000043,NHS Gloucestershire Integrated Care Board,COMORBIDITIES,4837
31-Mar-26,ICB,QR1,E54000043,NHS Gloucestershire Integrated Care Board,PALLIATIVE_CARE,1175
31-Mar-26,ICB,QR1,E54000043,NHS Gloucestershire Integrated Care Board,DEMENTIA_REGISTER_65_PLUS,6776
31-Mar-26,ICB,QOP,E54000057,NHS Greater Manchester Integrated Care Board,COMORBIDITIES,17284
31-Mar-26,ICB,QOP,E54000057,NHS Greater Manchester Integrated Care Board,PALLIATIVE_CARE,4944
31-Mar-26,ICB,QOP,E54000057,NHS Greater Manchester Integrated Care Board,DEMENTIA_REGISTER_65_PLUS,22983
31-Mar-26,ICB,QRL,E54000042,NHS Hampshire and Isle of Wight Integrated Care Board,COMORBIDITIES,13115
31-Mar-26,ICB,QRL,E54000042,NHS Hampshire and Isle of Wight Integrated Care Board,PALLIATIVE_CARE,2315
31-Mar-26,ICB,QRL,E54000042,NHS Hampshire and Isle of Wight Integrated Care Board,DEMENTIA_REGISTER_65_PLUS,18080
31-Mar-26,ICB,QGH,E54000019,NHS Herefordshire and Worcestershire Integrated Care Board,COMORBIDITIES,5384
31-Mar-26,ICB,QGH,E54000019,NHS Herefordshire and Worcestershire Integrated Care Board,PALLIATIVE_CARE,2177
31-Mar-26,ICB,QGH,E54000019,NHS Herefordshire and Worcestershire Integrated Care Board,DEMENTIA_REGISTER_65_PLUS,7520
31-Mar-26,ICB,QM7,E54000025,NHS Hertfordshire and West Essex Integrated Care Board,PALLIATIVE_CARE,4002
31-Mar-26,ICB,QM7,E54000025,NHS Hertfordshire and West Essex Integrated Care Board,COMORBIDITIES,9596
31-Mar-26,ICB,QM7,E54000025,NHS Hertfordshire and West Essex Integrated Care Board,DEMENTIA_REGISTER_65_PLUS,13046
31-Mar-26,ICB,QOQ,E54000051,NHS Humber and North Yorkshire Integrated Care Board,PALLIATIVE_CARE,3532
31-Mar-26,ICB,QOQ,E54000051,NHS Humber and North Yorkshire Integrated Care Board,COMORBIDITIES,12455
31-Mar-26,ICB,QOQ,E54000051,NHS Humber and North Yorkshire Integrated Care Board,DEMENTIA_REGISTER_65_PLUS,17018
31-Mar-26,ICB,QKS,E54000032,NHS Kent and Medway Integrated Care Board,COMORBIDITIES,12007
31-Mar-26,ICB,QKS,E54000032,NHS Kent and Medway Integrated Care Board,PALLIATIVE_CARE,2908
31-Mar-26,ICB,QKS,E54000032,NHS Kent and Medway Integrated Care Board,DEMENTIA_REGISTER_65_PLUS,16495
31-Mar-26,ICB,QE1,E54000048,NHS Lancashire and South Cumbria Integrated Care Board,COMORBIDITIES,12257
31-Mar-26,ICB,QE1,E54000048,NHS Lancashire and South Cumbria Integrated Care Board,PALLIATIVE_CARE,4608
31-Mar-26,ICB,QE1,E54000048,NHS Lancashire and South Cumbria Integrated Care Board,DEMENTIA_REGISTER_65_PLUS,16729
31-Mar-26,ICB,QK1,E54000015,"NHS Leicester, Leicestershire and Rutland Integrated Care Board",PALLIATIVE_CARE,2193
31-Mar-26,ICB,QK1,E54000015,"NHS Leicester, Leicestershire and Rutland Integrated Care Board",COMORBIDITIES,6657
31-Mar-26,ICB,QK1,E54000015,"NHS Leicester, Leicestershire and Rutland Integrated Care Board",DEMENTIA_REGISTER_65_PLUS,8989
31-Mar-26,ICB,QJM,E54000013,NHS Lincolnshire Integrated Care Board,PALLIATIVE_CARE,2027
31-Mar-26,ICB,QJM,E54000013,NHS Lincolnshire Integrated Care Board,COMORBIDITIES,6732
31-Mar-26,ICB,QJM,E54000013,NHS Lincolnshire Integrated Care Board,DEMENTIA_REGISTER_65_PLUS,9048
31-Mar-26,ICB,QH8,E54000026,NHS Mid and South Essex Integrated Care Board,COMORBIDITIES,8330
31-Mar-26,ICB,QH8,E54000026,NHS Mid and South Essex Integrated Care Board,PALLIATIVE_CARE,2673
31-Mar-26,ICB,QH8,E54000026,NHS Mid and South Essex Integrated Care Board,DEMENTIA_REGISTER_65_PLUS,11341
31-Mar-26,ICB,QMM,E54000022,NHS Norfolk and Waveney Integrated Care Board,COMORBIDITIES,8702
31-Mar-26,ICB,QMM,E54000022,NHS Norfolk and Waveney Integrated Care Board,PALLIATIVE_CARE,1192
31-Mar-26,ICB,QMM,E54000022,NHS Norfolk and Waveney Integrated Care Board,DEMENTIA_REGISTER_65_PLUS,11886
31-Mar-26,ICB,QMJ,E54000028,NHS North Central London Integrated Care Board,COMORBIDITIES,7091
31-Mar-26,ICB,QMJ,E54000028,NHS North Central London Integrated Care Board,PALLIATIVE_CARE,1457
31-Mar-26,ICB,QMJ,E54000028,NHS North Central London Integrated Care Board,DEMENTIA_REGISTER_65_PLUS,9179
31-Mar-26,ICB,QMF,E54000029,NHS North East London Integrated Care Board,COMORBIDITIES,7050
31-Mar-26,ICB,QMF,E54000029,NHS North East London Integrated Care Board,PALLIATIVE_CARE,2467
31-Mar-26,ICB,QMF,E54000029,NHS North East London Integrated Care Board,DEMENTIA_REGISTER_65_PLUS,8836
31-Mar-26,ICB,QHM,E54000050,NHS North East and North Cumbria Integrated Care Board,COMORBIDITIES,22149
31-Mar-26,ICB,QHM,E54000050,NHS North East and North Cumbria Integrated Care Board,PALLIATIVE_CARE,5025
31-Mar-26,ICB,QHM,E54000050,NHS North East and North Cumbria Integrated Care Board,DEMENTIA_REGISTER_65_PLUS,29224
31-Mar-26,ICB,QRV,E54000027,NHS North West London Integrated Care Board,COMORBIDITIES,10574
31-Mar-26,ICB,QRV,E54000027,NHS North West London Integrated Care Board,PALLIATIVE_CARE,3446
31-Mar-26,ICB,QRV,E54000027,NHS North West London Integrated Care Board,DEMENTIA_REGISTER_65_PLUS,13242
31-Mar-26,ICB,QPM,E54000059,NHS Northamptonshire Integrated Care Board,COMORBIDITIES,4773
31-Mar-26,ICB,QPM,E54000059,NHS Northamptonshire Integrated Care Board,PALLIATIVE_CARE,559
31-Mar-26,ICB,QPM,E54000059,NHS Northamptonshire Integrated Care Board,DEMENTIA_REGISTER_65_PLUS,6290
31-Mar-26,ICB,QT1,E54000060,NHS Nottingham and Nottinghamshire Integrated Care Board,PALLIATIVE_CARE,3676
31-Mar-26,ICB,QT1,E54000060,NHS Nottingham and Nottinghamshire Integrated Care Board,COMORBIDITIES,7673
31-Mar-26,ICB,QT1,E54000060,NHS Nottingham and Nottinghamshire Integrated Care Board,DEMENTIA_REGISTER_65_PLUS,10574
31-Mar-26,ICB,QOC,E54000011,"NHS Shropshire, Telford and Wrekin Integrated Care Board",PALLIATIVE_CARE,493
31-Mar-26,ICB,QOC,E54000011,"NHS Shropshire, Telford and Wrekin Integrated Care Board",COMORBIDITIES,3580
31-Mar-26,ICB,QOC,E54000011,"NHS Shropshire, Telford and Wrekin Integrated Care Board",DEMENTIA_REGISTER_65_PLUS,4954
31-Mar-26,ICB,QSL,E54000038,NHS Somerset Integrated Care Board,PALLIATIVE_CARE,529
31-Mar-26,ICB,QSL,E54000038,NHS Somerset Integrated Care Board,COMORBIDITIES,4186
31-Mar-26,ICB,QSL,E54000038,NHS Somerset Integrated Care Board,DEMENTIA_REGISTER_65_PLUS,5755
31-Mar-26,ICB,QKK,E54000030,NHS South East London Integrated Care Board,PALLIATIVE_CARE,2384
31-Mar-26,ICB,QKK,E54000030,NHS South East London Integrated Care Board,COMORBIDITIES,8590
31-Mar-26,ICB,QKK,E54000030,NHS South East London Integrated Care Board,DEMENTIA_REGISTER_65_PLUS,11235
31-Mar-26,ICB,QWE,E54000031,NHS South West London Integrated Care Board,COMORBIDITIES,8140
31-Mar-26,ICB,QWE,E54000031,NHS South West London Integrated Care Board,PALLIATIVE_CARE,2299
31-Mar-26,ICB,QWE,E54000031,NHS South West London Integrated Care Board,DEMENTIA_REGISTER_65_PLUS,11095
31-Mar-26,ICB,QF7,E54000061,NHS South Yorkshire Integrated Care Board,COMORBIDITIES,9822
31-Mar-26,ICB,QF7,E54000061,NHS South Yorkshire Integrated Care Board,PALLIATIVE_CARE,2549
31-Mar-26,ICB,QF7,E54000061,NHS South Yorkshire Integrated Care Board,DEMENTIA_REGISTER_65_PLUS,12967
31-Mar-26,ICB,QNC,E54000010,NHS Staffordshire and Stoke-on-Trent Integrated Care Board,COMORBIDITIES,9112
31-Mar-26,ICB,QNC,E54000010,NHS Staffordshire and Stoke-on-Trent Integrated Care Board,PALLIATIVE_CARE,3173
31-Mar-26,ICB,QNC,E54000010,NHS Staffordshire and Stoke-on-Trent Integrated Care Board,DEMENTIA_REGISTER_65_PLUS,12100
31-Mar-26,ICB,QJG,E54000023,NHS Suffolk and North East Essex Integrated Care Board,COMORBIDITIES,7433
31-Mar-26,ICB,QJG,E54000023,NHS Suffolk and North East Essex Integrated Care Board,PALLIATIVE_CARE,2286
31-Mar-26,ICB,QJG,E54000023,NHS Suffolk and North East Essex Integrated Care Board,DEMENTIA_REGISTER_65_PLUS,10243
31-Mar-26,ICB,QXU,E54000063,NHS Surrey Heartlands ICB,PALLIATIVE_CARE,1093
31-Mar-26,ICB,QXU,E54000063,NHS Surrey Heartlands ICB,COMORBIDITIES,7432
31-Mar-26,ICB,QXU,E54000063,NHS Surrey Heartlands ICB,DEMENTIA_REGISTER_65_PLUS,10575
31-Mar-26,ICB,QNX,E54000064,NHS Sussex ICB,COMORBIDITIES,12522
31-Mar-26,ICB,QNX,E54000064,NHS Sussex ICB,PALLIATIVE_CARE,2454
31-Mar-26,ICB,QNX,E54000064,NHS Sussex ICB,DEMENTIA_REGISTER_65_PLUS,18160
31-Mar-26,ICB,QWO,E54000054,NHS West Yorkshire Integrated Care Board,PALLIATIVE_CARE,4881
31-Mar-26,ICB,QWO,E54000054,NHS West Yorkshire Integrated Care Board,COMORBIDITIES,15165
31-Mar-26,ICB,QWO,E54000054,NHS West Yorkshire Integrated Care Board,DEMENTIA_REGISTER_65_PLUS,20257
31-Mar-26,REGION,Y61,E40000013,East of England,PALLIATIVE_CARE,12358
31-Mar-26,REGION,Y61,E40000013,East of England,COMORBIDITIES,45264
31-Mar-26,REGION,Y61,E40000013,East of England,DEMENTIA_REGISTER_65_PLUS,61359
31-Mar-26,REGION,Y56,E40000003,London,COMORBIDITIES,41445
31-Mar-26,REGION,Y56,E40000003,London,PALLIATIVE_CARE,12053
31-Mar-26,REGION,Y56,E40000003,London,DEMENTIA_REGISTER_65_PLUS,53587
31-Mar-26,REGION,Y60,E40000011,Midlands,PALLIATIVE_CARE,23189
31-Mar-26,REGION,Y60,E40000011,Midlands,COMORBIDITIES,72317
31-Mar-26,REGION,Y60,E40000011,Midlands,DEMENTIA_REGISTER_65_PLUS,97315
31-Mar-26,REGION,Y63,E40000012,North East and Yorkshire,COMORBIDITIES,59591
31-Mar-26,REGION,Y63,E40000012,North East and Yorkshire,PALLIATIVE_CARE,15987
31-Mar-26,REGION,Y63,E40000012,North East and Yorkshire,DEMENTIA_REGISTER_65_PLUS,79466
31-Mar-26,REGION,Y62,E40000014,North West,PALLIATIVE_CARE,15822
31-Mar-26,REGION,Y62,E40000014,North West,COMORBIDITIES,47587
31-Mar-26,REGION,Y62,E40000014,North West,DEMENTIA_REGISTER_65_PLUS,64102
31-Mar-26,REGION,Y59,E40000005,South East,PALLIATIVE_CARE,11891
31-Mar-26,REGION,Y59,E40000005,South East,COMORBIDITIES,60335
31-Mar-26,REGION,Y59,E40000005,South East,DEMENTIA_REGISTER_65_PLUS,84761
31-Mar-26,REGION,Y58,E40000006,South West,PALLIATIVE_CARE,7265
31-Mar-26,REGION,Y58,E40000006,South West,COMORBIDITIES,41419
31-Mar-26,REGION,Y58,E40000006,South West,DEMENTIA_REGISTER_65_PLUS,57532
31-Mar-26,SUB_ICB,92G,E38000231,"NHS Bath and North East Somerset, Swindon and Wiltshire ICB - 92G",COMORBIDITIES,6505
31-Mar-26,SUB_ICB,92G,E38000231,"NHS Bath and North East Somerset, Swindon and Wiltshire ICB - 92G",PALLIATIVE_CARE,710
31-Mar-26,SUB_ICB,92G,E38000231,"NHS Bath and North East Somerset, Swindon and Wiltshire ICB - 92G",DEMENTIA_REGISTER_65_PLUS,8977
31-Mar-26,SUB_ICB,M1J4Y,E38000249,"NHS Bedfordshire, Luton and Milton Keynes ICB - M1J4Y",COMORBIDITIES,5870
31-Mar-26,SUB_ICB,M1J4Y,E38000249,"NHS Bedfordshire, Luton and Milton Keynes ICB - M1J4Y",PALLIATIVE_CARE,1115
31-Mar-26,SUB_ICB,M1J4Y,E38000249,"NHS Bedfordshire, Luton and Milton Keynes ICB - M1J4Y",DEMENTIA_REGISTER_65_PLUS,7671
31-Mar-26,SUB_ICB,15E,E38000258,NHS Birmingham and Solihull ICB - 15E,COMORBIDITIES,7215
31-Mar-26,SUB_ICB,15E,E38000258,NHS Birmingham and Solihull ICB - 15E,PALLIATIVE_CARE,2195
31-Mar-26,SUB_ICB,15E,E38000258,NHS Birmingham and Solihull ICB - 15E,DEMENTIA_REGISTER_65_PLUS,9520
31-Mar-26,SUB_ICB,D2P2L,E38000259,NHS Black Country ICB - D2P2L,PALLIATIVE_CARE,2995
31-Mar-26,SUB_ICB,D2P2L,E38000259,NHS Black Country ICB - D2P2L,COMORBIDITIES,7790
31-Mar-26,SUB_ICB,D2P2L,E38000259,NHS Black Country ICB - D2P2L,DEMENTIA_REGISTER_65_PLUS,10067
31-Mar-26,SUB_ICB,15C,E38000222,"NHS Bristol, North Somerset and South Gloucestershire ICB - 15C",COMORBIDITIES,6460
31-Mar-26,SUB_ICB,15C,E38000222,"NHS Bristol, North Somerset and South Gloucestershire ICB - 15C",PALLIATIVE_CARE,1020
31-Mar-26,SUB_ICB,15C,E38000222,"NHS Bristol, North Somerset and South Gloucestershire ICB - 15C",DEMENTIA_REGISTER_65_PLUS,8808
31-Mar-26,SUB_ICB,10Q,E38000136,"NHS Buckinghamshire, Oxfordshire and Berkshire West ICB - 10Q",COMORBIDITIES,4480
31-Mar-26,SUB_ICB,10Q,E38000136,"NHS Buckinghamshire, Oxfordshire and Berkshire West ICB - 10Q",PALLIATIVE_CARE,745
31-Mar-26,SUB_ICB,10Q,E38000136,"NHS Buckinghamshire, Oxfordshire and Berkshire West ICB - 10Q",DEMENTIA_REGISTER_65_PLUS,6493
31-Mar-26,SUB_ICB,14Y,E38000223,"NHS Buckinghamshire, Oxfordshire and Berkshire West ICB - 14Y",PALLIATIVE_CARE,655
31-Mar-26,SUB_ICB,14Y,E38000223,"NHS Buckinghamshire, Oxfordshire and Berkshire West ICB - 14Y",COMORBIDITIES,3285
31-Mar-26,SUB_ICB,14Y,E38000223,"NHS Buckinghamshire, Oxfordshire and Berkshire West ICB - 14Y",DEMENTIA_REGISTER_65_PLUS,4639
31-Mar-26,SUB_ICB,15A,E38000221,"NHS Buckinghamshire, Oxfordshire and Berkshire West ICB - 15A",COMORBIDITIES,2940
31-Mar-26,SUB_ICB,15A,E38000221,"NHS Buckinghamshire, Oxfordshire and Berkshire West ICB - 15A",PALLIATIVE_CARE,790
31-Mar-26,SUB_ICB,15A,E38000221,"NHS Buckinghamshire, Oxfordshire and Berkshire West ICB - 15A",DEMENTIA_REGISTER_65_PLUS,4101
31-Mar-26,SUB_ICB,06H,E38000260,NHS Cambridgeshire and Peterborough ICB - 06H,COMORBIDITIES,5335
31-Mar-26,SUB_ICB,06H,E38000260,NHS Cambridgeshire and Peterborough ICB - 06H,PALLIATIVE_CARE,1090
31-Mar-26,SUB_ICB,06H,E38000260,NHS Cambridgeshire and Peterborough ICB - 06H,DEMENTIA_REGISTER_65_PLUS,7172
31-Mar-26,SUB_ICB,01F,E38000068,NHS Cheshire and Merseyside ICB - 01F,PALLIATIVE_CARE,190
31-Mar-26,SUB_ICB,01F,E38000068,NHS Cheshire and Merseyside ICB - 01F,COMORBIDITIES,800
31-Mar-26,SUB_ICB,01F,E38000068,NHS Cheshire and Merseyside ICB - 01F,DEMENTIA_REGISTER_65_PLUS,1035
31-Mar-26,SUB_ICB,01J,E38000091,NHS Cheshire and Merseyside ICB - 01J,PALLIATIVE_CARE,390
31-Mar-26,SUB_ICB,01J,E38000091,NHS Cheshire and Merseyside ICB - 01J,COMORBIDITIES,900
31-Mar-26,SUB_ICB,01J,E38000091,NHS Cheshire and Merseyside ICB - 01J,DEMENTIA_REGISTER_65_PLUS,1151
31-Mar-26,SUB_ICB,01T,E38000161,NHS Cheshire and Merseyside ICB - 01T,COMORBIDITIES,925
31-Mar-26,SUB_ICB,01T,E38000161,NHS Cheshire and Merseyside ICB - 01T,PALLIATIVE_CARE,410
31-Mar-26,SUB_ICB,01T,E38000161,NHS Cheshire and Merseyside ICB - 01T,DEMENTIA_REGISTER_65_PLUS,1240
31-Mar-26,SUB_ICB,01V,E38000170,NHS Cheshire and Merseyside ICB - 01V,PALLIATIVE_CARE,510
31-Mar-26,SUB_ICB,01V,E38000170,NHS Cheshire and Merseyside ICB - 01V,COMORBIDITIES,1310
31-Mar-26,SUB_ICB,01V,E38000170,NHS Cheshire and Merseyside ICB - 01V,DEMENTIA_REGISTER_65_PLUS,1856
31-Mar-26,SUB_ICB,01X,E38000172,NHS Cheshire and Merseyside ICB - 01X,PALLIATIVE_CARE,445
31-Mar-26,SUB_ICB,01X,E38000172,NHS Cheshire and Merseyside ICB - 01X,COMORBIDITIES,1355
31-Mar-26,SUB_ICB,01X,E38000172,NHS Cheshire and Merseyside ICB - 01X,DEMENTIA_REGISTER_65_PLUS,1798
31-Mar-26,SUB_ICB,02E,E38000194,NHS Cheshire and Merseyside ICB - 02E,PALLIATIVE_CARE,955
31-Mar-26,SUB_ICB,02E,E38000194,NHS Cheshire and Merseyside ICB - 02E,COMORBIDITIES,1510
31-Mar-26,SUB_ICB,02E,E38000194,NHS Cheshire and Merseyside ICB - 02E,DEMENTIA_REGISTER_65_PLUS,2061
31-Mar-26,SUB_ICB,12F,E38000208,NHS Cheshire and Merseyside ICB - 12F,COMORBIDITIES,2465
31-Mar-26,SUB_ICB,12F,E38000208,NHS Cheshire and Merseyside ICB - 12F,PALLIATIVE_CARE,1055
31-Mar-26,SUB_ICB,12F,E38000208,NHS Cheshire and Merseyside ICB - 12F,DEMENTIA_REGISTER_65_PLUS,3335
31-Mar-26,SUB_ICB,27D,E38000233,NHS Cheshire and Merseyside ICB - 27D,COMORBIDITIES,6035
31-Mar-26,SUB_ICB,27D,E38000233,NHS Cheshire and Merseyside ICB - 27D,PALLIATIVE_CARE,1655
31-Mar-26,SUB_ICB,27D,E38000233,NHS Cheshire and Merseyside ICB - 27D,DEMENTIA_REGISTER_65_PLUS,8334
31-Mar-26,SUB_ICB,99A,E38000101,NHS Cheshire and Merseyside ICB - 99A,PALLIATIVE_CARE,660
31-Mar-26,SUB_ICB,99A,E38000101,NHS Cheshire and Merseyside ICB - 99A,COMORBIDITIES,2755
31-Mar-26,SUB_ICB,99A,E38000101,NHS Cheshire and Merseyside ICB - 99A,DEMENTIA_REGISTER_65_PLUS,3580
31-Mar-26,SUB_ICB,11N,E38000089,NHS Cornwall and the Isles of Scilly ICB - 11N,COMORBIDITIES,4495
31-Mar-26,SUB_ICB,11N,E38000089,NHS Cornwall and the Isles of Scilly ICB - 11N,PALLIATIVE_CARE,385
31-Mar-26,SUB_ICB,11N,E38000089,NHS Cornwall and the Isles of Scilly ICB - 11N,DEMENTIA_REGISTER_65_PLUS,6242
31-Mar-26,SUB_ICB,B2M3M,E38000251,NHS Coventry and Warwickshire ICB - B2M3M,COMORBIDITIES,5475
31-Mar-26,SUB_ICB,B2M3M,E38000251,NHS Coventry and Warwickshire ICB - B2M3M,PALLIATIVE_CARE,1100
31-Mar-26,SUB_ICB,B2M3M,E38000251,NHS Coventry and Warwickshire ICB - B2M3M,DEMENTIA_REGISTER_65_PLUS,7516
31-Mar-26,SUB_ICB,15M,E38000261,NHS Derby and Derbyshire ICB - 15M,COMORBIDITIES,7925
31-Mar-26,SUB_ICB,15M,E38000261,NHS Derby and Derbyshire ICB - 15M,PALLIATIVE_CARE,2600
31-Mar-26,SUB_ICB,15M,E38000261,NHS Derby and Derbyshire ICB - 15M,DEMENTIA_REGISTER_65_PLUS,10737
31-Mar-26,SUB_ICB,15N,E38000230,NHS Devon ICB - 15N,COMORBIDITIES,8840
31-Mar-26,SUB_ICB,15N,E38000230,NHS Devon ICB - 15N,PALLIATIVE_CARE,1290
31-Mar-26,SUB_ICB,15N,E38000230,NHS Devon ICB - 15N,DEMENTIA_REGISTER_65_PLUS,12345
31-Mar-26,SUB_ICB,11J,E38000045,NHS Dorset ICB - 11J,COMORBIDITIES,6095
31-Mar-26,SUB_ICB,11J,E38000045,NHS Dorset ICB - 11J,PALLIATIVE_CARE,2150
31-Mar-26,SUB_ICB,11J,E38000045,NHS Dorset ICB - 11J,DEMENTIA_REGISTER_65_PLUS,8629
31-Mar-26,SUB_ICB,D4U1Y,E38000252,NHS Frimley ICB - D4U1Y,COMORBIDITIES,4550
31-Mar-26,SUB_ICB,D4U1Y,E38000252,NHS Frimley ICB - D4U1Y,PALLIATIVE_CARE,935
31-Mar-26,SUB_ICB,D4U1Y,E38000252,NHS Frimley ICB - D4U1Y,DEMENTIA_REGISTER_65_PLUS,6218
31-Mar-26,SUB_ICB,11M,E38000062,NHS Gloucestershire ICB - 11M,PALLIATIVE_CARE,1175
31-Mar-26,SUB_ICB,11M,E38000062,NHS Gloucestershire ICB - 11M,COMORBIDITIES,4835
31-Mar-26,SUB_ICB,11M,E38000062,NHS Gloucestershire ICB - 11M,DEMENTIA_REGISTER_65_PLUS,6776
31-Mar-26,SUB_ICB,00T,E38000016,NHS Greater Manchester ICB - 00T,COMORBIDITIES,1780
31-Mar-26,SUB_ICB,00T,E38000016,NHS Greater Manchester ICB - 00T,PALLIATIVE_CARE,310
31-Mar-26,SUB_ICB,00T,E38000016,NHS Greater Manchester ICB - 00T,DEMENTIA_REGISTER_65_PLUS,2386
31-Mar-26,SUB_ICB,00V,E38000024,NHS Greater Manchester ICB - 00V,COMORBIDITIES,1340
31-Mar-26,SUB_ICB,00V,E38000024,NHS Greater Manchester ICB - 00V,PALLIATIVE_CARE,275
31-Mar-26,SUB_ICB,00V,E38000024,NHS Greater Manchester ICB - 00V,DEMENTIA_REGISTER_65_PLUS,1891
31-Mar-26,SUB_ICB,00Y,E38000135,NHS Greater Manchester ICB - 00Y,PALLIATIVE_CARE,280
31-Mar-26,SUB_ICB,00Y,E38000135,NHS Greater Manchester ICB - 00Y,COMORBIDITIES,1465
31-Mar-26,SUB_ICB,00Y,E38000135,NHS Greater Manchester ICB - 00Y,DEMENTIA_REGISTER_65_PLUS,1957
31-Mar-26,SUB_ICB,01D,E38000080,NHS Greater Manchester ICB - 01D,PALLIATIVE_CARE,525
31-Mar-26,SUB_ICB,01D,E38000080,NHS Greater Manchester ICB - 01D,COMORBIDITIES,1400
31-Mar-26,SUB_ICB,01D,E38000080,NHS Greater Manchester ICB - 01D,DEMENTIA_REGISTER_65_PLUS,1846
31-Mar-26,SUB_ICB,01G,E38000143,NHS Greater Manchester ICB - 01G,PALLIATIVE_CARE,355
31-Mar-26,SUB_ICB,01G,E38000143,NHS Greater Manchester ICB - 01G,COMORBIDITIES,1390
31-Mar-26,SUB_ICB,01G,E38000143,NHS Greater Manchester ICB - 01G,DEMENTIA_REGISTER_65_PLUS,1852
31-Mar-26,SUB_ICB,01W,E38000174,NHS Greater Manchester ICB - 01W,PALLIATIVE_CARE,665
31-Mar-26,SUB_ICB,01W,E38000174,NHS Greater Manchester ICB - 01W,COMORBIDITIES,2380
31-Mar-26,SUB_ICB,01W,E38000174,NHS Greater Manchester ICB - 01W,DEMENTIA_REGISTER_65_PLUS,3238
31-Mar-26,SUB_ICB,01Y,E38000263,NHS Greater Manchester ICB - 01Y,PALLIATIVE_CARE,670
31-Mar-26,SUB_ICB,01Y,E38000263,NHS Greater Manchester ICB - 01Y,COMORBIDITIES,1380
31-Mar-26,SUB_ICB,01Y,E38000263,NHS Greater Manchester ICB - 01Y,DEMENTIA_REGISTER_65_PLUS,1737
31-Mar-26,SUB_ICB,02A,E38000187,NHS Greater Manchester ICB - 02A,PALLIATIVE_CARE,260
31-Mar-26,SUB_ICB,02A,E38000187,NHS Greater Manchester ICB - 02A,COMORBIDITIES,1520
31-Mar-26,SUB_ICB,02A,E38000187,NHS Greater Manchester ICB - 02A,DEMENTIA_REGISTER_65_PLUS,2088
31-Mar-26,SUB_ICB,02H,E38000205,NHS Greater Manchester ICB - 02H,PALLIATIVE_CARE,1095
31-Mar-26,SUB_ICB,02H,E38000205,NHS Greater Manchester ICB - 02H,COMORBIDITIES,2320
31-Mar-26,SUB_ICB,02H,E38000205,NHS Greater Manchester ICB - 02H,DEMENTIA_REGISTER_65_PLUS,3020
31-Mar-26,SUB_ICB,14L,E38000217,NHS Greater Manchester ICB - 14L,COMORBIDITIES,2310
31-Mar-26,SUB_ICB,14L,E38000217,NHS Greater Manchester ICB - 14L,PALLIATIVE_CARE,500
31-Mar-26,SUB_ICB,14L,E38000217,NHS Greater Manchester ICB - 14L,DEMENTIA_REGISTER_65_PLUS,2968
31-Mar-26,SUB_ICB,10R,E38000137,NHS Hampshire and Isle of Wight ICB - 10R,COMORBIDITIES,1250
31-Mar-26,SUB_ICB,10R,E38000137,NHS Hampshire and Isle of Wight ICB - 10R,PALLIATIVE_CARE,365
31-Mar-26,SUB_ICB,10R,E38000137,NHS Hampshire and Isle of Wight ICB - 10R,DEMENTIA_REGISTER_65_PLUS,1606
31-Mar-26,SUB_ICB,D9Y0V,E38000253,NHS Hampshire and Isle of Wight ICB - D9Y0V,PALLIATIVE_CARE,1950
31-Mar-26,SUB_ICB,D9Y0V,E38000253,NHS Hampshire and Isle of Wight ICB - D9Y0V,COMORBIDITIES,11865
31-Mar-26,SUB_ICB,D9Y0V,E38000253,NHS Hampshire and Isle of Wight ICB - D9Y0V,DEMENTIA_REGISTER_65_PLUS,16474
31-Mar-26,SUB_ICB,18C,E38000236,NHS Herefordshire and Worcestershire ICB - 18C,COMORBIDITIES,5385
31-Mar-26,SUB_ICB,18C,E38000236,NHS Herefordshire and Worcestershire ICB - 18C,PALLIATIVE_CARE,2175
31-Mar-26,SUB_ICB,18C,E38000236,NHS Herefordshire and Worcestershire ICB - 18C,DEMENTIA_REGISTER_65_PLUS,7520
31-Mar-26,SUB_ICB,06K,E38000049,NHS Hertfordshire and West Essex ICB - 06K,COMORBIDITIES,3495
31-Mar-26,SUB_ICB,06K,E38000049,NHS Hertfordshire and West Essex ICB - 06K,PALLIATIVE_CARE,1805
31-Mar-26,SUB_ICB,06K,E38000049,NHS Hertfordshire and West Essex ICB - 06K,DEMENTIA_REGISTER_65_PLUS,4781
31-Mar-26,SUB_ICB,06N,E38000079,NHS Hertfordshire and West Essex ICB - 06N,COMORBIDITIES,3820
31-Mar-26,SUB_ICB,06N,E38000079,NHS Hertfordshire and West Essex ICB - 06N,PALLIATIVE_CARE,1135
31-Mar-26,SUB_ICB,06N,E38000079,NHS Hertfordshire and West Essex ICB - 06N,DEMENTIA_REGISTER_65_PLUS,5166
31-Mar-26,SUB_ICB,07H,E38000197,NHS Hertfordshire and West Essex ICB - 07H,COMORBIDITIES,2280
31-Mar-26,SUB_ICB,07H,E38000197,NHS Hertfordshire and West Essex ICB - 07H,PALLIATIVE_CARE,1060
31-Mar-26,SUB_ICB,07H,E38000197,NHS Hertfordshire and West Essex ICB - 07H,DEMENTIA_REGISTER_65_PLUS,3099
31-Mar-26,SUB_ICB,02Y,E38000052,NHS Humber and North Yorkshire ICB - 02Y,PALLIATIVE_CARE,425
31-Mar-26,SUB_ICB,02Y,E38000052,NHS Humber and North Yorkshire ICB - 02Y,COMORBIDITIES,2650
31-Mar-26,SUB_ICB,02Y,E38000052,NHS Humber and North Yorkshire ICB - 02Y,DEMENTIA_REGISTER_65_PLUS,3637
31-Mar-26,SUB_ICB,03F,E38000085,NHS Humber and North Yorkshire ICB - 03F,PALLIATIVE_CARE,215
31-Mar-26,SUB_ICB,03F,E38000085,NHS Humber and North Yorkshire ICB - 03F,COMORBIDITIES,1530
31-Mar-26,SUB_ICB,03F,E38000085,NHS Humber and North Yorkshire ICB - 03F,DEMENTIA_REGISTER_65_PLUS,1983
31-Mar-26,SUB_ICB,03H,E38000119,NHS Humber and North Yorkshire ICB - 03H,COMORBIDITIES,1315
31-Mar-26,SUB_ICB,03H,E38000119,NHS Humber and North Yorkshire ICB - 03H,PALLIATIVE_CARE,455
31-Mar-26,SUB_ICB,03H,E38000119,NHS Humber and North Yorkshire ICB - 03H,DEMENTIA_REGISTER_65_PLUS,1787
31-Mar-26,SUB_ICB,03K,E38000122,NHS Humber and North Yorkshire ICB - 03K,COMORBIDITIES,1300
31-Mar-26,SUB_ICB,03K,E38000122,NHS Humber and North Yorkshire ICB - 03K,PALLIATIVE_CARE,825
31-Mar-26,SUB_ICB,03K,E38000122,NHS Humber and North Yorkshire ICB - 03K,DEMENTIA_REGISTER_65_PLUS,1742
31-Mar-26,SUB_ICB,03Q,E38000188,NHS Humber and North Yorkshire ICB - 03Q,COMORBIDITIES,1440
31-Mar-26,SUB_ICB,03Q,E38000188,NHS Humber and North Yorkshire ICB - 03Q,PALLIATIVE_CARE,460
31-Mar-26,SUB_ICB,03Q,E38000188,NHS Humber and North Yorkshire ICB - 03Q,DEMENTIA_REGISTER_65_PLUS,1970
31-Mar-26,SUB_ICB,42D,E38000241,NHS Humber and North Yorkshire ICB - 42D,PALLIATIVE_CARE,1155
31-Mar-26,SUB_ICB,42D,E38000241,NHS Humber and North Yorkshire ICB - 42D,COMORBIDITIES,4225
31-Mar-26,SUB_ICB,42D,E38000241,NHS Humber and North Yorkshire ICB - 42D,DEMENTIA_REGISTER_65_PLUS,5899
31-Mar-26,SUB_ICB,91Q,E38000237,NHS Kent and Medway ICB - 91Q,PALLIATIVE_CARE,2910
31-Mar-26,SUB_ICB,91Q,E38000237,NHS Kent and Medway ICB - 91Q,COMORBIDITIES,12005
31-Mar-26,SUB_ICB,91Q,E38000237,NHS Kent and Medway ICB - 91Q,DEMENTIA_REGISTER_65_PLUS,16495
31-Mar-26,SUB_ICB,00Q,E38000014,NHS Lancashire and South Cumbria ICB - 00Q,PALLIATIVE_CARE,240
31-Mar-26,SUB_ICB,00Q,E38000014,NHS Lancashire and South Cumbria ICB - 00Q,COMORBIDITIES,820
31-Mar-26,SUB_ICB,00Q,E38000014,NHS Lancashire and South Cumbria ICB - 00Q,DEMENTIA_REGISTER_65_PLUS,1043
31-Mar-26,SUB_ICB,00R,E38000015,NHS Lancashire and South Cumbria ICB - 00R,COMORBIDITIES,1175
31-Mar-26,SUB_ICB,00R,E38000015,NHS Lancashire and South Cumbria ICB - 00R,PALLIATIVE_CARE,585
31-Mar-26,SUB_ICB,00R,E38000015,NHS Lancashire and South Cumbria ICB - 00R,DEMENTIA_REGISTER_65_PLUS,1579
31-Mar-26,SUB_ICB,00X,E38000034,NHS Lancashire and South Cumbria ICB - 00X,COMORBIDITIES,1360
31-Mar-26,SUB_ICB,00X,E38000034,NHS Lancashire and South Cumbria ICB - 00X,PALLIATIVE_CARE,460
31-Mar-26,SUB_ICB,00X,E38000034,NHS Lancashire and South Cumbria ICB - 00X,DEMENTIA_REGISTER_65_PLUS,1834
31-Mar-26,SUB_ICB,01A,E38000050,NHS Lancashire and South Cumbria ICB - 01A,PALLIATIVE_CARE,895
31-Mar-26,SUB_ICB,01A,E38000050,NHS Lancashire and South Cumbria ICB - 01A,COMORBIDITIES,2245
31-Mar-26,SUB_ICB,01A,E38000050,NHS Lancashire and South Cumbria ICB - 01A,DEMENTIA_REGISTER_65_PLUS,3053
31-Mar-26,SUB_ICB,01E,E38000227,NHS Lancashire and South Cumbria ICB - 01E,PALLIATIVE_CARE,510
31-Mar-26,SUB_ICB,01E,E38000227,NHS Lancashire and South Cumbria ICB - 01E,COMORBIDITIES,1300
31-Mar-26,SUB_ICB,01E,E38000227,NHS Lancashire and South Cumbria ICB - 01E,DEMENTIA_REGISTER_65_PLUS,1779
31-Mar-26,SUB_ICB,01K,E38000228,NHS Lancashire and South Cumbria ICB - 01K,PALLIATIVE_CARE,800
31-Mar-26,SUB_ICB,01K,E38000228,NHS Lancashire and South Cumbria ICB - 01K,COMORBIDITIES,2775
31-Mar-26,SUB_ICB,01K,E38000228,NHS Lancashire and South Cumbria ICB - 01K,DEMENTIA_REGISTER_65_PLUS,3850
31-Mar-26,SUB_ICB,02G,E38000200,NHS Lancashire and South Cumbria ICB - 02G,PALLIATIVE_CARE,140
31-Mar-26,SUB_ICB,02G,E38000200,NHS Lancashire and South Cumbria ICB - 02G,COMORBIDITIES,810
31-Mar-26,SUB_ICB,02G,E38000200,NHS Lancashire and South Cumbria ICB - 02G,DEMENTIA_REGISTER_65_PLUS,1175
31-Mar-26,SUB_ICB,02M,E38000226,NHS Lancashire and South Cumbria ICB - 02M,PALLIATIVE_CARE,975
31-Mar-26,SUB_ICB,02M,E38000226,NHS Lancashire and South Cumbria ICB - 02M,COMORBIDITIES,1765
31-Mar-26,SUB_ICB,02M,E38000226,NHS Lancashire and South Cumbria ICB - 02M,DEMENTIA_REGISTER_65_PLUS,2416
31-Mar-26,SUB_ICB,03W,E38000051,"NHS Leicester, Leicestershire and Rutland ICB - 03W",COMORBIDITIES,2335
31-Mar-26,SUB_ICB,03W,E38000051,"NHS Leicester, Leicestershire and Rutland ICB - 03W",PALLIATIVE_CARE,890
31-Mar-26,SUB_ICB,03W,E38000051,"NHS Leicester, Leicestershire and Rutland ICB - 03W",DEMENTIA_REGISTER_65_PLUS,3255
31-Mar-26,SUB_ICB,04C,E38000097,"NHS Leicester, Leicestershire and Rutland ICB - 04C",COMORBIDITIES,1905
31-Mar-26,SUB_ICB,04C,E38000097,"NHS Leicester, Leicestershire and Rutland ICB - 04C",PALLIATIVE_CARE,575
31-Mar-26,SUB_ICB,04C,E38000097,"NHS Leicester, Leicestershire and Rutland ICB - 04C",DEMENTIA_REGISTER_65_PLUS,2402
31-Mar-26,SUB_ICB,04V,E38000201,"NHS Leicester, Leicestershire and Rutland ICB - 04V",COMORBIDITIES,2420
31-Mar-26,SUB_ICB,04V,E38000201,"NHS Leicester, Leicestershire and Rutland ICB - 04V",PALLIATIVE_CARE,725
31-Mar-26,SUB_ICB,04V,E38000201,"NHS Leicester, Leicestershire and Rutland ICB - 04V",DEMENTIA_REGISTER_65_PLUS,3332
31-Mar-26,SUB_ICB,71E,E38000238,NHS Lincolnshire ICB - 71E,COMORBIDITIES,6730
31-Mar-26,SUB_ICB,71E,E38000238,NHS Lincolnshire ICB - 71E,PALLIATIVE_CARE,2025
31-Mar-26,SUB_ICB,71E,E38000238,NHS Lincolnshire ICB - 71E,DEMENTIA_REGISTER_65_PLUS,9048
31-Mar-26,SUB_ICB,06Q,E38000106,NHS Mid and South Essex ICB - 06Q,COMORBIDITIES,2730
31-Mar-26,SUB_ICB,06Q,E38000106,NHS Mid and South Essex ICB - 06Q,PALLIATIVE_CARE,530
31-Mar-26,SUB_ICB,06Q,E38000106,NHS Mid and South Essex ICB - 06Q,DEMENTIA_REGISTER_65_PLUS,3803
31-Mar-26,SUB_ICB,07G,E38000185,NHS Mid and South Essex ICB - 07G,COMORBIDITIES,830
31-Mar-26,SUB_ICB,07G,E38000185,NHS Mid and South Essex ICB - 07G,PALLIATIVE_CARE,350
31-Mar-26,SUB_ICB,07G,E38000185,NHS Mid and South Essex ICB - 07G,DEMENTIA_REGISTER_65_PLUS,1049
31-Mar-26,SUB_ICB,99E,E38000007,NHS Mid and South Essex ICB - 99E,COMORBIDITIES,1595
31-Mar-26,SUB_ICB,99E,E38000007,NHS Mid and South Essex ICB - 99E,PALLIATIVE_CARE,555
31-Mar-26,SUB_ICB,99E,E38000007,NHS Mid and South Essex ICB - 99E,DEMENTIA_REGISTER_65_PLUS,2143
31-Mar-26,SUB_ICB,99F,E38000030,NHS Mid and South Essex ICB - 99F,COMORBIDITIES,1645
31-Mar-26,SUB_ICB,99F,E38000030,NHS Mid and South Essex ICB - 99F,PALLIATIVE_CARE,540
31-Mar-26,SUB_ICB,99F,E38000030,NHS Mid and South Essex ICB - 99F,DEMENTIA_REGISTER_65_PLUS,2232
31-Mar-26,SUB_ICB,99G,E38000168,NHS Mid and South Essex ICB - 99G,COMORBIDITIES,1530
31-Mar-26,SUB_ICB,99G,E38000168,NHS Mid and South Essex ICB - 99G,PALLIATIVE_CARE,700
31-Mar-26,SUB_ICB,99G,E38000168,NHS Mid and South Essex ICB - 99G,DEMENTIA_REGISTER_65_PLUS,2114
31-Mar-26,SUB_ICB,26A,E38000239,NHS Norfolk and Waveney ICB - 26A,COMORBIDITIES,8700
31-Mar-26,SUB_ICB,26A,E38000239,NHS Norfolk and Waveney ICB - 26A,PALLIATIVE_CARE,1190
31-Mar-26,SUB_ICB,26A,E38000239,NHS Norfolk and Waveney ICB - 26A,DEMENTIA_REGISTER_65_PLUS,11886
31-Mar-26,SUB_ICB,93C,E38000240,NHS North Central London ICB - 93C,COMORBIDITIES,7090
31-Mar-26,SUB_ICB,93C,E38000240,NHS North Central London ICB - 93C,PALLIATIVE_CARE,1455
31-Mar-26,SUB_ICB,93C,E38000240,NHS North Central London ICB - 93C,DEMENTIA_REGISTER_65_PLUS,9179
31-Mar-26,SUB_ICB,A3A8R,E38000255,NHS North East London ICB - A3A8R,COMORBIDITIES,7050
31-Mar-26,SUB_ICB,A3A8R,E38000255,NHS North East London ICB - A3A8R,PALLIATIVE_CARE,2465
31-Mar-26,SUB_ICB,A3A8R,E38000255,NHS North East London ICB - A3A8R,DEMENTIA_REGISTER_65_PLUS,8836
31-Mar-26,SUB_ICB,00L,E38000130,NHS North East and North Cumbria ICB - 00L,COMORBIDITIES,2655
31-Mar-26,SUB_ICB,00L,E38000130,NHS North East and North Cumbria ICB - 00L,PALLIATIVE_CARE,525
31-Mar-26,SUB_ICB,00L,E38000130,NHS North East and North Cumbria ICB - 00L,DEMENTIA_REGISTER_65_PLUS,3623
31-Mar-26,SUB_ICB,00N,E38000163,NHS North East and North Cumbria ICB - 00N,COMORBIDITIES,1115
31-Mar-26,SUB_ICB,00N,E38000163,NHS North East and North Cumbria ICB - 00N,PALLIATIVE_CARE,370
31-Mar-26,SUB_ICB,00N,E38000163,NHS North East and North Cumbria ICB - 00N,DEMENTIA_REGISTER_65_PLUS,1499
31-Mar-26,SUB_ICB,00P,E38000176,NHS North East and North Cumbria ICB - 00P,COMORBIDITIES,1905
31-Mar-26,SUB_ICB,00P,E38000176,NHS North East and North Cumbria ICB - 00P,PALLIATIVE_CARE,315
31-Mar-26,SUB_ICB,00P,E38000176,NHS North East and North Cumbria ICB - 00P,DEMENTIA_REGISTER_65_PLUS,2535
31-Mar-26,SUB_ICB,01H,E38000215,NHS North East and North Cumbria ICB - 01H,PALLIATIVE_CARE,415
31-Mar-26,SUB_ICB,01H,E38000215,NHS North East and North Cumbria ICB - 01H,COMORBIDITIES,2310
31-Mar-26,SUB_ICB,01H,E38000215,NHS North East and North Cumbria ICB - 01H,DEMENTIA_REGISTER_65_PLUS,3097
31-Mar-26,SUB_ICB,13T,E38000212,NHS North East and North Cumbria ICB - 13T,COMORBIDITIES,3125
31-Mar-26,SUB_ICB,13T,E38000212,NHS North East and North Cumbria ICB - 13T,PALLIATIVE_CARE,635
31-Mar-26,SUB_ICB,13T,E38000212,NHS North East and North Cumbria ICB - 13T,DEMENTIA_REGISTER_65_PLUS,4122
31-Mar-26,SUB_ICB,16C,E38000247,NHS North East and North Cumbria ICB - 16C,PALLIATIVE_CARE,1070
31-Mar-26,SUB_ICB,16C,E38000247,NHS North East and North Cumbria ICB - 16C,COMORBIDITIES,5070
31-Mar-26,SUB_ICB,16C,E38000247,NHS North East and North Cumbria ICB - 16C,DEMENTIA_REGISTER_65_PLUS,6654
31-Mar-26,SUB_ICB,84H,E38000234,NHS North East and North Cumbria ICB - 84H,COMORBIDITIES,4280
31-Mar-26,SUB_ICB,84H,E38000234,NHS North East and North Cumbria ICB - 84H,PALLIATIVE_CARE,1200
31-Mar-26,SUB_ICB,84H,E38000234,NHS North East and North Cumbria ICB - 84H,DEMENTIA_REGISTER_65_PLUS,5477
31-Mar-26,SUB_ICB,99C,E38000127,NHS North East and North Cumbria ICB - 99C,COMORBIDITIES,1695
31-Mar-26,SUB_ICB,99C,E38000127,NHS North East and North Cumbria ICB - 99C,PALLIATIVE_CARE,495
31-Mar-26,SUB_ICB,99C,E38000127,NHS North East and North Cumbria ICB - 99C,DEMENTIA_REGISTER_65_PLUS,2217
31-Mar-26,SUB_ICB,W2U3Z,E38000256,NHS North West London ICB - W2U3Z,PALLIATIVE_CARE,3445
31-Mar-26,SUB_ICB,W2U3Z,E38000256,NHS North West London ICB - W2U3Z,COMORBIDITIES,10575
31-Mar-26,SUB_ICB,W2U3Z,E38000256,NHS North West London ICB - W2U3Z,DEMENTIA_REGISTER_65_PLUS,13242
31-Mar-26,SUB_ICB,78H,E38000262,NHS Northamptonshire ICB - 78H,COMORBIDITIES,4775
31-Mar-26,SUB_ICB,78H,E38000262,NHS Northamptonshire ICB - 78H,PALLIATIVE_CARE,560
31-Mar-26,SUB_ICB,78H,E38000262,NHS Northamptonshire ICB - 78H,DEMENTIA_REGISTER_65_PLUS,6290
31-Mar-26,SUB_ICB,02Q,E38000008,NHS Nottingham and Nottinghamshire ICB - 02Q,PALLIATIVE_CARE,405
31-Mar-26,SUB_ICB,02Q,E38000008,NHS Nottingham and Nottinghamshire ICB - 02Q,COMORBIDITIES,1000
31-Mar-26,SUB_ICB,02Q,E38000008,NHS Nottingham and Nottinghamshire ICB - 02Q,DEMENTIA_REGISTER_65_PLUS,1396
31-Mar-26,SUB_ICB,52R,E38000243,NHS Nottingham and Nottinghamshire ICB - 52R,COMORBIDITIES,6675
31-Mar-26,SUB_ICB,52R,E38000243,NHS Nottingham and Nottinghamshire ICB - 52R,PALLIATIVE_CARE,3270
31-Mar-26,SUB_ICB,52R,E38000243,NHS Nottingham and Nottinghamshire ICB - 52R,DEMENTIA_REGISTER_65_PLUS,9178
31-Mar-26,SUB_ICB,M2L0M,E38000257,"NHS Shropshire, Telford and Wrekin ICB - M2L0M",COMORBIDITIES,3580
31-Mar-26,SUB_ICB,M2L0M,E38000257,"NHS Shropshire, Telford and Wrekin ICB - M2L0M",PALLIATIVE_CARE,495
31-Mar-26,SUB_ICB,M2L0M,E38000257,"NHS Shropshire, Telford and Wrekin ICB - M2L0M",DEMENTIA_REGISTER_65_PLUS,4954
31-Mar-26,SUB_ICB,11X,E38000150,NHS Somerset ICB - 11X,COMORBIDITIES,4185
31-Mar-26,SUB_ICB,11X,E38000150,NHS Somerset ICB - 11X,PALLIATIVE_CARE,530
31-Mar-26,SUB_ICB,11X,E38000150,NHS Somerset ICB - 11X,DEMENTIA_REGISTER_65_PLUS,5755
31-Mar-26,SUB_ICB,72Q,E38000244,NHS South East London ICB - 72Q,COMORBIDITIES,8590
31-Mar-26,SUB_ICB,72Q,E38000244,NHS South East London ICB - 72Q,PALLIATIVE_CARE,2385
31-Mar-26,SUB_ICB,72Q,E38000244,NHS South East London ICB - 72Q,DEMENTIA_REGISTER_65_PLUS,11235
31-Mar-26,SUB_ICB,36L,E38000245,NHS South West London ICB - 36L,COMORBIDITIES,8140
31-Mar-26,SUB_ICB,36L,E38000245,NHS South West London ICB - 36L,PALLIATIVE_CARE,2300
31-Mar-26,SUB_ICB,36L,E38000245,NHS South West London ICB - 36L,DEMENTIA_REGISTER_65_PLUS,11095
31-Mar-26,SUB_ICB,02P,E38000006,NHS South Yorkshire ICB - 02P,COMORBIDITIES,1770
31-Mar-26,SUB_ICB,02P,E38000006,NHS South Yorkshire ICB - 02P,PALLIATIVE_CARE,500
31-Mar-26,SUB_ICB,02P,E38000006,NHS South Yorkshire ICB - 02P,DEMENTIA_REGISTER_65_PLUS,2392
31-Mar-26,SUB_ICB,02X,E38000044,NHS South Yorkshire ICB - 02X,PALLIATIVE_CARE,340
31-Mar-26,SUB_ICB,02X,E38000044,NHS South Yorkshire ICB - 02X,COMORBIDITIES,2015
31-Mar-26,SUB_ICB,02X,E38000044,NHS South Yorkshire ICB - 02X,DEMENTIA_REGISTER_65_PLUS,2665
31-Mar-26,SUB_ICB,03L,E38000141,NHS South Yorkshire ICB - 03L,COMORBIDITIES,2295
31-Mar-26,SUB_ICB,03L,E38000141,NHS South Yorkshire ICB - 03L,PALLIATIVE_CARE,280
31-Mar-26,SUB_ICB,03L,E38000141,NHS South Yorkshire ICB - 03L,DEMENTIA_REGISTER_65_PLUS,2996
31-Mar-26,SUB_ICB,03N,E38000146,NHS South Yorkshire ICB - 03N,COMORBIDITIES,3745
31-Mar-26,SUB_ICB,03N,E38000146,NHS South Yorkshire ICB - 03N,PALLIATIVE_CARE,1430
31-Mar-26,SUB_ICB,03N,E38000146,NHS South Yorkshire ICB - 03N,DEMENTIA_REGISTER_65_PLUS,4914
31-Mar-26,SUB_ICB,04Y,E38000028,NHS Staffordshire and Stoke-on-Trent ICB - 04Y,COMORBIDITIES,1050
31-Mar-26,SUB_ICB,04Y,E38000028,NHS Staffordshire and Stoke-on-Trent ICB - 04Y,PALLIATIVE_CARE,385
31-Mar-26,SUB_ICB,04Y,E38000028,NHS Staffordshire and Stoke-on-Trent ICB - 04Y,DEMENTIA_REGISTER_65_PLUS,1405
31-Mar-26,SUB_ICB,05D,E38000053,NHS Staffordshire and Stoke-on-Trent ICB - 05D,COMORBIDITIES,855
31-Mar-26,SUB_ICB,05D,E38000053,NHS Staffordshire and Stoke-on-Trent ICB - 05D,PALLIATIVE_CARE,460
31-Mar-26,SUB_ICB,05D,E38000053,NHS Staffordshire and Stoke-on-Trent ICB - 05D,DEMENTIA_REGISTER_65_PLUS,1182
31-Mar-26,SUB_ICB,05G,E38000126,NHS Staffordshire and Stoke-on-Trent ICB - 05G,COMORBIDITIES,2115
31-Mar-26,SUB_ICB,05G,E38000126,NHS Staffordshire and Stoke-on-Trent ICB - 05G,PALLIATIVE_CARE,555
31-Mar-26,SUB_ICB,05G,E38000126,NHS Staffordshire and Stoke-on-Trent ICB - 05G,DEMENTIA_REGISTER_65_PLUS,2770
31-Mar-26,SUB_ICB,05Q,E38000153,NHS Staffordshire and Stoke-on-Trent ICB - 05Q,COMORBIDITIES,1570
31-Mar-26,SUB_ICB,05Q,E38000153,NHS Staffordshire and Stoke-on-Trent ICB - 05Q,PALLIATIVE_CARE,580
31-Mar-26,SUB_ICB,05Q,E38000153,NHS Staffordshire and Stoke-on-Trent ICB - 05Q,DEMENTIA_REGISTER_65_PLUS,2180
31-Mar-26,SUB_ICB,05V,E38000173,NHS Staffordshire and Stoke-on-Trent ICB - 05V,COMORBIDITIES,1085
31-Mar-26,SUB_ICB,05V,E38000173,NHS Staffordshire and Stoke-on-Trent ICB - 05V,PALLIATIVE_CARE,415
31-Mar-26,SUB_ICB,05V,E38000173,NHS Staffordshire and Stoke-on-Trent ICB - 05V,DEMENTIA_REGISTER_65_PLUS,1503
31-Mar-26,SUB_ICB,05W,E38000175,NHS Staffordshire and Stoke-on-Trent ICB - 05W,COMORBIDITIES,2440
31-Mar-26,SUB_ICB,05W,E38000175,NHS Staffordshire and Stoke-on-Trent ICB - 05W,PALLIATIVE_CARE,775
31-Mar-26,SUB_ICB,05W,E38000175,NHS Staffordshire and Stoke-on-Trent ICB - 05W,DEMENTIA_REGISTER_65_PLUS,3060
31-Mar-26,SUB_ICB,06L,E38000086,NHS Suffolk and North East Essex ICB - 06L,COMORBIDITIES,2920
31-Mar-26,SUB_ICB,06L,E38000086,NHS Suffolk and North East Essex ICB - 06L,PALLIATIVE_CARE,530
31-Mar-26,SUB_ICB,06L,E38000086,NHS Suffolk and North East Essex ICB - 06L,DEMENTIA_REGISTER_65_PLUS,4015
31-Mar-26,SUB_ICB,06T,E38000117,NHS Suffolk and North East Essex ICB - 06T,COMORBIDITIES,2800
31-Mar-26,SUB_ICB,06T,E38000117,NHS Suffolk and North East Essex ICB - 06T,PALLIATIVE_CARE,1450
31-Mar-26,SUB_ICB,06T,E38000117,NHS Suffolk and North East Essex ICB - 06T,DEMENTIA_REGISTER_65_PLUS,3843
31-Mar-26,SUB_ICB,07K,E38000204,NHS Suffolk and North East Essex ICB - 07K,PALLIATIVE_CARE,305
31-Mar-26,SUB_ICB,07K,E38000204,NHS Suffolk and North East Essex ICB - 07K,COMORBIDITIES,1710
31-Mar-26,SUB_ICB,07K,E38000204,NHS Suffolk and North East Essex ICB - 07K,DEMENTIA_REGISTER_65_PLUS,2385
31-Mar-26,SUB_ICB,92A,E38000264,NHS Surrey Heartlands ICB - 92A,COMORBIDITIES,7430
31-Mar-26,SUB_ICB,92A,E38000264,NHS Surrey Heartlands ICB - 92A,PALLIATIVE_CARE,1095
31-Mar-26,SUB_ICB,92A,E38000264,NHS Surrey Heartlands ICB - 92A,DEMENTIA_REGISTER_65_PLUS,10575
31-Mar-26,SUB_ICB,09D,E38000021,NHS Sussex ICB - 09D,COMORBIDITIES,1335
31-Mar-26,SUB_ICB,09D,E38000021,NHS Sussex ICB - 09D,PALLIATIVE_CARE,220
31-Mar-26,SUB_ICB,09D,E38000021,NHS Sussex ICB - 09D,DEMENTIA_REGISTER_65_PLUS,1957
31-Mar-26,SUB_ICB,70F,E38000265,NHS Sussex ICB - 70F,COMORBIDITIES,6820
31-Mar-26,SUB_ICB,70F,E38000265,NHS Sussex ICB - 70F,PALLIATIVE_CARE,1410
31-Mar-26,SUB_ICB,70F,E38000265,NHS Sussex ICB - 70F,DEMENTIA_REGISTER_65_PLUS,9842
31-Mar-26,SUB_ICB,97R,E38000235,NHS Sussex ICB - 97R,COMORBIDITIES,4365
31-Mar-26,SUB_ICB,97R,E38000235,NHS Sussex ICB - 97R,PALLIATIVE_CARE,825
31-Mar-26,SUB_ICB,97R,E38000235,NHS Sussex ICB - 97R,DEMENTIA_REGISTER_65_PLUS,6361
31-Mar-26,SUB_ICB,02T,E38000025,NHS West Yorkshire ICB - 02T,PALLIATIVE_CARE,425
31-Mar-26,SUB_ICB,02T,E38000025,NHS West Yorkshire ICB - 02T,COMORBIDITIES,1355
31-Mar-26,SUB_ICB,02T,E38000025,NHS West Yorkshire ICB - 02T,DEMENTIA_REGISTER_65_PLUS,1837
31-Mar-26,SUB_ICB,03R,E38000190,NHS West Yorkshire ICB - 03R,COMORBIDITIES,2320
31-Mar-26,SUB_ICB,03R,E38000190,NHS West Yorkshire ICB - 03R,PALLIATIVE_CARE,675
31-Mar-26,SUB_ICB,03R,E38000190,NHS West Yorkshire ICB - 03R,DEMENTIA_REGISTER_65_PLUS,3072
31-Mar-26,SUB_ICB,15F,E38000225,NHS West Yorkshire ICB - 15F,COMORBIDITIES,5200
31-Mar-26,SUB_ICB,15F,E38000225,NHS West Yorkshire ICB - 15F,PALLIATIVE_CARE,1230
31-Mar-26,SUB_ICB,15F,E38000225,NHS West Yorkshire ICB - 15F,DEMENTIA_REGISTER_65_PLUS,6875
31-Mar-26,SUB_ICB,36J,E38000232,NHS West Yorkshire ICB - 36J,COMORBIDITIES,3770
31-Mar-26,SUB_ICB,36J,E38000232,NHS West Yorkshire ICB - 36J,PALLIATIVE_CARE,1635
31-Mar-26,SUB_ICB,36J,E38000232,NHS West Yorkshire ICB - 36J,DEMENTIA_REGISTER_65_PLUS,5051
31-Mar-26,SUB_ICB,X2C4Y,E38000254,NHS West Yorkshire ICB - X2C4Y,COMORBIDITIES,2520
31-Mar-26,SUB_ICB,X2C4Y,E38000254,NHS West Yorkshire ICB - X2C4Y,PALLIATIVE_CARE,915
31-Mar-26,SUB_ICB,X2C4Y,E38000254,NHS West Yorkshire ICB - X2C4Y,DEMENTIA_REGISTER_65_PLUS,3422
28-Feb-26,COUNTRY,ENG,E92000001,ENGLAND,COMORBIDITIES,365603
28-Feb-26,COUNTRY,ENG,E92000001,ENGLAND,PALLIATIVE_CARE,97840
28-Feb-26,COUNTRY,ENG,E92000001,ENGLAND,DEMENTIA_REGISTER_65_PLUS,495413
28-Feb-26,ICB,QOX,E54000040,"NHS Bath and North East Somerset, Swindon and Wiltshire Integrated Care Board",COMORBIDITIES,6470
28-Feb-26,ICB,QOX,E54000040,"NHS Bath and North East Somerset, Swindon and Wiltshire Integrated Care Board",PALLIATIVE_CARE,734
28-Feb-26,ICB,QOX,E54000040,"NHS Bath and North East Somerset, Swindon and Wiltshire Integrated Care Board",DEMENTIA_REGISTER_65_PLUS,8902
28-Feb-26,ICB,QHG,E54000024,"NHS Bedfordshire, Luton and Milton Keynes Integrated Care Board",COMORBIDITIES,5831
28-Feb-26,ICB,QHG,E54000024,"NHS Bedfordshire, Luton and Milton Keynes Integrated Care Board",PALLIATIVE_CARE,1116
28-Feb-26,ICB,QHG,E54000024,"NHS Bedfordshire, Luton and Milton Keynes Integrated Care Board",DEMENTIA_REGISTER_65_PLUS,7624
28-Feb-26,ICB,QHL,E54000055,NHS Birmingham and Solihull Integrated Care Board,COMORBIDITIES,7143
28-Feb-26,ICB,QHL,E54000055,NHS Birmingham and Solihull Integrated Care Board,PALLIATIVE_CARE,2177
28-Feb-26,ICB,QHL,E54000055,NHS Birmingham and Solihull Integrated Care Board,DEMENTIA_REGISTER_65_PLUS,9468
28-Feb-26,ICB,QUA,E54000062,NHS Black Country Integrated Care Board,PALLIATIVE_CARE,2997
28-Feb-26,ICB,QUA,E54000062,NHS Black Country Integrated Care Board,COMORBIDITIES,7725
28-Feb-26,ICB,QUA,E54000062,NHS Black Country Integrated Care Board,DEMENTIA_REGISTER_65_PLUS,9998
28-Feb-26,ICB,QUY,E54000039,"NHS Bristol, North Somerset and South Gloucestershire Integrated Care Board",PALLIATIVE_CARE,1035
28-Feb-26,ICB,QUY,E54000039,"NHS Bristol, North Somerset and South Gloucestershire Integrated Care Board",COMORBIDITIES,6436
28-Feb-26,ICB,QUY,E54000039,"NHS Bristol, North Somerset and South Gloucestershire Integrated Care Board",DEMENTIA_REGISTER_65_PLUS,8799
28-Feb-26,ICB,QU9,E54000044,"NHS Buckinghamshire, Oxfordshire and Berkshire West Integrated Care Board",COMORBIDITIES,10635
28-Feb-26,ICB,QU9,E54000044,"NHS Buckinghamshire, Oxfordshire and Berkshire West Integrated Care Board",PALLIATIVE_CARE,2182
28-Feb-26,ICB,QU9,E54000044,"NHS Buckinghamshire, Oxfordshire and Berkshire West Integrated Care Board",DEMENTIA_REGISTER_65_PLUS,15134
28-Feb-26,ICB,QUE,E54000056,NHS Cambridgeshire and Peterborough Integrated Care Board,PALLIATIVE_CARE,1078
28-Feb-26,ICB,QUE,E54000056,NHS Cambridgeshire and Peterborough Integrated Care Board,COMORBIDITIES,5304
28-Feb-26,ICB,QUE,E54000056,NHS Cambridgeshire and Peterborough Integrated Care Board,DEMENTIA_REGISTER_65_PLUS,7129
28-Feb-26,ICB,QYG,E54000008,NHS Cheshire and Merseyside Integrated Care Board,PALLIATIVE_CARE,6216
28-Feb-26,ICB,QYG,E54000008,NHS Cheshire and Merseyside Integrated Care Board,COMORBIDITIES,17913
28-Feb-26,ICB,QYG,E54000008,NHS Cheshire and Merseyside Integrated Care Board,DEMENTIA_REGISTER_65_PLUS,24253
28-Feb-26,ICB,QT6,E54000036,NHS Cornwall and the Isles of Scilly Integrated Care Board,PALLIATIVE_CARE,385
28-Feb-26,ICB,QT6,E54000036,NHS Cornwall and the Isles of Scilly Integrated Care Board,COMORBIDITIES,4468
28-Feb-26,ICB,QT6,E54000036,NHS Cornwall and the Isles of Scilly Integrated Care Board,DEMENTIA_REGISTER_65_PLUS,6233
28-Feb-26,ICB,QWU,E54000018,NHS Coventry and Warwickshire Integrated Care Board,COMORBIDITIES,5457
28-Feb-26,ICB,QWU,E54000018,NHS Coventry and Warwickshire Integrated Care Board,PALLIATIVE_CARE,1116
28-Feb-26,ICB,QWU,E54000018,NHS Coventry and Warwickshire Integrated Care Board,DEMENTIA_REGISTER_65_PLUS,7515
28-Feb-26,ICB,QJ2,E54000058,NHS Derby and Derbyshire Integrated Care Board,COMORBIDITIES,7798
28-Feb-26,ICB,QJ2,E54000058,NHS Derby and Derbyshire Integrated Care Board,PALLIATIVE_CARE,2488
28-Feb-26,ICB,QJ2,E54000058,NHS Derby and Derbyshire Integrated Care Board,DEMENTIA_REGISTER_65_PLUS,10552
28-Feb-26,ICB,QJK,E54000037,NHS Devon Integrated Care Board,PALLIATIVE_CARE,1289
28-Feb-26,ICB,QJK,E54000037,NHS Devon Integrated Care Board,COMORBIDITIES,8828
28-Feb-26,ICB,QJK,E54000037,NHS Devon Integrated Care Board,DEMENTIA_REGISTER_65_PLUS,12314
28-Feb-26,ICB,QVV,E54000041,NHS Dorset Integrated Care Board,PALLIATIVE_CARE,2158
28-Feb-26,ICB,QVV,E54000041,NHS Dorset Integrated Care Board,COMORBIDITIES,6071
28-Feb-26,ICB,QVV,E54000041,NHS Dorset Integrated Care Board,DEMENTIA_REGISTER_65_PLUS,8609
28-Feb-26,ICB,QNQ,E54000034,NHS Frimley Integrated Care Board,COMORBIDITIES,4545
28-Feb-26,ICB,QNQ,E54000034,NHS Frimley Integrated Care Board,PALLIATIVE_CARE,907
28-Feb-26,ICB,QNQ,E54000034,NHS Frimley Integrated Care Board,DEMENTIA_REGISTER_65_PLUS,6194
28-Feb-26,ICB,QR1,E54000043,NHS Gloucestershire Integrated Care Board,COMORBIDITIES,4830
28-Feb-26,ICB,QR1,E54000043,NHS Gloucestershire Integrated Care Board,PALLIATIVE_CARE,1191
28-Feb-26,ICB,QR1,E54000043,NHS Gloucestershire Integrated Care Board,DEMENTIA_REGISTER_65_PLUS,6769
28-Feb-26,ICB,QOP,E54000057,NHS Greater Manchester Integrated Care Board,PALLIATIVE_CARE,4941
28-Feb-26,ICB,QOP,E54000057,NHS Greater Manchester Integrated Care Board,COMORBIDITIES,17264
28-Feb-26,ICB,QOP,E54000057,NHS Greater Manchester Integrated Care Board,DEMENTIA_REGISTER_65_PLUS,23016
28-Feb-26,ICB,QRL,E54000042,NHS Hampshire and Isle of Wight Integrated Care Board,PALLIATIVE_CARE,2322
28-Feb-26,ICB,QRL,E54000042,NHS Hampshire and Isle of Wight Integrated Care Board,COMORBIDITIES,12970
28-Feb-26,ICB,QRL,E54000042,NHS Hampshire and Isle of Wight Integrated Care Board,DEMENTIA_REGISTER_65_PLUS,17925
28-Feb-26,ICB,QGH,E54000019,NHS Herefordshire and Worcestershire Integrated Care Board,COMORBIDITIES,5352
28-Feb-26,ICB,QGH,E54000019,NHS Herefordshire and Worcestershire Integrated Care Board,PALLIATIVE_CARE,2143
28-Feb-26,ICB,QGH,E54000019,NHS Herefordshire and Worcestershire Integrated Care Board,DEMENTIA_REGISTER_65_PLUS,7473
28-Feb-26,ICB,QM7,E54000025,NHS Hertfordshire and West Essex Integrated Care Board,PALLIATIVE_CARE,3954
28-Feb-26,ICB,QM7,E54000025,NHS Hertfordshire and West Essex Integrated Care Board,COMORBIDITIES,9541
28-Feb-26,ICB,QM7,E54000025,NHS Hertfordshire and West Essex Integrated Care Board,DEMENTIA_REGISTER_65_PLUS,13010
28-Feb-26,ICB,QOQ,E54000051,NHS Humber and North Yorkshire Integrated Care Board,COMORBIDITIES,12280
28-Feb-26,ICB,QOQ,E54000051,NHS Humber and North Yorkshire Integrated Care Board,PALLIATIVE_CARE,3545
28-Feb-26,ICB,QOQ,E54000051,NHS Humber and North Yorkshire Integrated Care Board,DEMENTIA_REGISTER_65_PLUS,16777
28-Feb-26,ICB,QKS,E54000032,NHS Kent and Medway Integrated Care Board,PALLIATIVE_CARE,2867
28-Feb-26,ICB,QKS,E54000032,NHS Kent and Medway Integrated Care Board,COMORBIDITIES,11902
28-Feb-26,ICB,QKS,E54000032,NHS Kent and Medway Integrated Care Board,DEMENTIA_REGISTER_65_PLUS,16394
28-Feb-26,ICB,QE1,E54000048,NHS Lancashire and South Cumbria Integrated Care Board,COMORBIDITIES,12171
28-Feb-26,ICB,QE1,E54000048,NHS Lancashire and South Cumbria Integrated Care Board,PALLIATIVE_CARE,4514
28-Feb-26,ICB,QE1,E54000048,NHS Lancashire and South Cumbria Integrated Care Board,DEMENTIA_REGISTER_65_PLUS,16600
28-Feb-26,ICB,QK1,E54000015,"NHS Leicester, Leicestershire and Rutland Integrated Care Board",PALLIATIVE_CARE,2236
28-Feb-26,ICB,QK1,E54000015,"NHS Leicester, Leicestershire and Rutland Integrated Care Board",COMORBIDITIES,6641
28-Feb-26,ICB,QK1,E54000015,"NHS Leicester, Leicestershire and Rutland Integrated Care Board",DEMENTIA_REGISTER_65_PLUS,8984
28-Feb-26,ICB,QJM,E54000013,NHS Lincolnshire Integrated Care Board,PALLIATIVE_CARE,2045
28-Feb-26,ICB,QJM,E54000013,NHS Lincolnshire Integrated Care Board,COMORBIDITIES,6689
28-Feb-26,ICB,QJM,E54000013,NHS Lincolnshire Integrated Care Board,DEMENTIA_REGISTER_65_PLUS,8982
28-Feb-26,ICB,QH8,E54000026,NHS Mid and South Essex Integrated Care Board,COMORBIDITIES,8298
28-Feb-26,ICB,QH8,E54000026,NHS Mid and South Essex Integrated Care Board,PALLIATIVE_CARE,2655
28-Feb-26,ICB,QH8,E54000026,NHS Mid and South Essex Integrated Care Board,DEMENTIA_REGISTER_65_PLUS,11298
28-Feb-26,ICB,QMM,E54000022,NHS Norfolk and Waveney Integrated Care Board,PALLIATIVE_CARE,1201
28-Feb-26,ICB,QMM,E54000022,NHS Norfolk and Waveney Integrated Care Board,COMORBIDITIES,8666
28-Feb-26,ICB,QMM,E54000022,NHS Norfolk and Waveney Integrated Care Board,DEMENTIA_REGISTER_65_PLUS,11836
28-Feb-26,ICB,QMJ,E54000028,NHS North Central London Integrated Care Board,COMORBIDITIES,7055
28-Feb-26,ICB,QMJ,E54000028,NHS North Central London Integrated Care Board,PALLIATIVE_CARE,1455
28-Feb-26,ICB,QMJ,E54000028,NHS North Central London Integrated Care Board,DEMENTIA_REGISTER_65_PLUS,9137
28-Feb-26,ICB,QMF,E54000029,NHS North East London Integrated Care Board,COMORBIDITIES,7018
28-Feb-26,ICB,QMF,E54000029,NHS North East London Integrated Care Board,PALLIATIVE_CARE,2423
28-Feb-26,ICB,QMF,E54000029,NHS North East London Integrated Care Board,DEMENTIA_REGISTER_65_PLUS,8793
28-Feb-26,ICB,QHM,E54000050,NHS North East and North Cumbria Integrated Care Board,COMORBIDITIES,22005
28-Feb-26,ICB,QHM,E54000050,NHS North East and North Cumbria Integrated Care Board,PALLIATIVE_CARE,4995
28-Feb-26,ICB,QHM,E54000050,NHS North East and North Cumbria Integrated Care Board,DEMENTIA_REGISTER_65_PLUS,29030
28-Feb-26,ICB,QRV,E54000027,NHS North West London Integrated Care Board,PALLIATIVE_CARE,3312
28-Feb-26,ICB,QRV,E54000027,NHS North West London Integrated Care Board,COMORBIDITIES,10534
28-Feb-26,ICB,QRV,E54000027,NHS North West London Integrated Care Board,DEMENTIA_REGISTER_65_PLUS,13210
28-Feb-26,ICB,QPM,E54000059,NHS Northamptonshire Integrated Care Board,COMORBIDITIES,4739
28-Feb-26,ICB,QPM,E54000059,NHS Northamptonshire Integrated Care Board,PALLIATIVE_CARE,562
28-Feb-26,ICB,QPM,E54000059,NHS Northamptonshire Integrated Care Board,DEMENTIA_REGISTER_65_PLUS,6261
28-Feb-26,ICB,QT1,E54000060,NHS Nottingham and Nottinghamshire Integrated Care Board,PALLIATIVE_CARE,3671
28-Feb-26,ICB,QT1,E54000060,NHS Nottingham and Nottinghamshire Integrated Care Board,COMORBIDITIES,7595
28-Feb-26,ICB,QT1,E54000060,NHS Nottingham and Nottinghamshire Integrated Care Board,DEMENTIA_REGISTER_65_PLUS,10484
28-Feb-26,ICB,QOC,E54000011,"NHS Shropshire, Telford and Wrekin Integrated Care Board",COMORBIDITIES,3542
28-Feb-26,ICB,QOC,E54000011,"NHS Shropshire, Telford and Wrekin Integrated Care Board",PALLIATIVE_CARE,493
28-Feb-26,ICB,QOC,E54000011,"NHS Shropshire, Telford and Wrekin Integrated Care Board",DEMENTIA_REGISTER_65_PLUS,4903
28-Feb-26,ICB,QSL,E54000038,NHS Somerset Integrated Care Board,PALLIATIVE_CARE,535
28-Feb-26,ICB,QSL,E54000038,NHS Somerset Integrated Care Board,COMORBIDITIES,4176
28-Feb-26,ICB,QSL,E54000038,NHS Somerset Integrated Care Board,DEMENTIA_REGISTER_65_PLUS,5749
28-Feb-26,ICB,QKK,E54000030,NHS South East London Integrated Care Board,PALLIATIVE_CARE,2338
28-Feb-26,ICB,QKK,E54000030,NHS South East London Integrated Care Board,COMORBIDITIES,8523
28-Feb-26,ICB,QKK,E54000030,NHS South East London Integrated Care Board,DEMENTIA_REGISTER_65_PLUS,11129
28-Feb-26,ICB,QWE,E54000031,NHS South West London Integrated Care Board,COMORBIDITIES,8107
28-Feb-26,ICB,QWE,E54000031,NHS South West London Integrated Care Board,PALLIATIVE_CARE,2261
28-Feb-26,ICB,QWE,E54000031,NHS South West London Integrated Care Board,DEMENTIA_REGISTER_65_PLUS,11067
28-Feb-26,ICB,QF7,E54000061,NHS South Yorkshire Integrated Care Board,COMORBIDITIES,9754
28-Feb-26,ICB,QF7,E54000061,NHS South Yorkshire Integrated Care Board,PALLIATIVE_CARE,2368
28-Feb-26,ICB,QF7,E54000061,NHS South Yorkshire Integrated Care Board,DEMENTIA_REGISTER_65_PLUS,12901
28-Feb-26,ICB,QNC,E54000010,NHS Staffordshire and Stoke-on-Trent Integrated Care Board,PALLIATIVE_CARE,3155
28-Feb-26,ICB,QNC,E54000010,NHS Staffordshire and Stoke-on-Trent Integrated Care Board,COMORBIDITIES,9100
28-Feb-26,ICB,QNC,E54000010,NHS Staffordshire and Stoke-on-Trent Integrated Care Board,DEMENTIA_REGISTER_65_PLUS,12111
28-Feb-26,ICB,QJG,E54000023,NHS Suffolk and North East Essex Integrated Care Board,COMORBIDITIES,7405
28-Feb-26,ICB,QJG,E54000023,NHS Suffolk and North East Essex Integrated Care Board,PALLIATIVE_CARE,2311
28-Feb-26,ICB,QJG,E54000023,NHS Suffolk and North East Essex Integrated Care Board,DEMENTIA_REGISTER_65_PLUS,10194
28-Feb-26,ICB,QXU,E54000063,NHS Surrey Heartlands ICB,COMORBIDITIES,7331
28-Feb-26,ICB,QXU,E54000063,NHS Surrey Heartlands ICB,PALLIATIVE_CARE,1106
28-Feb-26,ICB,QXU,E54000063,NHS Surrey Heartlands ICB,DEMENTIA_REGISTER_65_PLUS,10470
28-Feb-26,ICB,QNX,E54000064,NHS Sussex ICB,PALLIATIVE_CARE,2481
28-Feb-26,ICB,QNX,E54000064,NHS Sussex ICB,COMORBIDITIES,12452
28-Feb-26,ICB,QNX,E54000064,NHS Sussex ICB,DEMENTIA_REGISTER_65_PLUS,18080
28-Feb-26,ICB,QWO,E54000054,NHS West Yorkshire Integrated Care Board,PALLIATIVE_CARE,4882
28-Feb-26,ICB,QWO,E54000054,NHS West Yorkshire Integrated Care Board,COMORBIDITIES,15039
28-Feb-26,ICB,QWO,E54000054,NHS West Yorkshire Integrated Care Board,DEMENTIA_REGISTER_65_PLUS,20106
28-Feb-26,REGION,Y61,E40000013,East of England,PALLIATIVE_CARE,12315
28-Feb-26,REGION,Y61,E40000013,East of England,COMORBIDITIES,45045
28-Feb-26,REGION,Y61,E40000013,East of England,DEMENTIA_REGISTER_65_PLUS,61091
28-Feb-26,REGION,Y56,E40000003,London,PALLIATIVE_CARE,11789
28-Feb-26,REGION,Y56,E40000003,London,COMORBIDITIES,41237
28-Feb-26,REGION,Y56,E40000003,London,DEMENTIA_REGISTER_65_PLUS,53336
28-Feb-26,REGION,Y60,E40000011,Midlands,COMORBIDITIES,71781
28-Feb-26,REGION,Y60,E40000011,Midlands,PALLIATIVE_CARE,23083
28-Feb-26,REGION,Y60,E40000011,Midlands,DEMENTIA_REGISTER_65_PLUS,96731
28-Feb-26,REGION,Y63,E40000012,North East and Yorkshire,COMORBIDITIES,59078
28-Feb-26,REGION,Y63,E40000012,North East and Yorkshire,PALLIATIVE_CARE,15790
28-Feb-26,REGION,Y63,E40000012,North East and Yorkshire,DEMENTIA_REGISTER_65_PLUS,78814
28-Feb-26,REGION,Y62,E40000014,North West,COMORBIDITIES,47348
28-Feb-26,REGION,Y62,E40000014,North West,PALLIATIVE_CARE,15671
28-Feb-26,REGION,Y62,E40000014,North West,DEMENTIA_REGISTER_65_PLUS,63869
28-Feb-26,REGION,Y59,E40000005,South East,PALLIATIVE_CARE,11865
28-Feb-26,REGION,Y59,E40000005,South East,COMORBIDITIES,59835
28-Feb-26,REGION,Y59,E40000005,South East,DEMENTIA_REGISTER_65_PLUS,84197
28-Feb-26,REGION,Y58,E40000006,South West,PALLIATIVE_CARE,7327
28-Feb-26,REGION,Y58,E40000006,South West,COMORBIDITIES,41279
28-Feb-26,REGION,Y58,E40000006,South West,DEMENTIA_REGISTER_65_PLUS,57375
28-Feb-26,SUB_ICB,92G,E38000231,"NHS Bath and North East Somerset, Swindon and Wiltshire ICB - 92G",COMORBIDITIES,6470
28-Feb-26,SUB_ICB,92G,E38000231,"NHS Bath and North East Somerset, Swindon and Wiltshire ICB - 92G",PALLIATIVE_CARE,735
28-Feb-26,SUB_ICB,92G,E38000231,"NHS Bath and North East Somerset, Swindon and Wiltshire ICB - 92G",DEMENTIA_REGISTER_65_PLUS,8902
28-Feb-26,SUB_ICB,M1J4Y,E38000249,"NHS Bedfordshire, Luton and Milton Keynes ICB - M1J4Y",COMORBIDITIES,5830
28-Feb-26,SUB_ICB,M1J4Y,E38000249,"NHS Bedfordshire, Luton and Milton Keynes ICB - M1J4Y",PALLIATIVE_CARE,1115
28-Feb-26,SUB_ICB,M1J4Y,E38000249,"NHS Bedfordshire, Luton and Milton Keynes ICB - M1J4Y",DEMENTIA_REGISTER_65_PLUS,7624
28-Feb-26,SUB_ICB,15E,E38000258,NHS Birmingham and Solihull ICB - 15E,COMORBIDITIES,7145
28-Feb-26,SUB_ICB,15E,E38000258,NHS Birmingham and Solihull ICB - 15E,PALLIATIVE_CARE,2175
28-Feb-26,SUB_ICB,15E,E38000258,NHS Birmingham and Solihull ICB - 15E,DEMENTIA_REGISTER_65_PLUS,9468
28-Feb-26,SUB_ICB,D2P2L,E38000259,NHS Black Country ICB - D2P2L,COMORBIDITIES,7725
28-Feb-26,SUB_ICB,D2P2L,E38000259,NHS Black Country ICB - D2P2L,PALLIATIVE_CARE,2995
28-Feb-26,SUB_ICB,D2P2L,E38000259,NHS Black Country ICB - D2P2L,DEMENTIA_REGISTER_65_PLUS,9998
28-Feb-26,SUB_ICB,15C,E38000222,"NHS Bristol, North Somerset and South Gloucestershire ICB - 15C",COMORBIDITIES,6435
28-Feb-26,SUB_ICB,15C,E38000222,"NHS Bristol, North Somerset and South Gloucestershire ICB - 15C",PALLIATIVE_CARE,1035
28-Feb-26,SUB_ICB,15C,E38000222,"NHS Bristol, North Somerset and South Gloucestershire ICB - 15C",DEMENTIA_REGISTER_65_PLUS,8799
28-Feb-26,SUB_ICB,10Q,E38000136,"NHS Buckinghamshire, Oxfordshire and Berkshire West ICB - 10Q",COMORBIDITIES,4460
28-Feb-26,SUB_ICB,10Q,E38000136,"NHS Buckinghamshire, Oxfordshire and Berkshire West ICB - 10Q",PALLIATIVE_CARE,745
28-Feb-26,SUB_ICB,10Q,E38000136,"NHS Buckinghamshire, Oxfordshire and Berkshire West ICB - 10Q",DEMENTIA_REGISTER_65_PLUS,6470
28-Feb-26,SUB_ICB,14Y,E38000223,"NHS Buckinghamshire, Oxfordshire and Berkshire West ICB - 14Y",COMORBIDITIES,3260
28-Feb-26,SUB_ICB,14Y,E38000223,"NHS Buckinghamshire, Oxfordshire and Berkshire West ICB - 14Y",PALLIATIVE_CARE,665
28-Feb-26,SUB_ICB,14Y,E38000223,"NHS Buckinghamshire, Oxfordshire and Berkshire West ICB - 14Y",DEMENTIA_REGISTER_65_PLUS,4594
28-Feb-26,SUB_ICB,15A,E38000221,"NHS Buckinghamshire, Oxfordshire and Berkshire West ICB - 15A",PALLIATIVE_CARE,770
28-Feb-26,SUB_ICB,15A,E38000221,"NHS Buckinghamshire, Oxfordshire and Berkshire West ICB - 15A",COMORBIDITIES,2915
28-Feb-26,SUB_ICB,15A,E38000221,"NHS Buckinghamshire, Oxfordshire and Berkshire West ICB - 15A",DEMENTIA_REGISTER_65_PLUS,4070
28-Feb-26,SUB_ICB,06H,E38000260,NHS Cambridgeshire and Peterborough ICB - 06H,COMORBIDITIES,5305
28-Feb-26,SUB_ICB,06H,E38000260,NHS Cambridgeshire and Peterborough ICB - 06H,PALLIATIVE_CARE,1080
28-Feb-26,SUB_ICB,06H,E38000260,NHS Cambridgeshire and Peterborough ICB - 06H,DEMENTIA_REGISTER_65_PLUS,7129
28-Feb-26,SUB_ICB,01F,E38000068,NHS Cheshire and Merseyside ICB - 01F,PALLIATIVE_CARE,185
28-Feb-26,SUB_ICB,01F,E38000068,NHS Cheshire and Merseyside ICB - 01F,COMORBIDITIES,790
28-Feb-26,SUB_ICB,01F,E38000068,NHS Cheshire and Merseyside ICB - 01F,DEMENTIA_REGISTER_65_PLUS,1019
28-Feb-26,SUB_ICB,01J,E38000091,NHS Cheshire and Merseyside ICB - 01J,PALLIATIVE_CARE,370
28-Feb-26,SUB_ICB,01J,E38000091,NHS Cheshire and Merseyside ICB - 01J,COMORBIDITIES,890
28-Feb-26,SUB_ICB,01J,E38000091,NHS Cheshire and Merseyside ICB - 01J,DEMENTIA_REGISTER_65_PLUS,1138
28-Feb-26,SUB_ICB,01T,E38000161,NHS Cheshire and Merseyside ICB - 01T,PALLIATIVE_CARE,415
28-Feb-26,SUB_ICB,01T,E38000161,NHS Cheshire and Merseyside ICB - 01T,COMORBIDITIES,895
28-Feb-26,SUB_ICB,01T,E38000161,NHS Cheshire and Merseyside ICB - 01T,DEMENTIA_REGISTER_65_PLUS,1211
28-Feb-26,SUB_ICB,01V,E38000170,NHS Cheshire and Merseyside ICB - 01V,COMORBIDITIES,1305
28-Feb-26,SUB_ICB,01V,E38000170,NHS Cheshire and Merseyside ICB - 01V,PALLIATIVE_CARE,520
28-Feb-26,SUB_ICB,01V,E38000170,NHS Cheshire and Merseyside ICB - 01V,DEMENTIA_REGISTER_65_PLUS,1856
28-Feb-26,SUB_ICB,01X,E38000172,NHS Cheshire and Merseyside ICB - 01X,COMORBIDITIES,1340
28-Feb-26,SUB_ICB,01X,E38000172,NHS Cheshire and Merseyside ICB - 01X,PALLIATIVE_CARE,445
28-Feb-26,SUB_ICB,01X,E38000172,NHS Cheshire and Merseyside ICB - 01X,DEMENTIA_REGISTER_65_PLUS,1791
28-Feb-26,SUB_ICB,02E,E38000194,NHS Cheshire and Merseyside ICB - 02E,PALLIATIVE_CARE,955
28-Feb-26,SUB_ICB,02E,E38000194,NHS Cheshire and Merseyside ICB - 02E,COMORBIDITIES,1510
28-Feb-26,SUB_ICB,02E,E38000194,NHS Cheshire and Merseyside ICB - 02E,DEMENTIA_REGISTER_65_PLUS,2069
28-Feb-26,SUB_ICB,12F,E38000208,NHS Cheshire and Merseyside ICB - 12F,COMORBIDITIES,2445
28-Feb-26,SUB_ICB,12F,E38000208,NHS Cheshire and Merseyside ICB - 12F,PALLIATIVE_CARE,1055
28-Feb-26,SUB_ICB,12F,E38000208,NHS Cheshire and Merseyside ICB - 12F,DEMENTIA_REGISTER_65_PLUS,3325
28-Feb-26,SUB_ICB,27D,E38000233,NHS Cheshire and Merseyside ICB - 27D,COMORBIDITIES,5965
28-Feb-26,SUB_ICB,27D,E38000233,NHS Cheshire and Merseyside ICB - 27D,PALLIATIVE_CARE,1630
28-Feb-26,SUB_ICB,27D,E38000233,NHS Cheshire and Merseyside ICB - 27D,DEMENTIA_REGISTER_65_PLUS,8251
28-Feb-26,SUB_ICB,99A,E38000101,NHS Cheshire and Merseyside ICB - 99A,COMORBIDITIES,2770
28-Feb-26,SUB_ICB,99A,E38000101,NHS Cheshire and Merseyside ICB - 99A,PALLIATIVE_CARE,645
28-Feb-26,SUB_ICB,99A,E38000101,NHS Cheshire and Merseyside ICB - 99A,DEMENTIA_REGISTER_65_PLUS,3593
28-Feb-26,SUB_ICB,11N,E38000089,NHS Cornwall and the Isles of Scilly ICB - 11N,COMORBIDITIES,4470
28-Feb-26,SUB_ICB,11N,E38000089,NHS Cornwall and the Isles of Scilly ICB - 11N,PALLIATIVE_CARE,385
28-Feb-26,SUB_ICB,11N,E38000089,NHS Cornwall and the Isles of Scilly ICB - 11N,DEMENTIA_REGISTER_65_PLUS,6233
28-Feb-26,SUB_ICB,B2M3M,E38000251,NHS Coventry and Warwickshire ICB - B2M3M,COMORBIDITIES,5455
28-Feb-26,SUB_ICB,B2M3M,E38000251,NHS Coventry and Warwickshire ICB - B2M3M,PALLIATIVE_CARE,1115
28-Feb-26,SUB_ICB,B2M3M,E38000251,NHS Coventry and Warwickshire ICB - B2M3M,DEMENTIA_REGISTER_65_PLUS,7515
28-Feb-26,SUB_ICB,15M,E38000261,NHS Derby and Derbyshire ICB - 15M,COMORBIDITIES,7800
28-Feb-26,SUB_ICB,15M,E38000261,NHS Derby and Derbyshire ICB - 15M,PALLIATIVE_CARE,2490
28-Feb-26,SUB_ICB,15M,E38000261,NHS Derby and Derbyshire ICB - 15M,DEMENTIA_REGISTER_65_PLUS,10552
28-Feb-26,SUB_ICB,15N,E38000230,NHS Devon ICB - 15N,PALLIATIVE_CARE,1290
28-Feb-26,SUB_ICB,15N,E38000230,NHS Devon ICB - 15N,COMORBIDITIES,8830
28-Feb-26,SUB_ICB,15N,E38000230,NHS Devon ICB - 15N,DEMENTIA_REGISTER_65_PLUS,12314
28-Feb-26,SUB_ICB,11J,E38000045,NHS Dorset ICB - 11J,COMORBIDITIES,6070
28-Feb-26,SUB_ICB,11J,E38000045,NHS Dorset ICB - 11J,PALLIATIVE_CARE,2160
28-Feb-26,SUB_ICB,11J,E38000045,NHS Dorset ICB - 11J,DEMENTIA_REGISTER_65_PLUS,8609
28-Feb-26,SUB_ICB,D4U1Y,E38000252,NHS Frimley ICB - D4U1Y,COMORBIDITIES,4545
28-Feb-26,SUB_ICB,D4U1Y,E38000252,NHS Frimley ICB - D4U1Y,PALLIATIVE_CARE,905
28-Feb-26,SUB_ICB,D4U1Y,E38000252,NHS Frimley ICB - D4U1Y,DEMENTIA_REGISTER_65_PLUS,6194
28-Feb-26,SUB_ICB,11M,E38000062,NHS Gloucestershire ICB - 11M,COMORBIDITIES,4830
28-Feb-26,SUB_ICB,11M,E38000062,NHS Gloucestershire ICB - 11M,PALLIATIVE_CARE,1190
28-Feb-26,SUB_ICB,11M,E38000062,NHS Gloucestershire ICB - 11M,DEMENTIA_REGISTER_65_PLUS,6769
28-Feb-26,SUB_ICB,00T,E38000016,NHS Greater Manchester ICB - 00T,PALLIATIVE_CARE,310
28-Feb-26,SUB_ICB,00T,E38000016,NHS Greater Manchester ICB - 00T,COMORBIDITIES,1780
28-Feb-26,SUB_ICB,00T,E38000016,NHS Greater Manchester ICB - 00T,DEMENTIA_REGISTER_65_PLUS,2392
28-Feb-26,SUB_ICB,00V,E38000024,NHS Greater Manchester ICB - 00V,COMORBIDITIES,1330
28-Feb-26,SUB_ICB,00V,E38000024,NHS Greater Manchester ICB - 00V,PALLIATIVE_CARE,280
28-Feb-26,SUB_ICB,00V,E38000024,NHS Greater Manchester ICB - 00V,DEMENTIA_REGISTER_65_PLUS,1893
28-Feb-26,SUB_ICB,00Y,E38000135,NHS Greater Manchester ICB - 00Y,PALLIATIVE_CARE,290
28-Feb-26,SUB_ICB,00Y,E38000135,NHS Greater Manchester ICB - 00Y,COMORBIDITIES,1445
28-Feb-26,SUB_ICB,00Y,E38000135,NHS Greater Manchester ICB - 00Y,DEMENTIA_REGISTER_65_PLUS,1946
28-Feb-26,SUB_ICB,01D,E38000080,NHS Greater Manchester ICB - 01D,PALLIATIVE_CARE,505
28-Feb-26,SUB_ICB,01D,E38000080,NHS Greater Manchester ICB - 01D,COMORBIDITIES,1395
28-Feb-26,SUB_ICB,01D,E38000080,NHS Greater Manchester ICB - 01D,DEMENTIA_REGISTER_65_PLUS,1848
28-Feb-26,SUB_ICB,01G,E38000143,NHS Greater Manchester ICB - 01G,PALLIATIVE_CARE,350
28-Feb-26,SUB_ICB,01G,E38000143,NHS Greater Manchester ICB - 01G,COMORBIDITIES,1410
28-Feb-26,SUB_ICB,01G,E38000143,NHS Greater Manchester ICB - 01G,DEMENTIA_REGISTER_65_PLUS,1868
28-Feb-26,SUB_ICB,01W,E38000174,NHS Greater Manchester ICB - 01W,PALLIATIVE_CARE,670
28-Feb-26,SUB_ICB,01W,E38000174,NHS Greater Manchester ICB - 01W,COMORBIDITIES,2405
28-Feb-26,SUB_ICB,01W,E38000174,NHS Greater Manchester ICB - 01W,DEMENTIA_REGISTER_65_PLUS,3271
28-Feb-26,SUB_ICB,01Y,E38000263,NHS Greater Manchester ICB - 01Y,PALLIATIVE_CARE,675
28-Feb-26,SUB_ICB,01Y,E38000263,NHS Greater Manchester ICB - 01Y,COMORBIDITIES,1385
28-Feb-26,SUB_ICB,01Y,E38000263,NHS Greater Manchester ICB - 01Y,DEMENTIA_REGISTER_65_PLUS,1743
28-Feb-26,SUB_ICB,02A,E38000187,NHS Greater Manchester ICB - 02A,PALLIATIVE_CARE,255
28-Feb-26,SUB_ICB,02A,E38000187,NHS Greater Manchester ICB - 02A,COMORBIDITIES,1495
28-Feb-26,SUB_ICB,02A,E38000187,NHS Greater Manchester ICB - 02A,DEMENTIA_REGISTER_65_PLUS,2073
28-Feb-26,SUB_ICB,02H,E38000205,NHS Greater Manchester ICB - 02H,PALLIATIVE_CARE,1105
28-Feb-26,SUB_ICB,02H,E38000205,NHS Greater Manchester ICB - 02H,COMORBIDITIES,2320
28-Feb-26,SUB_ICB,02H,E38000205,NHS Greater Manchester ICB - 02H,DEMENTIA_REGISTER_65_PLUS,3015
28-Feb-26,SUB_ICB,14L,E38000217,NHS Greater Manchester ICB - 14L,COMORBIDITIES,2300
28-Feb-26,SUB_ICB,14L,E38000217,NHS Greater Manchester ICB - 14L,PALLIATIVE_CARE,500
28-Feb-26,SUB_ICB,14L,E38000217,NHS Greater Manchester ICB - 14L,DEMENTIA_REGISTER_65_PLUS,2967
28-Feb-26,SUB_ICB,10R,E38000137,NHS Hampshire and Isle of Wight ICB - 10R,PALLIATIVE_CARE,355
28-Feb-26,SUB_ICB,10R,E38000137,NHS Hampshire and Isle of Wight ICB - 10R,COMORBIDITIES,1205
28-Feb-26,SUB_ICB,10R,E38000137,NHS Hampshire and Isle of Wight ICB - 10R,DEMENTIA_REGISTER_65_PLUS,1568
28-Feb-26,SUB_ICB,D9Y0V,E38000253,NHS Hampshire and Isle of Wight ICB - D9Y0V,COMORBIDITIES,11765
28-Feb-26,SUB_ICB,D9Y0V,E38000253,NHS Hampshire and Isle of Wight ICB - D9Y0V,PALLIATIVE_CARE,1965
28-Feb-26,SUB_ICB,D9Y0V,E38000253,NHS Hampshire and Isle of Wight ICB - D9Y0V,DEMENTIA_REGISTER_65_PLUS,16357
28-Feb-26,SUB_ICB,18C,E38000236,NHS Herefordshire and Worcestershire ICB - 18C,PALLIATIVE_CARE,2145
28-Feb-26,SUB_ICB,18C,E38000236,NHS Herefordshire and Worcestershire ICB - 18C,COMORBIDITIES,5350
28-Feb-26,SUB_ICB,18C,E38000236,NHS Herefordshire and Worcestershire ICB - 18C,DEMENTIA_REGISTER_65_PLUS,7473
28-Feb-26,SUB_ICB,06K,E38000049,NHS Hertfordshire and West Essex ICB - 06K,PALLIATIVE_CARE,1775
28-Feb-26,SUB_ICB,06K,E38000049,NHS Hertfordshire and West Essex ICB - 06K,COMORBIDITIES,3485
28-Feb-26,SUB_ICB,06K,E38000049,NHS Hertfordshire and West Essex ICB - 06K,DEMENTIA_REGISTER_65_PLUS,4767
28-Feb-26,SUB_ICB,06N,E38000079,NHS Hertfordshire and West Essex ICB - 06N,PALLIATIVE_CARE,1105
28-Feb-26,SUB_ICB,06N,E38000079,NHS Hertfordshire and West Essex ICB - 06N,COMORBIDITIES,3770
28-Feb-26,SUB_ICB,06N,E38000079,NHS Hertfordshire and West Essex ICB - 06N,DEMENTIA_REGISTER_65_PLUS,5135
28-Feb-26,SUB_ICB,07H,E38000197,NHS Hertfordshire and West Essex ICB - 07H,COMORBIDITIES,2290
28-Feb-26,SUB_ICB,07H,E38000197,NHS Hertfordshire and West Essex ICB - 07H,PALLIATIVE_CARE,1075
28-Feb-26,SUB_ICB,07H,E38000197,NHS Hertfordshire and West Essex ICB - 07H,DEMENTIA_REGISTER_65_PLUS,3108
28-Feb-26,SUB_ICB,02Y,E38000052,NHS Humber and North Yorkshire ICB - 02Y,COMORBIDITIES,2525
28-Feb-26,SUB_ICB,02Y,E38000052,NHS Humber and North Yorkshire ICB - 02Y,PALLIATIVE_CARE,415
28-Feb-26,SUB_ICB,02Y,E38000052,NHS Humber and North Yorkshire ICB - 02Y,DEMENTIA_REGISTER_65_PLUS,3476
28-Feb-26,SUB_ICB,03F,E38000085,NHS Humber and North Yorkshire ICB - 03F,COMORBIDITIES,1540
28-Feb-26,SUB_ICB,03F,E38000085,NHS Humber and North Yorkshire ICB - 03F,PALLIATIVE_CARE,220
28-Feb-26,SUB_ICB,03F,E38000085,NHS Humber and North Yorkshire ICB - 03F,DEMENTIA_REGISTER_65_PLUS,1994
28-Feb-26,SUB_ICB,03H,E38000119,NHS Humber and North Yorkshire ICB - 03H,COMORBIDITIES,1295
28-Feb-26,SUB_ICB,03H,E38000119,NHS Humber and North Yorkshire ICB - 03H,PALLIATIVE_CARE,465
28-Feb-26,SUB_ICB,03H,E38000119,NHS Humber and North Yorkshire ICB - 03H,DEMENTIA_REGISTER_65_PLUS,1757
28-Feb-26,SUB_ICB,03K,E38000122,NHS Humber and North Yorkshire ICB - 03K,PALLIATIVE_CARE,830
28-Feb-26,SUB_ICB,03K,E38000122,NHS Humber and North Yorkshire ICB - 03K,COMORBIDITIES,1300
28-Feb-26,SUB_ICB,03K,E38000122,NHS Humber and North Yorkshire ICB - 03K,DEMENTIA_REGISTER_65_PLUS,1754
28-Feb-26,SUB_ICB,03Q,E38000188,NHS Humber and North Yorkshire ICB - 03Q,PALLIATIVE_CARE,465
28-Feb-26,SUB_ICB,03Q,E38000188,NHS Humber and North Yorkshire ICB - 03Q,COMORBIDITIES,1430
28-Feb-26,SUB_ICB,03Q,E38000188,NHS Humber and North Yorkshire ICB - 03Q,DEMENTIA_REGISTER_65_PLUS,1956
28-Feb-26,SUB_ICB,42D,E38000241,NHS Humber and North Yorkshire ICB - 42D,PALLIATIVE_CARE,1150
28-Feb-26,SUB_ICB,42D,E38000241,NHS Humber and North Yorkshire ICB - 42D,COMORBIDITIES,4185
28-Feb-26,SUB_ICB,42D,E38000241,NHS Humber and North Yorkshire ICB - 42D,DEMENTIA_REGISTER_65_PLUS,5840
28-Feb-26,SUB_ICB,91Q,E38000237,NHS Kent and Medway ICB - 91Q,COMORBIDITIES,11900
28-Feb-26,SUB_ICB,91Q,E38000237,NHS Kent and Medway ICB - 91Q,PALLIATIVE_CARE,2865
28-Feb-26,SUB_ICB,91Q,E38000237,NHS Kent and Medway ICB - 91Q,DEMENTIA_REGISTER_65_PLUS,16394
28-Feb-26,SUB_ICB,00Q,E38000014,NHS Lancashire and South Cumbria ICB - 00Q,COMORBIDITIES,815
28-Feb-26,SUB_ICB,00Q,E38000014,NHS Lancashire and South Cumbria ICB - 00Q,PALLIATIVE_CARE,220
28-Feb-26,SUB_ICB,00Q,E38000014,NHS Lancashire and South Cumbria ICB - 00Q,DEMENTIA_REGISTER_65_PLUS,1030
28-Feb-26,SUB_ICB,00R,E38000015,NHS Lancashire and South Cumbria ICB - 00R,PALLIATIVE_CARE,590
28-Feb-26,SUB_ICB,00R,E38000015,NHS Lancashire and South Cumbria ICB - 00R,COMORBIDITIES,1185
28-Feb-26,SUB_ICB,00R,E38000015,NHS Lancashire and South Cumbria ICB - 00R,DEMENTIA_REGISTER_65_PLUS,1581
28-Feb-26,SUB_ICB,00X,E38000034,NHS Lancashire and South Cumbria ICB - 00X,COMORBIDITIES,1360
28-Feb-26,SUB_ICB,00X,E38000034,NHS Lancashire and South Cumbria ICB - 00X,PALLIATIVE_CARE,420
28-Feb-26,SUB_ICB,00X,E38000034,NHS Lancashire and South Cumbria ICB - 00X,DEMENTIA_REGISTER_65_PLUS,1826
28-Feb-26,SUB_ICB,01A,E38000050,NHS Lancashire and South Cumbria ICB - 01A,PALLIATIVE_CARE,885
28-Feb-26,SUB_ICB,01A,E38000050,NHS Lancashire and South Cumbria ICB - 01A,COMORBIDITIES,2215
28-Feb-26,SUB_ICB,01A,E38000050,NHS Lancashire and South Cumbria ICB - 01A,DEMENTIA_REGISTER_65_PLUS,3011
28-Feb-26,SUB_ICB,01E,E38000227,NHS Lancashire and South Cumbria ICB - 01E,PALLIATIVE_CARE,510
28-Feb-26,SUB_ICB,01E,E38000227,NHS Lancashire and South Cumbria ICB - 01E,COMORBIDITIES,1305
28-Feb-26,SUB_ICB,01E,E38000227,NHS Lancashire and South Cumbria ICB - 01E,DEMENTIA_REGISTER_65_PLUS,1784
28-Feb-26,SUB_ICB,01K,E38000228,NHS Lancashire and South Cumbria ICB - 01K,COMORBIDITIES,2740
28-Feb-26,SUB_ICB,01K,E38000228,NHS Lancashire and South Cumbria ICB - 01K,PALLIATIVE_CARE,795
28-Feb-26,SUB_ICB,01K,E38000228,NHS Lancashire and South Cumbria ICB - 01K,DEMENTIA_REGISTER_65_PLUS,3804
28-Feb-26,SUB_ICB,02G,E38000200,NHS Lancashire and South Cumbria ICB - 02G,PALLIATIVE_CARE,145
28-Feb-26,SUB_ICB,02G,E38000200,NHS Lancashire and South Cumbria ICB - 02G,COMORBIDITIES,810
28-Feb-26,SUB_ICB,02G,E38000200,NHS Lancashire and South Cumbria ICB - 02G,DEMENTIA_REGISTER_65_PLUS,1169
28-Feb-26,SUB_ICB,02M,E38000226,NHS Lancashire and South Cumbria ICB - 02M,COMORBIDITIES,1745
28-Feb-26,SUB_ICB,02M,E38000226,NHS Lancashire and South Cumbria ICB - 02M,PALLIATIVE_CARE,945
28-Feb-26,SUB_ICB,02M,E38000226,NHS Lancashire and South Cumbria ICB - 02M,DEMENTIA_REGISTER_65_PLUS,2395
28-Feb-26,SUB_ICB,03W,E38000051,"NHS Leicester, Leicestershire and Rutland ICB - 03W",PALLIATIVE_CARE,890
28-Feb-26,SUB_ICB,03W,E38000051,"NHS Leicester, Leicestershire and Rutland ICB - 03W",COMORBIDITIES,2320
28-Feb-26,SUB_ICB,03W,E38000051,"NHS Leicester, Leicestershire and Rutland ICB - 03W",DEMENTIA_REGISTER_65_PLUS,3245
28-Feb-26,SUB_ICB,04C,E38000097,"NHS Leicester, Leicestershire and Rutland ICB - 04C",PALLIATIVE_CARE,595
28-Feb-26,SUB_ICB,04C,E38000097,"NHS Leicester, Leicestershire and Rutland ICB - 04C",COMORBIDITIES,1915
28-Feb-26,SUB_ICB,04C,E38000097,"NHS Leicester, Leicestershire and Rutland ICB - 04C",DEMENTIA_REGISTER_65_PLUS,2414
28-Feb-26,SUB_ICB,04V,E38000201,"NHS Leicester, Leicestershire and Rutland ICB - 04V",PALLIATIVE_CARE,755
28-Feb-26,SUB_ICB,04V,E38000201,"NHS Leicester, Leicestershire and Rutland ICB - 04V",COMORBIDITIES,2405
28-Feb-26,SUB_ICB,04V,E38000201,"NHS Leicester, Leicestershire and Rutland ICB - 04V",DEMENTIA_REGISTER_65_PLUS,3325
28-Feb-26,SUB_ICB,71E,E38000238,NHS Lincolnshire ICB - 71E,COMORBIDITIES,6690
28-Feb-26,SUB_ICB,71E,E38000238,NHS Lincolnshire ICB - 71E,PALLIATIVE_CARE,2045
28-Feb-26,SUB_ICB,71E,E38000238,NHS Lincolnshire ICB - 71E,DEMENTIA_REGISTER_65_PLUS,8982
28-Feb-26,SUB_ICB,06Q,E38000106,NHS Mid and South Essex ICB - 06Q,PALLIATIVE_CARE,530
28-Feb-26,SUB_ICB,06Q,E38000106,NHS Mid and South Essex ICB - 06Q,COMORBIDITIES,2740
28-Feb-26,SUB_ICB,06Q,E38000106,NHS Mid and South Essex ICB - 06Q,DEMENTIA_REGISTER_65_PLUS,3806
28-Feb-26,SUB_ICB,07G,E38000185,NHS Mid and South Essex ICB - 07G,PALLIATIVE_CARE,350
28-Feb-26,SUB_ICB,07G,E38000185,NHS Mid and South Essex ICB - 07G,COMORBIDITIES,815
28-Feb-26,SUB_ICB,07G,E38000185,NHS Mid and South Essex ICB - 07G,DEMENTIA_REGISTER_65_PLUS,1036
28-Feb-26,SUB_ICB,99E,E38000007,NHS Mid and South Essex ICB - 99E,COMORBIDITIES,1600
28-Feb-26,SUB_ICB,99E,E38000007,NHS Mid and South Essex ICB - 99E,PALLIATIVE_CARE,575
28-Feb-26,SUB_ICB,99E,E38000007,NHS Mid and South Essex ICB - 99E,DEMENTIA_REGISTER_65_PLUS,2156
28-Feb-26,SUB_ICB,99F,E38000030,NHS Mid and South Essex ICB - 99F,COMORBIDITIES,1635
28-Feb-26,SUB_ICB,99F,E38000030,NHS Mid and South Essex ICB - 99F,PALLIATIVE_CARE,530
28-Feb-26,SUB_ICB,99F,E38000030,NHS Mid and South Essex ICB - 99F,DEMENTIA_REGISTER_65_PLUS,2227
28-Feb-26,SUB_ICB,99G,E38000168,NHS Mid and South Essex ICB - 99G,PALLIATIVE_CARE,675
28-Feb-26,SUB_ICB,99G,E38000168,NHS Mid and South Essex ICB - 99G,COMORBIDITIES,1505
28-Feb-26,SUB_ICB,99G,E38000168,NHS Mid and South Essex ICB - 99G,DEMENTIA_REGISTER_65_PLUS,2073
28-Feb-26,SUB_ICB,26A,E38000239,NHS Norfolk and Waveney ICB - 26A,COMORBIDITIES,8665
28-Feb-26,SUB_ICB,26A,E38000239,NHS Norfolk and Waveney ICB - 26A,PALLIATIVE_CARE,1200
28-Feb-26,SUB_ICB,26A,E38000239,NHS Norfolk and Waveney ICB - 26A,DEMENTIA_REGISTER_65_PLUS,11836
28-Feb-26,SUB_ICB,93C,E38000240,NHS North Central London ICB - 93C,COMORBIDITIES,7055
28-Feb-26,SUB_ICB,93C,E38000240,NHS North Central London ICB - 93C,PALLIATIVE_CARE,1455
28-Feb-26,SUB_ICB,93C,E38000240,NHS North Central London ICB - 93C,DEMENTIA_REGISTER_65_PLUS,9137
28-Feb-26,SUB_ICB,A3A8R,E38000255,NHS North East London ICB - A3A8R,COMORBIDITIES,7020
28-Feb-26,SUB_ICB,A3A8R,E38000255,NHS North East London ICB - A3A8R,PALLIATIVE_CARE,2425
28-Feb-26,SUB_ICB,A3A8R,E38000255,NHS North East London ICB - A3A8R,DEMENTIA_REGISTER_65_PLUS,8793
28-Feb-26,SUB_ICB,00L,E38000130,NHS North East and North Cumbria ICB - 00L,COMORBIDITIES,2635
28-Feb-26,SUB_ICB,00L,E38000130,NHS North East and North Cumbria ICB - 00L,PALLIATIVE_CARE,540
28-Feb-26,SUB_ICB,00L,E38000130,NHS North East and North Cumbria ICB - 00L,DEMENTIA_REGISTER_65_PLUS,3609
28-Feb-26,SUB_ICB,00N,E38000163,NHS North East and North Cumbria ICB - 00N,PALLIATIVE_CARE,375
28-Feb-26,SUB_ICB,00N,E38000163,NHS North East and North Cumbria ICB - 00N,COMORBIDITIES,1105
28-Feb-26,SUB_ICB,00N,E38000163,NHS North East and North Cumbria ICB - 00N,DEMENTIA_REGISTER_65_PLUS,1488
28-Feb-26,SUB_ICB,00P,E38000176,NHS North East and North Cumbria ICB - 00P,COMORBIDITIES,1915
28-Feb-26,SUB_ICB,00P,E38000176,NHS North East and North Cumbria ICB - 00P,PALLIATIVE_CARE,305
28-Feb-26,SUB_ICB,00P,E38000176,NHS North East and North Cumbria ICB - 00P,DEMENTIA_REGISTER_65_PLUS,2543
28-Feb-26,SUB_ICB,01H,E38000215,NHS North East and North Cumbria ICB - 01H,COMORBIDITIES,2260
28-Feb-26,SUB_ICB,01H,E38000215,NHS North East and North Cumbria ICB - 01H,PALLIATIVE_CARE,410
28-Feb-26,SUB_ICB,01H,E38000215,NHS North East and North Cumbria ICB - 01H,DEMENTIA_REGISTER_65_PLUS,3024
28-Feb-26,SUB_ICB,13T,E38000212,NHS North East and North Cumbria ICB - 13T,COMORBIDITIES,3120
28-Feb-26,SUB_ICB,13T,E38000212,NHS North East and North Cumbria ICB - 13T,PALLIATIVE_CARE,645
28-Feb-26,SUB_ICB,13T,E38000212,NHS North East and North Cumbria ICB - 13T,DEMENTIA_REGISTER_65_PLUS,4108
28-Feb-26,SUB_ICB,16C,E38000247,NHS North East and North Cumbria ICB - 16C,COMORBIDITIES,5020
28-Feb-26,SUB_ICB,16C,E38000247,NHS North East and North Cumbria ICB - 16C,PALLIATIVE_CARE,1025
28-Feb-26,SUB_ICB,16C,E38000247,NHS North East and North Cumbria ICB - 16C,DEMENTIA_REGISTER_65_PLUS,6580
28-Feb-26,SUB_ICB,84H,E38000234,NHS North East and North Cumbria ICB - 84H,PALLIATIVE_CARE,1190
28-Feb-26,SUB_ICB,84H,E38000234,NHS North East and North Cumbria ICB - 84H,COMORBIDITIES,4275
28-Feb-26,SUB_ICB,84H,E38000234,NHS North East and North Cumbria ICB - 84H,DEMENTIA_REGISTER_65_PLUS,5465
28-Feb-26,SUB_ICB,99C,E38000127,NHS North East and North Cumbria ICB - 99C,COMORBIDITIES,1680
28-Feb-26,SUB_ICB,99C,E38000127,NHS North East and North Cumbria ICB - 99C,PALLIATIVE_CARE,500
28-Feb-26,SUB_ICB,99C,E38000127,NHS North East and North Cumbria ICB - 99C,DEMENTIA_REGISTER_65_PLUS,2213
28-Feb-26,SUB_ICB,W2U3Z,E38000256,NHS North West London ICB - W2U3Z,COMORBIDITIES,10535
28-Feb-26,SUB_ICB,W2U3Z,E38000256,NHS North West London ICB - W2U3Z,PALLIATIVE_CARE,3310
28-Feb-26,SUB_ICB,W2U3Z,E38000256,NHS North West London ICB - W2U3Z,DEMENTIA_REGISTER_65_PLUS,13210
28-Feb-26,SUB_ICB,78H,E38000262,NHS Northamptonshire ICB - 78H,PALLIATIVE_CARE,560
28-Feb-26,SUB_ICB,78H,E38000262,NHS Northamptonshire ICB - 78H,COMORBIDITIES,4740
28-Feb-26,SUB_ICB,78H,E38000262,NHS Northamptonshire ICB - 78H,DEMENTIA_REGISTER_65_PLUS,6261
28-Feb-26,SUB_ICB,02Q,E38000008,NHS Nottingham and Nottinghamshire ICB - 02Q,COMORBIDITIES,985
28-Feb-26,SUB_ICB,02Q,E38000008,NHS Nottingham and Nottinghamshire ICB - 02Q,PALLIATIVE_CARE,400
28-Feb-26,SUB_ICB,02Q,E38000008,NHS Nottingham and Nottinghamshire ICB - 02Q,DEMENTIA_REGISTER_65_PLUS,1372
28-Feb-26,SUB_ICB,52R,E38000243,NHS Nottingham and Nottinghamshire ICB - 52R,PALLIATIVE_CARE,3270
28-Feb-26,SUB_ICB,52R,E38000243,NHS Nottingham and Nottinghamshire ICB - 52R,COMORBIDITIES,6610
28-Feb-26,SUB_ICB,52R,E38000243,NHS Nottingham and Nottinghamshire ICB - 52R,DEMENTIA_REGISTER_65_PLUS,9112
28-Feb-26,SUB_ICB,M2L0M,E38000257,"NHS Shropshire, Telford and Wrekin ICB - M2L0M",COMORBIDITIES,3540
28-Feb-26,SUB_ICB,M2L0M,E38000257,"NHS Shropshire, Telford and Wrekin ICB - M2L0M",PALLIATIVE_CARE,495
28-Feb-26,SUB_ICB,M2L0M,E38000257,"NHS Shropshire, Telford and Wrekin ICB - M2L0M",DEMENTIA_REGISTER_65_PLUS,4903
28-Feb-26,SUB_ICB,11X,E38000150,NHS Somerset ICB - 11X,PALLIATIVE_CARE,535
28-Feb-26,SUB_ICB,11X,E38000150,NHS Somerset ICB - 11X,COMORBIDITIES,4175
28-Feb-26,SUB_ICB,11X,E38000150,NHS Somerset ICB - 11X,DEMENTIA_REGISTER_65_PLUS,5749
28-Feb-26,SUB_ICB,72Q,E38000244,NHS South East London ICB - 72Q,COMORBIDITIES,8525
28-Feb-26,SUB_ICB,72Q,E38000244,NHS South East London ICB - 72Q,PALLIATIVE_CARE,2340
28-Feb-26,SUB_ICB,72Q,E38000244,NHS South East London ICB - 72Q,DEMENTIA_REGISTER_65_PLUS,11129
28-Feb-26,SUB_ICB,36L,E38000245,NHS South West London ICB - 36L,PALLIATIVE_CARE,2260
28-Feb-26,SUB_ICB,36L,E38000245,NHS South West London ICB - 36L,COMORBIDITIES,8105
28-Feb-26,SUB_ICB,36L,E38000245,NHS South West London ICB - 36L,DEMENTIA_REGISTER_65_PLUS,11067
28-Feb-26,SUB_ICB,02P,E38000006,NHS South Yorkshire ICB - 02P,COMORBIDITIES,1765
28-Feb-26,SUB_ICB,02P,E38000006,NHS South Yorkshire ICB - 02P,PALLIATIVE_CARE,505
28-Feb-26,SUB_ICB,02P,E38000006,NHS South Yorkshire ICB - 02P,DEMENTIA_REGISTER_65_PLUS,2393
28-Feb-26,SUB_ICB,02X,E38000044,NHS South Yorkshire ICB - 02X,PALLIATIVE_CARE,340
28-Feb-26,SUB_ICB,02X,E38000044,NHS South Yorkshire ICB - 02X,COMORBIDITIES,2000
28-Feb-26,SUB_ICB,02X,E38000044,NHS South Yorkshire ICB - 02X,DEMENTIA_REGISTER_65_PLUS,2649
28-Feb-26,SUB_ICB,03L,E38000141,NHS South Yorkshire ICB - 03L,PALLIATIVE_CARE,270
28-Feb-26,SUB_ICB,03L,E38000141,NHS South Yorkshire ICB - 03L,COMORBIDITIES,2290
28-Feb-26,SUB_ICB,03L,E38000141,NHS South Yorkshire ICB - 03L,DEMENTIA_REGISTER_65_PLUS,2997
28-Feb-26,SUB_ICB,03N,E38000146,NHS South Yorkshire ICB - 03N,PALLIATIVE_CARE,1250
28-Feb-26,SUB_ICB,03N,E38000146,NHS South Yorkshire ICB - 03N,COMORBIDITIES,3695
28-Feb-26,SUB_ICB,03N,E38000146,NHS South Yorkshire ICB - 03N,DEMENTIA_REGISTER_65_PLUS,4862
28-Feb-26,SUB_ICB,04Y,E38000028,NHS Staffordshire and Stoke-on-Trent ICB - 04Y,PALLIATIVE_CARE,385
28-Feb-26,SUB_ICB,04Y,E38000028,NHS Staffordshire and Stoke-on-Trent ICB - 04Y,COMORBIDITIES,1050
28-Feb-26,SUB_ICB,04Y,E38000028,NHS Staffordshire and Stoke-on-Trent ICB - 04Y,DEMENTIA_REGISTER_65_PLUS,1417
28-Feb-26,SUB_ICB,05D,E38000053,NHS Staffordshire and Stoke-on-Trent ICB - 05D,COMORBIDITIES,845
28-Feb-26,SUB_ICB,05D,E38000053,NHS Staffordshire and Stoke-on-Trent ICB - 05D,PALLIATIVE_CARE,450
28-Feb-26,SUB_ICB,05D,E38000053,NHS Staffordshire and Stoke-on-Trent ICB - 05D,DEMENTIA_REGISTER_65_PLUS,1183
28-Feb-26,SUB_ICB,05G,E38000126,NHS Staffordshire and Stoke-on-Trent ICB - 05G,COMORBIDITIES,2095
28-Feb-26,SUB_ICB,05G,E38000126,NHS Staffordshire and Stoke-on-Trent ICB - 05G,PALLIATIVE_CARE,550
28-Feb-26,SUB_ICB,05G,E38000126,NHS Staffordshire and Stoke-on-Trent ICB - 05G,DEMENTIA_REGISTER_65_PLUS,2752
28-Feb-26,SUB_ICB,05Q,E38000153,NHS Staffordshire and Stoke-on-Trent ICB - 05Q,COMORBIDITIES,1575
28-Feb-26,SUB_ICB,05Q,E38000153,NHS Staffordshire and Stoke-on-Trent ICB - 05Q,PALLIATIVE_CARE,595
28-Feb-26,SUB_ICB,05Q,E38000153,NHS Staffordshire and Stoke-on-Trent ICB - 05Q,DEMENTIA_REGISTER_65_PLUS,2188
28-Feb-26,SUB_ICB,05V,E38000173,NHS Staffordshire and Stoke-on-Trent ICB - 05V,COMORBIDITIES,1090
28-Feb-26,SUB_ICB,05V,E38000173,NHS Staffordshire and Stoke-on-Trent ICB - 05V,PALLIATIVE_CARE,415
28-Feb-26,SUB_ICB,05V,E38000173,NHS Staffordshire and Stoke-on-Trent ICB - 05V,DEMENTIA_REGISTER_65_PLUS,1509
28-Feb-26,SUB_ICB,05W,E38000175,NHS Staffordshire and Stoke-on-Trent ICB - 05W,PALLIATIVE_CARE,755
28-Feb-26,SUB_ICB,05W,E38000175,NHS Staffordshire and Stoke-on-Trent ICB - 05W,COMORBIDITIES,2445
28-Feb-26,SUB_ICB,05W,E38000175,NHS Staffordshire and Stoke-on-Trent ICB - 05W,DEMENTIA_REGISTER_65_PLUS,3062
28-Feb-26,SUB_ICB,06L,E38000086,NHS Suffolk and North East Essex ICB - 06L,PALLIATIVE_CARE,535
28-Feb-26,SUB_ICB,06L,E38000086,NHS Suffolk and North East Essex ICB - 06L,COMORBIDITIES,2900
28-Feb-26,SUB_ICB,06L,E38000086,NHS Suffolk and North East Essex ICB - 06L,DEMENTIA_REGISTER_65_PLUS,3984
28-Feb-26,SUB_ICB,06T,E38000117,NHS Suffolk and North East Essex ICB - 06T,PALLIATIVE_CARE,1470
28-Feb-26,SUB_ICB,06T,E38000117,NHS Suffolk and North East Essex ICB - 06T,COMORBIDITIES,2815
28-Feb-26,SUB_ICB,06T,E38000117,NHS Suffolk and North East Essex ICB - 06T,DEMENTIA_REGISTER_65_PLUS,3848
28-Feb-26,SUB_ICB,07K,E38000204,NHS Suffolk and North East Essex ICB - 07K,PALLIATIVE_CARE,305
28-Feb-26,SUB_ICB,07K,E38000204,NHS Suffolk and North East Essex ICB - 07K,COMORBIDITIES,1690
28-Feb-26,SUB_ICB,07K,E38000204,NHS Suffolk and North East Essex ICB - 07K,DEMENTIA_REGISTER_65_PLUS,2362
28-Feb-26,SUB_ICB,92A,E38000264,NHS Surrey Heartlands ICB - 92A,COMORBIDITIES,7330
28-Feb-26,SUB_ICB,92A,E38000264,NHS Surrey Heartlands ICB - 92A,PALLIATIVE_CARE,1105
28-Feb-26,SUB_ICB,92A,E38000264,NHS Surrey Heartlands ICB - 92A,DEMENTIA_REGISTER_65_PLUS,10470
28-Feb-26,SUB_ICB,09D,E38000021,NHS Sussex ICB - 09D,COMORBIDITIES,1325
28-Feb-26,SUB_ICB,09D,E38000021,NHS Sussex ICB - 09D,PALLIATIVE_CARE,225
28-Feb-26,SUB_ICB,09D,E38000021,NHS Sussex ICB - 09D,DEMENTIA_REGISTER_65_PLUS,1936
28-Feb-26,SUB_ICB,70F,E38000265,NHS Sussex ICB - 70F,PALLIATIVE_CARE,1440
28-Feb-26,SUB_ICB,70F,E38000265,NHS Sussex ICB - 70F,COMORBIDITIES,6820
28-Feb-26,SUB_ICB,70F,E38000265,NHS Sussex ICB - 70F,DEMENTIA_REGISTER_65_PLUS,9844
28-Feb-26,SUB_ICB,97R,E38000235,NHS Sussex ICB - 97R,PALLIATIVE_CARE,815
28-Feb-26,SUB_ICB,97R,E38000235,NHS Sussex ICB - 97R,COMORBIDITIES,4310
28-Feb-26,SUB_ICB,97R,E38000235,NHS Sussex ICB - 97R,DEMENTIA_REGISTER_65_PLUS,6300
28-Feb-26,SUB_ICB,02T,E38000025,NHS West Yorkshire ICB - 02T,COMORBIDITIES,1345
28-Feb-26,SUB_ICB,02T,E38000025,NHS West Yorkshire ICB - 02T,PALLIATIVE_CARE,420
28-Feb-26,SUB_ICB,02T,E38000025,NHS West Yorkshire ICB - 02T,DEMENTIA_REGISTER_65_PLUS,1837
28-Feb-26,SUB_ICB,03R,E38000190,NHS West Yorkshire ICB - 03R,PALLIATIVE_CARE,670
28-Feb-26,SUB_ICB,03R,E38000190,NHS West Yorkshire ICB - 03R,COMORBIDITIES,2315
28-Feb-26,SUB_ICB,03R,E38000190,NHS West Yorkshire ICB - 03R,DEMENTIA_REGISTER_65_PLUS,3070
28-Feb-26,SUB_ICB,15F,E38000225,NHS West Yorkshire ICB - 15F,PALLIATIVE_CARE,1225
28-Feb-26,SUB_ICB,15F,E38000225,NHS West Yorkshire ICB - 15F,COMORBIDITIES,5155
28-Feb-26,SUB_ICB,15F,E38000225,NHS West Yorkshire ICB - 15F,DEMENTIA_REGISTER_65_PLUS,6819
28-Feb-26,SUB_ICB,36J,E38000232,NHS West Yorkshire ICB - 36J,COMORBIDITIES,3730
28-Feb-26,SUB_ICB,36J,E38000232,NHS West Yorkshire ICB - 36J,PALLIATIVE_CARE,1645
28-Feb-26,SUB_ICB,36J,E38000232,NHS West Yorkshire ICB - 36J,DEMENTIA_REGISTER_65_PLUS,4991
28-Feb-26,SUB_ICB,X2C4Y,E38000254,NHS West Yorkshire ICB - X2C4Y,COMORBIDITIES,2490
28-Feb-26,SUB_ICB,X2C4Y,E38000254,NHS West Yorkshire ICB - X2C4Y,PALLIATIVE_CARE,920
28-Feb-26,SUB_ICB,X2C4Y,E38000254,NHS West Yorkshire ICB - X2C4Y,DEMENTIA_REGISTER_65_PLUS,3389
31-Jan-26,COUNTRY,ENG,E92000001,ENGLAND,COMORBIDITIES,365133
31-Jan-26,COUNTRY,ENG,E92000001,ENGLAND,PALLIATIVE_CARE,97246
31-Jan-26,COUNTRY,ENG,E92000001,ENGLAND,DEMENTIA_REGISTER_65_PLUS,495181
31-Jan-26,ICB,QOX,E54000040,"NHS Bath and North East Somerset, Swindon and Wiltshire Integrated Care Board",PALLIATIVE_CARE,734
31-Jan-26,ICB,QOX,E54000040,"NHS Bath and North East Somerset, Swindon and Wiltshire Integrated Care Board",COMORBIDITIES,6414
31-Jan-26,ICB,QOX,E54000040,"NHS Bath and North East Somerset, Swindon and Wiltshire Integrated Care Board",DEMENTIA_REGISTER_65_PLUS,8832
31-Jan-26,ICB,QHG,E54000024,"NHS Bedfordshire, Luton and Milton Keynes Integrated Care Board",COMORBIDITIES,5799
31-Jan-26,ICB,QHG,E54000024,"NHS Bedfordshire, Luton and Milton Keynes Integrated Care Board",PALLIATIVE_CARE,1115
31-Jan-26,ICB,QHG,E54000024,"NHS Bedfordshire, Luton and Milton Keynes Integrated Care Board",DEMENTIA_REGISTER_65_PLUS,7602
31-Jan-26,ICB,QHL,E54000055,NHS Birmingham and Solihull Integrated Care Board,COMORBIDITIES,7146
31-Jan-26,ICB,QHL,E54000055,NHS Birmingham and Solihull Integrated Care Board,PALLIATIVE_CARE,2172
31-Jan-26,ICB,QHL,E54000055,NHS Birmingham and Solihull Integrated Care Board,DEMENTIA_REGISTER_65_PLUS,9481
31-Jan-26,ICB,QUA,E54000062,NHS Black Country Integrated Care Board,PALLIATIVE_CARE,2936
31-Jan-26,ICB,QUA,E54000062,NHS Black Country Integrated Care Board,COMORBIDITIES,7697
31-Jan-26,ICB,QUA,E54000062,NHS Black Country Integrated Care Board,DEMENTIA_REGISTER_65_PLUS,9980
31-Jan-26,ICB,QUY,E54000039,"NHS Bristol, North Somerset and South Gloucestershire Integrated Care Board",COMORBIDITIES,6387
31-Jan-26,ICB,QUY,E54000039,"NHS Bristol, North Somerset and South Gloucestershire Integrated Care Board",PALLIATIVE_CARE,1037
31-Jan-26,ICB,QUY,E54000039,"NHS Bristol, North Somerset and South Gloucestershire Integrated Care Board",DEMENTIA_REGISTER_65_PLUS,8757
31-Jan-26,ICB,QU9,E54000044,"NHS Buckinghamshire, Oxfordshire and Berkshire West Integrated Care Board",COMORBIDITIES,10617
31-Jan-26,ICB,QU9,E54000044,"NHS Buckinghamshire, Oxfordshire and Berkshire West Integrated Care Board",PALLIATIVE_CARE,2203
31-Jan-26,ICB,QU9,E54000044,"NHS Buckinghamshire, Oxfordshire and Berkshire West Integrated Care Board",DEMENTIA_REGISTER_65_PLUS,15106
31-Jan-26,ICB,QUE,E54000056,NHS Cambridgeshire and Peterborough Integrated Care Board,PALLIATIVE_CARE,1076
31-Jan-26,ICB,QUE,E54000056,NHS Cambridgeshire and Peterborough Integrated Care Board,COMORBIDITIES,5303
31-Jan-26,ICB,QUE,E54000056,NHS Cambridgeshire and Peterborough Integrated Care Board,DEMENTIA_REGISTER_65_PLUS,7141
31-Jan-26,ICB,QYG,E54000008,NHS Cheshire and Merseyside Integrated Care Board,PALLIATIVE_CARE,6164
31-Jan-26,ICB,QYG,E54000008,NHS Cheshire and Merseyside Integrated Care Board,COMORBIDITIES,17953
31-Jan-26,ICB,QYG,E54000008,NHS Cheshire and Merseyside Integrated Care Board,DEMENTIA_REGISTER_65_PLUS,24301
31-Jan-26,ICB,QT6,E54000036,NHS Cornwall and the Isles of Scilly Integrated Care Board,PALLIATIVE_CARE,391
31-Jan-26,ICB,QT6,E54000036,NHS Cornwall and the Isles of Scilly Integrated Care Board,COMORBIDITIES,4452
31-Jan-26,ICB,QT6,E54000036,NHS Cornwall and the Isles of Scilly Integrated Care Board,DEMENTIA_REGISTER_65_PLUS,6216
31-Jan-26,ICB,QWU,E54000018,NHS Coventry and Warwickshire Integrated Care Board,COMORBIDITIES,5468
31-Jan-26,ICB,QWU,E54000018,NHS Coventry and Warwickshire Integrated Care Board,PALLIATIVE_CARE,1106
31-Jan-26,ICB,QWU,E54000018,NHS Coventry and Warwickshire Integrated Care Board,DEMENTIA_REGISTER_65_PLUS,7549
31-Jan-26,ICB,QJ2,E54000058,NHS Derby and Derbyshire Integrated Care Board,COMORBIDITIES,7787
31-Jan-26,ICB,QJ2,E54000058,NHS Derby and Derbyshire Integrated Care Board,PALLIATIVE_CARE,2436
31-Jan-26,ICB,QJ2,E54000058,NHS Derby and Derbyshire Integrated Care Board,DEMENTIA_REGISTER_65_PLUS,10532
31-Jan-26,ICB,QJK,E54000037,NHS Devon Integrated Care Board,PALLIATIVE_CARE,1290
31-Jan-26,ICB,QJK,E54000037,NHS Devon Integrated Care Board,COMORBIDITIES,8854
31-Jan-26,ICB,QJK,E54000037,NHS Devon Integrated Care Board,DEMENTIA_REGISTER_65_PLUS,12367
31-Jan-26,ICB,QVV,E54000041,NHS Dorset Integrated Care Board,PALLIATIVE_CARE,2132
31-Jan-26,ICB,QVV,E54000041,NHS Dorset Integrated Care Board,COMORBIDITIES,6063
31-Jan-26,ICB,QVV,E54000041,NHS Dorset Integrated Care Board,DEMENTIA_REGISTER_65_PLUS,8599
31-Jan-26,ICB,QNQ,E54000034,NHS Frimley Integrated Care Board,PALLIATIVE_CARE,894
31-Jan-26,ICB,QNQ,E54000034,NHS Frimley Integrated Care Board,COMORBIDITIES,4510
31-Jan-26,ICB,QNQ,E54000034,NHS Frimley Integrated Care Board,DEMENTIA_REGISTER_65_PLUS,6168
31-Jan-26,ICB,QR1,E54000043,NHS Gloucestershire Integrated Care Board,PALLIATIVE_CARE,1201
31-Jan-26,ICB,QR1,E54000043,NHS Gloucestershire Integrated Care Board,COMORBIDITIES,4833
31-Jan-26,ICB,QR1,E54000043,NHS Gloucestershire Integrated Care Board,DEMENTIA_REGISTER_65_PLUS,6779
31-Jan-26,ICB,QOP,E54000057,NHS Greater Manchester Integrated Care Board,PALLIATIVE_CARE,4902
31-Jan-26,ICB,QOP,E54000057,NHS Greater Manchester Integrated Care Board,COMORBIDITIES,17309
31-Jan-26,ICB,QOP,E54000057,NHS Greater Manchester Integrated Care Board,DEMENTIA_REGISTER_65_PLUS,23083
31-Jan-26,ICB,QRL,E54000042,NHS Hampshire and Isle of Wight Integrated Care Board,PALLIATIVE_CARE,2296
31-Jan-26,ICB,QRL,E54000042,NHS Hampshire and Isle of Wight Integrated Care Board,COMORBIDITIES,12895
31-Jan-26,ICB,QRL,E54000042,NHS Hampshire and Isle of Wight Integrated Care Board,DEMENTIA_REGISTER_65_PLUS,17831
31-Jan-26,ICB,QGH,E54000019,NHS Herefordshire and Worcestershire Integrated Care Board,PALLIATIVE_CARE,2115
31-Jan-26,ICB,QGH,E54000019,NHS Herefordshire and Worcestershire Integrated Care Board,COMORBIDITIES,5326
31-Jan-26,ICB,QGH,E54000019,NHS Herefordshire and Worcestershire Integrated Care Board,DEMENTIA_REGISTER_65_PLUS,7443
31-Jan-26,ICB,QM7,E54000025,NHS Hertfordshire and West Essex Integrated Care Board,COMORBIDITIES,9486
31-Jan-26,ICB,QM7,E54000025,NHS Hertfordshire and West Essex Integrated Care Board,PALLIATIVE_CARE,3882
31-Jan-26,ICB,QM7,E54000025,NHS Hertfordshire and West Essex Integrated Care Board,DEMENTIA_REGISTER_65_PLUS,12954
31-Jan-26,ICB,QOQ,E54000051,NHS Humber and North Yorkshire Integrated Care Board,PALLIATIVE_CARE,3527
31-Jan-26,ICB,QOQ,E54000051,NHS Humber and North Yorkshire Integrated Care Board,COMORBIDITIES,12221
31-Jan-26,ICB,QOQ,E54000051,NHS Humber and North Yorkshire Integrated Care Board,DEMENTIA_REGISTER_65_PLUS,16714
31-Jan-26,ICB,QKS,E54000032,NHS Kent and Medway Integrated Care Board,PALLIATIVE_CARE,2843
31-Jan-26,ICB,QKS,E54000032,NHS Kent and Medway Integrated Care Board,COMORBIDITIES,11872
31-Jan-26,ICB,QKS,E54000032,NHS Kent and Medway Integrated Care Board,DEMENTIA_REGISTER_65_PLUS,16375
31-Jan-26,ICB,QE1,E54000048,NHS Lancashire and South Cumbria Integrated Care Board,COMORBIDITIES,12221
31-Jan-26,ICB,QE1,E54000048,NHS Lancashire and South Cumbria Integrated Care Board,PALLIATIVE_CARE,4398
31-Jan-26,ICB,QE1,E54000048,NHS Lancashire and South Cumbria Integrated Care Board,DEMENTIA_REGISTER_65_PLUS,16679
31-Jan-26,ICB,QK1,E54000015,"NHS Leicester, Leicestershire and Rutland Integrated Care Board",COMORBIDITIES,6630
31-Jan-26,ICB,QK1,E54000015,"NHS Leicester, Leicestershire and Rutland Integrated Care Board",PALLIATIVE_CARE,2253
31-Jan-26,ICB,QK1,E54000015,"NHS Leicester, Leicestershire and Rutland Integrated Care Board",DEMENTIA_REGISTER_65_PLUS,8983
31-Jan-26,ICB,QJM,E54000013,NHS Lincolnshire Integrated Care Board,PALLIATIVE_CARE,2048
31-Jan-26,ICB,QJM,E54000013,NHS Lincolnshire Integrated Care Board,COMORBIDITIES,6697
31-Jan-26,ICB,QJM,E54000013,NHS Lincolnshire Integrated Care Board,DEMENTIA_REGISTER_65_PLUS,8999
31-Jan-26,ICB,QH8,E54000026,NHS Mid and South Essex Integrated Care Board,COMORBIDITIES,8289
31-Jan-26,ICB,QH8,E54000026,NHS Mid and South Essex Integrated Care Board,PALLIATIVE_CARE,2632
31-Jan-26,ICB,QH8,E54000026,NHS Mid and South Essex Integrated Care Board,DEMENTIA_REGISTER_65_PLUS,11287
31-Jan-26,ICB,QMM,E54000022,NHS Norfolk and Waveney Integrated Care Board,PALLIATIVE_CARE,1220
31-Jan-26,ICB,QMM,E54000022,NHS Norfolk and Waveney Integrated Care Board,COMORBIDITIES,8645
31-Jan-26,ICB,QMM,E54000022,NHS Norfolk and Waveney Integrated Care Board,DEMENTIA_REGISTER_65_PLUS,11825
31-Jan-26,ICB,QMJ,E54000028,NHS North Central London Integrated Care Board,PALLIATIVE_CARE,1472
31-Jan-26,ICB,QMJ,E54000028,NHS North Central London Integrated Care Board,COMORBIDITIES,7101
31-Jan-26,ICB,QMJ,E54000028,NHS North Central London Integrated Care Board,DEMENTIA_REGISTER_65_PLUS,9193
31-Jan-26,ICB,QMF,E54000029,NHS North East London Integrated Care Board,PALLIATIVE_CARE,2454
31-Jan-26,ICB,QMF,E54000029,NHS North East London Integrated Care Board,COMORBIDITIES,7013
31-Jan-26,ICB,QMF,E54000029,NHS North East London Integrated Care Board,DEMENTIA_REGISTER_65_PLUS,8795
31-Jan-26,ICB,QHM,E54000050,NHS North East and North Cumbria Integrated Care Board,COMORBIDITIES,22010
31-Jan-26,ICB,QHM,E54000050,NHS North East and North Cumbria Integrated Care Board,PALLIATIVE_CARE,5006
31-Jan-26,ICB,QHM,E54000050,NHS North East and North Cumbria Integrated Care Board,DEMENTIA_REGISTER_65_PLUS,29072
31-Jan-26,ICB,QRV,E54000027,NHS North West London Integrated Care Board,PALLIATIVE_CARE,3248
31-Jan-26,ICB,QRV,E54000027,NHS North West London Integrated Care Board,COMORBIDITIES,10485
31-Jan-26,ICB,QRV,E54000027,NHS North West London Integrated Care Board,DEMENTIA_REGISTER_65_PLUS,13170
31-Jan-26,ICB,QPM,E54000059,NHS Northamptonshire Integrated Care Board,PALLIATIVE_CARE,546
31-Jan-26,ICB,QPM,E54000059,NHS Northamptonshire Integrated Care Board,COMORBIDITIES,4714
31-Jan-26,ICB,QPM,E54000059,NHS Northamptonshire Integrated Care Board,DEMENTIA_REGISTER_65_PLUS,6233
31-Jan-26,ICB,QT1,E54000060,NHS Nottingham and Nottinghamshire Integrated Care Board,PALLIATIVE_CARE,3665
31-Jan-26,ICB,QT1,E54000060,NHS Nottingham and Nottinghamshire Integrated Care Board,COMORBIDITIES,7593
31-Jan-26,ICB,QT1,E54000060,NHS Nottingham and Nottinghamshire Integrated Care Board,DEMENTIA_REGISTER_65_PLUS,10494
31-Jan-26,ICB,QOC,E54000011,"NHS Shropshire, Telford and Wrekin Integrated Care Board",PALLIATIVE_CARE,494
31-Jan-26,ICB,QOC,E54000011,"NHS Shropshire, Telford and Wrekin Integrated Care Board",COMORBIDITIES,3580
31-Jan-26,ICB,QOC,E54000011,"NHS Shropshire, Telford and Wrekin Integrated Care Board",DEMENTIA_REGISTER_65_PLUS,4952
31-Jan-26,ICB,QSL,E54000038,NHS Somerset Integrated Care Board,PALLIATIVE_CARE,559
31-Jan-26,ICB,QSL,E54000038,NHS Somerset Integrated Care Board,COMORBIDITIES,4169
31-Jan-26,ICB,QSL,E54000038,NHS Somerset Integrated Care Board,DEMENTIA_REGISTER_65_PLUS,5743
31-Jan-26,ICB,QKK,E54000030,NHS South East London Integrated Care Board,PALLIATIVE_CARE,2309
31-Jan-26,ICB,QKK,E54000030,NHS South East London Integrated Care Board,COMORBIDITIES,8482
31-Jan-26,ICB,QKK,E54000030,NHS South East London Integrated Care Board,DEMENTIA_REGISTER_65_PLUS,11099
31-Jan-26,ICB,QWE,E54000031,NHS South West London Integrated Care Board,PALLIATIVE_CARE,2259
31-Jan-26,ICB,QWE,E54000031,NHS South West London Integrated Care Board,COMORBIDITIES,8108
31-Jan-26,ICB,QWE,E54000031,NHS South West London Integrated Care Board,DEMENTIA_REGISTER_65_PLUS,11030
31-Jan-26,ICB,QF7,E54000061,NHS South Yorkshire Integrated Care Board,PALLIATIVE_CARE,2322
31-Jan-26,ICB,QF7,E54000061,NHS South Yorkshire Integrated Care Board,COMORBIDITIES,9762
31-Jan-26,ICB,QF7,E54000061,NHS South Yorkshire Integrated Care Board,DEMENTIA_REGISTER_65_PLUS,12934
31-Jan-26,ICB,QNC,E54000010,NHS Staffordshire and Stoke-on-Trent Integrated Care Board,PALLIATIVE_CARE,3148
31-Jan-26,ICB,QNC,E54000010,NHS Staffordshire and Stoke-on-Trent Integrated Care Board,COMORBIDITIES,9063
31-Jan-26,ICB,QNC,E54000010,NHS Staffordshire and Stoke-on-Trent Integrated Care Board,DEMENTIA_REGISTER_65_PLUS,12066
31-Jan-26,ICB,QJG,E54000023,NHS Suffolk and North East Essex Integrated Care Board,COMORBIDITIES,7391
31-Jan-26,ICB,QJG,E54000023,NHS Suffolk and North East Essex Integrated Care Board,PALLIATIVE_CARE,2307
31-Jan-26,ICB,QJG,E54000023,NHS Suffolk and North East Essex Integrated Care Board,DEMENTIA_REGISTER_65_PLUS,10166
31-Jan-26,ICB,QXU,E54000063,NHS Surrey Heartlands ICB,COMORBIDITIES,7364
31-Jan-26,ICB,QXU,E54000063,NHS Surrey Heartlands ICB,PALLIATIVE_CARE,1089
31-Jan-26,ICB,QXU,E54000063,NHS Surrey Heartlands ICB,DEMENTIA_REGISTER_65_PLUS,10508
31-Jan-26,ICB,QNX,E54000064,NHS Sussex ICB,PALLIATIVE_CARE,2471
31-Jan-26,ICB,QNX,E54000064,NHS Sussex ICB,COMORBIDITIES,12457
31-Jan-26,ICB,QNX,E54000064,NHS Sussex ICB,DEMENTIA_REGISTER_65_PLUS,18097
31-Jan-26,ICB,QWO,E54000054,NHS West Yorkshire Integrated Care Board,PALLIATIVE_CARE,4894
31-Jan-26,ICB,QWO,E54000054,NHS West Yorkshire Integrated Care Board,COMORBIDITIES,14967
31-Jan-26,ICB,QWO,E54000054,NHS West Yorkshire Integrated Care Board,DEMENTIA_REGISTER_65_PLUS,20046
31-Jan-26,REGION,Y61,E40000013,East of England,COMORBIDITIES,44913
31-Jan-26,REGION,Y61,E40000013,East of England,PALLIATIVE_CARE,12232
31-Jan-26,REGION,Y61,E40000013,East of England,DEMENTIA_REGISTER_65_PLUS,60975
31-Jan-26,REGION,Y56,E40000003,London,COMORBIDITIES,41189
31-Jan-26,REGION,Y56,E40000003,London,PALLIATIVE_CARE,11742
31-Jan-26,REGION,Y56,E40000003,London,DEMENTIA_REGISTER_65_PLUS,53287
31-Jan-26,REGION,Y60,E40000011,Midlands,PALLIATIVE_CARE,22919
31-Jan-26,REGION,Y60,E40000011,Midlands,COMORBIDITIES,71701
31-Jan-26,REGION,Y60,E40000011,Midlands,DEMENTIA_REGISTER_65_PLUS,96712
31-Jan-26,REGION,Y63,E40000012,North East and Yorkshire,PALLIATIVE_CARE,15749
31-Jan-26,REGION,Y63,E40000012,North East and Yorkshire,COMORBIDITIES,58960
31-Jan-26,REGION,Y63,E40000012,North East and Yorkshire,DEMENTIA_REGISTER_65_PLUS,78766
31-Jan-26,REGION,Y62,E40000014,North West,PALLIATIVE_CARE,15464
31-Jan-26,REGION,Y62,E40000014,North West,COMORBIDITIES,47483
31-Jan-26,REGION,Y62,E40000014,North West,DEMENTIA_REGISTER_65_PLUS,64063
31-Jan-26,REGION,Y59,E40000005,South East,PALLIATIVE_CARE,11796
31-Jan-26,REGION,Y59,E40000005,South East,COMORBIDITIES,59715
31-Jan-26,REGION,Y59,E40000005,South East,DEMENTIA_REGISTER_65_PLUS,84085
31-Jan-26,REGION,Y58,E40000006,South West,PALLIATIVE_CARE,7344
31-Jan-26,REGION,Y58,E40000006,South West,COMORBIDITIES,41172
31-Jan-26,REGION,Y58,E40000006,South West,DEMENTIA_REGISTER_65_PLUS,57293
31-Jan-26,SUB_ICB,92G,E38000231,"NHS Bath and North East Somerset, Swindon and Wiltshire ICB - 92G",PALLIATIVE_CARE,735
31-Jan-26,SUB_ICB,92G,E38000231,"NHS Bath and North East Somerset, Swindon and Wiltshire ICB - 92G",COMORBIDITIES,6415
31-Jan-26,SUB_ICB,92G,E38000231,"NHS Bath and North East Somerset, Swindon and Wiltshire ICB - 92G",DEMENTIA_REGISTER_65_PLUS,8832
31-Jan-26,SUB_ICB,M1J4Y,E38000249,"NHS Bedfordshire, Luton and Milton Keynes ICB - M1J4Y",COMORBIDITIES,5800
31-Jan-26,SUB_ICB,M1J4Y,E38000249,"NHS Bedfordshire, Luton and Milton Keynes ICB - M1J4Y",PALLIATIVE_CARE,1115
31-Jan-26,SUB_ICB,M1J4Y,E38000249,"NHS Bedfordshire, Luton and Milton Keynes ICB - M1J4Y",DEMENTIA_REGISTER_65_PLUS,7602
31-Jan-26,SUB_ICB,15E,E38000258,NHS Birmingham and Solihull ICB - 15E,COMORBIDITIES,7145
31-Jan-26,SUB_ICB,15E,E38000258,NHS Birmingham and Solihull ICB - 15E,PALLIATIVE_CARE,2170
31-Jan-26,SUB_ICB,15E,E38000258,NHS Birmingham and Solihull ICB - 15E,DEMENTIA_REGISTER_65_PLUS,9481
31-Jan-26,SUB_ICB,D2P2L,E38000259,NHS Black Country ICB - D2P2L,PALLIATIVE_CARE,2935
31-Jan-26,SUB_ICB,D2P2L,E38000259,NHS Black Country ICB - D2P2L,COMORBIDITIES,7695
31-Jan-26,SUB_ICB,D2P2L,E38000259,NHS Black Country ICB - D2P2L,DEMENTIA_REGISTER_65_PLUS,9980
31-Jan-26,SUB_ICB,15C,E38000222,"NHS Bristol, North Somerset and South Gloucestershire ICB - 15C",COMORBIDITIES,6385
31-Jan-26,SUB_ICB,15C,E38000222,"NHS Bristol, North Somerset and South Gloucestershire ICB - 15C",PALLIATIVE_CARE,1035
31-Jan-26,SUB_ICB,15C,E38000222,"NHS Bristol, North Somerset and South Gloucestershire ICB - 15C",DEMENTIA_REGISTER_65_PLUS,8757
31-Jan-26,SUB_ICB,10Q,E38000136,"NHS Buckinghamshire, Oxfordshire and Berkshire West ICB - 10Q",COMORBIDITIES,4455
31-Jan-26,SUB_ICB,10Q,E38000136,"NHS Buckinghamshire, Oxfordshire and Berkshire West ICB - 10Q",PALLIATIVE_CARE,760
31-Jan-26,SUB_ICB,10Q,E38000136,"NHS Buckinghamshire, Oxfordshire and Berkshire West ICB - 10Q",DEMENTIA_REGISTER_65_PLUS,6455
31-Jan-26,SUB_ICB,14Y,E38000223,"NHS Buckinghamshire, Oxfordshire and Berkshire West ICB - 14Y",PALLIATIVE_CARE,675
31-Jan-26,SUB_ICB,14Y,E38000223,"NHS Buckinghamshire, Oxfordshire and Berkshire West ICB - 14Y",COMORBIDITIES,3250
31-Jan-26,SUB_ICB,14Y,E38000223,"NHS Buckinghamshire, Oxfordshire and Berkshire West ICB - 14Y",DEMENTIA_REGISTER_65_PLUS,4587
31-Jan-26,SUB_ICB,15A,E38000221,"NHS Buckinghamshire, Oxfordshire and Berkshire West ICB - 15A",COMORBIDITIES,2910
31-Jan-26,SUB_ICB,15A,E38000221,"NHS Buckinghamshire, Oxfordshire and Berkshire West ICB - 15A",PALLIATIVE_CARE,770
31-Jan-26,SUB_ICB,15A,E38000221,"NHS Buckinghamshire, Oxfordshire and Berkshire West ICB - 15A",DEMENTIA_REGISTER_65_PLUS,4064
31-Jan-26,SUB_ICB,06H,E38000260,NHS Cambridgeshire and Peterborough ICB - 06H,COMORBIDITIES,5305
31-Jan-26,SUB_ICB,06H,E38000260,NHS Cambridgeshire and Peterborough ICB - 06H,PALLIATIVE_CARE,1075
31-Jan-26,SUB_ICB,06H,E38000260,NHS Cambridgeshire and Peterborough ICB - 06H,DEMENTIA_REGISTER_65_PLUS,7141
31-Jan-26,SUB_ICB,01F,E38000068,NHS Cheshire and Merseyside ICB - 01F,COMORBIDITIES,785
31-Jan-26,SUB_ICB,01F,E38000068,NHS Cheshire and Merseyside ICB - 01F,PALLIATIVE_CARE,185
31-Jan-26,SUB_ICB,01F,E38000068,NHS Cheshire and Merseyside ICB - 01F,DEMENTIA_REGISTER_65_PLUS,1019
31-Jan-26,SUB_ICB,01J,E38000091,NHS Cheshire and Merseyside ICB - 01J,PALLIATIVE_CARE,365
31-Jan-26,SUB_ICB,01J,E38000091,NHS Cheshire and Merseyside ICB - 01J,COMORBIDITIES,895
31-Jan-26,SUB_ICB,01J,E38000091,NHS Cheshire and Merseyside ICB - 01J,DEMENTIA_REGISTER_65_PLUS,1148
31-Jan-26,SUB_ICB,01T,E38000161,NHS Cheshire and Merseyside ICB - 01T,COMORBIDITIES,910
31-Jan-26,SUB_ICB,01T,E38000161,NHS Cheshire and Merseyside ICB - 01T,PALLIATIVE_CARE,425
31-Jan-26,SUB_ICB,01T,E38000161,NHS Cheshire and Merseyside ICB - 01T,DEMENTIA_REGISTER_65_PLUS,1229
31-Jan-26,SUB_ICB,01V,E38000170,NHS Cheshire and Merseyside ICB - 01V,COMORBIDITIES,1310
31-Jan-26,SUB_ICB,01V,E38000170,NHS Cheshire and Merseyside ICB - 01V,PALLIATIVE_CARE,535
31-Jan-26,SUB_ICB,01V,E38000170,NHS Cheshire and Merseyside ICB - 01V,DEMENTIA_REGISTER_65_PLUS,1863
31-Jan-26,SUB_ICB,01X,E38000172,NHS Cheshire and Merseyside ICB - 01X,PALLIATIVE_CARE,390
31-Jan-26,SUB_ICB,01X,E38000172,NHS Cheshire and Merseyside ICB - 01X,COMORBIDITIES,1345
31-Jan-26,SUB_ICB,01X,E38000172,NHS Cheshire and Merseyside ICB - 01X,DEMENTIA_REGISTER_65_PLUS,1797
31-Jan-26,SUB_ICB,02E,E38000194,NHS Cheshire and Merseyside ICB - 02E,PALLIATIVE_CARE,940
31-Jan-26,SUB_ICB,02E,E38000194,NHS Cheshire and Merseyside ICB - 02E,COMORBIDITIES,1510
31-Jan-26,SUB_ICB,02E,E38000194,NHS Cheshire and Merseyside ICB - 02E,DEMENTIA_REGISTER_65_PLUS,2067
31-Jan-26,SUB_ICB,12F,E38000208,NHS Cheshire and Merseyside ICB - 12F,PALLIATIVE_CARE,1060
31-Jan-26,SUB_ICB,12F,E38000208,NHS Cheshire and Merseyside ICB - 12F,COMORBIDITIES,2465
31-Jan-26,SUB_ICB,12F,E38000208,NHS Cheshire and Merseyside ICB - 12F,DEMENTIA_REGISTER_65_PLUS,3350
31-Jan-26,SUB_ICB,27D,E38000233,NHS Cheshire and Merseyside ICB - 27D,COMORBIDITIES,5975
31-Jan-26,SUB_ICB,27D,E38000233,NHS Cheshire and Merseyside ICB - 27D,PALLIATIVE_CARE,1660
31-Jan-26,SUB_ICB,27D,E38000233,NHS Cheshire and Merseyside ICB - 27D,DEMENTIA_REGISTER_65_PLUS,8253
31-Jan-26,SUB_ICB,99A,E38000101,NHS Cheshire and Merseyside ICB - 99A,COMORBIDITIES,2760
31-Jan-26,SUB_ICB,99A,E38000101,NHS Cheshire and Merseyside ICB - 99A,PALLIATIVE_CARE,605
31-Jan-26,SUB_ICB,99A,E38000101,NHS Cheshire and Merseyside ICB - 99A,DEMENTIA_REGISTER_65_PLUS,3575
31-Jan-26,SUB_ICB,11N,E38000089,NHS Cornwall and the Isles of Scilly ICB - 11N,COMORBIDITIES,4450
31-Jan-26,SUB_ICB,11N,E38000089,NHS Cornwall and the Isles of Scilly ICB - 11N,PALLIATIVE_CARE,390
31-Jan-26,SUB_ICB,11N,E38000089,NHS Cornwall and the Isles of Scilly ICB - 11N,DEMENTIA_REGISTER_65_PLUS,6216
31-Jan-26,SUB_ICB,B2M3M,E38000251,NHS Coventry and Warwickshire ICB - B2M3M,COMORBIDITIES,5470
31-Jan-26,SUB_ICB,B2M3M,E38000251,NHS Coventry and Warwickshire ICB - B2M3M,PALLIATIVE_CARE,1105
31-Jan-26,SUB_ICB,B2M3M,E38000251,NHS Coventry and Warwickshire ICB - B2M3M,DEMENTIA_REGISTER_65_PLUS,7549
31-Jan-26,SUB_ICB,15M,E38000261,NHS Derby and Derbyshire ICB - 15M,PALLIATIVE_CARE,2435
31-Jan-26,SUB_ICB,15M,E38000261,NHS Derby and Derbyshire ICB - 15M,COMORBIDITIES,7785
31-Jan-26,SUB_ICB,15M,E38000261,NHS Derby and Derbyshire ICB - 15M,DEMENTIA_REGISTER_65_PLUS,10532
31-Jan-26,SUB_ICB,15N,E38000230,NHS Devon ICB - 15N,PALLIATIVE_CARE,1290
31-Jan-26,SUB_ICB,15N,E38000230,NHS Devon ICB - 15N,COMORBIDITIES,8855
31-Jan-26,SUB_ICB,15N,E38000230,NHS Devon ICB - 15N,DEMENTIA_REGISTER_65_PLUS,12367
31-Jan-26,SUB_ICB,11J,E38000045,NHS Dorset ICB - 11J,COMORBIDITIES,6065
31-Jan-26,SUB_ICB,11J,E38000045,NHS Dorset ICB - 11J,PALLIATIVE_CARE,2130
31-Jan-26,SUB_ICB,11J,E38000045,NHS Dorset ICB - 11J,DEMENTIA_REGISTER_65_PLUS,8599
31-Jan-26,SUB_ICB,D4U1Y,E38000252,NHS Frimley ICB - D4U1Y,COMORBIDITIES,4510
31-Jan-26,SUB_ICB,D4U1Y,E38000252,NHS Frimley ICB - D4U1Y,PALLIATIVE_CARE,895
31-Jan-26,SUB_ICB,D4U1Y,E38000252,NHS Frimley ICB - D4U1Y,DEMENTIA_REGISTER_65_PLUS,6168
31-Jan-26,SUB_ICB,11M,E38000062,NHS Gloucestershire ICB - 11M,COMORBIDITIES,4835
31-Jan-26,SUB_ICB,11M,E38000062,NHS Gloucestershire ICB - 11M,PALLIATIVE_CARE,1200
31-Jan-26,SUB_ICB,11M,E38000062,NHS Gloucestershire ICB - 11M,DEMENTIA_REGISTER_65_PLUS,6779
31-Jan-26,SUB_ICB,00T,E38000016,NHS Greater Manchester ICB - 00T,COMORBIDITIES,1795
31-Jan-26,SUB_ICB,00T,E38000016,NHS Greater Manchester ICB - 00T,PALLIATIVE_CARE,315
31-Jan-26,SUB_ICB,00T,E38000016,NHS Greater Manchester ICB - 00T,DEMENTIA_REGISTER_65_PLUS,2413
31-Jan-26,SUB_ICB,00V,E38000024,NHS Greater Manchester ICB - 00V,PALLIATIVE_CARE,275
31-Jan-26,SUB_ICB,00V,E38000024,NHS Greater Manchester ICB - 00V,COMORBIDITIES,1330
31-Jan-26,SUB_ICB,00V,E38000024,NHS Greater Manchester ICB - 00V,DEMENTIA_REGISTER_65_PLUS,1893
31-Jan-26,SUB_ICB,00Y,E38000135,NHS Greater Manchester ICB - 00Y,PALLIATIVE_CARE,295
31-Jan-26,SUB_ICB,00Y,E38000135,NHS Greater Manchester ICB - 00Y,COMORBIDITIES,1455
31-Jan-26,SUB_ICB,00Y,E38000135,NHS Greater Manchester ICB - 00Y,DEMENTIA_REGISTER_65_PLUS,1960
31-Jan-26,SUB_ICB,01D,E38000080,NHS Greater Manchester ICB - 01D,PALLIATIVE_CARE,495
31-Jan-26,SUB_ICB,01D,E38000080,NHS Greater Manchester ICB - 01D,COMORBIDITIES,1395
31-Jan-26,SUB_ICB,01D,E38000080,NHS Greater Manchester ICB - 01D,DEMENTIA_REGISTER_65_PLUS,1844
31-Jan-26,SUB_ICB,01G,E38000143,NHS Greater Manchester ICB - 01G,PALLIATIVE_CARE,350
31-Jan-26,SUB_ICB,01G,E38000143,NHS Greater Manchester ICB - 01G,COMORBIDITIES,1405
31-Jan-26,SUB_ICB,01G,E38000143,NHS Greater Manchester ICB - 01G,DEMENTIA_REGISTER_65_PLUS,1877
31-Jan-26,SUB_ICB,01W,E38000174,NHS Greater Manchester ICB - 01W,PALLIATIVE_CARE,655
31-Jan-26,SUB_ICB,01W,E38000174,NHS Greater Manchester ICB - 01W,COMORBIDITIES,2420
31-Jan-26,SUB_ICB,01W,E38000174,NHS Greater Manchester ICB - 01W,DEMENTIA_REGISTER_65_PLUS,3285
31-Jan-26,SUB_ICB,01Y,E38000263,NHS Greater Manchester ICB - 01Y,PALLIATIVE_CARE,685
31-Jan-26,SUB_ICB,01Y,E38000263,NHS Greater Manchester ICB - 01Y,COMORBIDITIES,1390
31-Jan-26,SUB_ICB,01Y,E38000263,NHS Greater Manchester ICB - 01Y,DEMENTIA_REGISTER_65_PLUS,1760
31-Jan-26,SUB_ICB,02A,E38000187,NHS Greater Manchester ICB - 02A,COMORBIDITIES,1510
31-Jan-26,SUB_ICB,02A,E38000187,NHS Greater Manchester ICB - 02A,PALLIATIVE_CARE,250
31-Jan-26,SUB_ICB,02A,E38000187,NHS Greater Manchester ICB - 02A,DEMENTIA_REGISTER_65_PLUS,2081
31-Jan-26,SUB_ICB,02H,E38000205,NHS Greater Manchester ICB - 02H,PALLIATIVE_CARE,1095
31-Jan-26,SUB_ICB,02H,E38000205,NHS Greater Manchester ICB - 02H,COMORBIDITIES,2325
31-Jan-26,SUB_ICB,02H,E38000205,NHS Greater Manchester ICB - 02H,DEMENTIA_REGISTER_65_PLUS,3023
31-Jan-26,SUB_ICB,14L,E38000217,NHS Greater Manchester ICB - 14L,COMORBIDITIES,2280
31-Jan-26,SUB_ICB,14L,E38000217,NHS Greater Manchester ICB - 14L,PALLIATIVE_CARE,485
31-Jan-26,SUB_ICB,14L,E38000217,NHS Greater Manchester ICB - 14L,DEMENTIA_REGISTER_65_PLUS,2947
31-Jan-26,SUB_ICB,10R,E38000137,NHS Hampshire and Isle of Wight ICB - 10R,COMORBIDITIES,1205
31-Jan-26,SUB_ICB,10R,E38000137,NHS Hampshire and Isle of Wight ICB - 10R,PALLIATIVE_CARE,355
31-Jan-26,SUB_ICB,10R,E38000137,NHS Hampshire and Isle of Wight ICB - 10R,DEMENTIA_REGISTER_65_PLUS,1566
31-Jan-26,SUB_ICB,D9Y0V,E38000253,NHS Hampshire and Isle of Wight ICB - D9Y0V,COMORBIDITIES,11690
31-Jan-26,SUB_ICB,D9Y0V,E38000253,NHS Hampshire and Isle of Wight ICB - D9Y0V,PALLIATIVE_CARE,1940
31-Jan-26,SUB_ICB,D9Y0V,E38000253,NHS Hampshire and Isle of Wight ICB - D9Y0V,DEMENTIA_REGISTER_65_PLUS,16265
31-Jan-26,SUB_ICB,18C,E38000236,NHS Herefordshire and Worcestershire ICB - 18C,COMORBIDITIES,5325
31-Jan-26,SUB_ICB,18C,E38000236,NHS Herefordshire and Worcestershire ICB - 18C,PALLIATIVE_CARE,2115
31-Jan-26,SUB_ICB,18C,E38000236,NHS Herefordshire and Worcestershire ICB - 18C,DEMENTIA_REGISTER_65_PLUS,7443
31-Jan-26,SUB_ICB,06K,E38000049,NHS Hertfordshire and West Essex ICB - 06K,PALLIATIVE_CARE,1755
31-Jan-26,SUB_ICB,06K,E38000049,NHS Hertfordshire and West Essex ICB - 06K,COMORBIDITIES,3460
31-Jan-26,SUB_ICB,06K,E38000049,NHS Hertfordshire and West Essex ICB - 06K,DEMENTIA_REGISTER_65_PLUS,4757
31-Jan-26,SUB_ICB,06N,E38000079,NHS Hertfordshire and West Essex ICB - 06N,PALLIATIVE_CARE,1080
31-Jan-26,SUB_ICB,06N,E38000079,NHS Hertfordshire and West Essex ICB - 06N,COMORBIDITIES,3755
31-Jan-26,SUB_ICB,06N,E38000079,NHS Hertfordshire and West Essex ICB - 06N,DEMENTIA_REGISTER_65_PLUS,5117
31-Jan-26,SUB_ICB,07H,E38000197,NHS Hertfordshire and West Essex ICB - 07H,PALLIATIVE_CARE,1050
31-Jan-26,SUB_ICB,07H,E38000197,NHS Hertfordshire and West Essex ICB - 07H,COMORBIDITIES,2270
31-Jan-26,SUB_ICB,07H,E38000197,NHS Hertfordshire and West Essex ICB - 07H,DEMENTIA_REGISTER_65_PLUS,3080
31-Jan-26,SUB_ICB,02Y,E38000052,NHS Humber and North Yorkshire ICB - 02Y,PALLIATIVE_CARE,420
31-Jan-26,SUB_ICB,02Y,E38000052,NHS Humber and North Yorkshire ICB - 02Y,COMORBIDITIES,2505
31-Jan-26,SUB_ICB,02Y,E38000052,NHS Humber and North Yorkshire ICB - 02Y,DEMENTIA_REGISTER_65_PLUS,3453
31-Jan-26,SUB_ICB,03F,E38000085,NHS Humber and North Yorkshire ICB - 03F,COMORBIDITIES,1540
31-Jan-26,SUB_ICB,03F,E38000085,NHS Humber and North Yorkshire ICB - 03F,PALLIATIVE_CARE,220
31-Jan-26,SUB_ICB,03F,E38000085,NHS Humber and North Yorkshire ICB - 03F,DEMENTIA_REGISTER_65_PLUS,1991
31-Jan-26,SUB_ICB,03H,E38000119,NHS Humber and North Yorkshire ICB - 03H,PALLIATIVE_CARE,455
31-Jan-26,SUB_ICB,03H,E38000119,NHS Humber and North Yorkshire ICB - 03H,COMORBIDITIES,1280
31-Jan-26,SUB_ICB,03H,E38000119,NHS Humber and North Yorkshire ICB - 03H,DEMENTIA_REGISTER_65_PLUS,1748
31-Jan-26,SUB_ICB,03K,E38000122,NHS Humber and North Yorkshire ICB - 03K,PALLIATIVE_CARE,825
31-Jan-26,SUB_ICB,03K,E38000122,NHS Humber and North Yorkshire ICB - 03K,COMORBIDITIES,1305
31-Jan-26,SUB_ICB,03K,E38000122,NHS Humber and North Yorkshire ICB - 03K,DEMENTIA_REGISTER_65_PLUS,1761
31-Jan-26,SUB_ICB,03Q,E38000188,NHS Humber and North Yorkshire ICB - 03Q,PALLIATIVE_CARE,470
31-Jan-26,SUB_ICB,03Q,E38000188,NHS Humber and North Yorkshire ICB - 03Q,COMORBIDITIES,1425
31-Jan-26,SUB_ICB,03Q,E38000188,NHS Humber and North Yorkshire ICB - 03Q,DEMENTIA_REGISTER_65_PLUS,1953
31-Jan-26,SUB_ICB,42D,E38000241,NHS Humber and North Yorkshire ICB - 42D,COMORBIDITIES,4160
31-Jan-26,SUB_ICB,42D,E38000241,NHS Humber and North Yorkshire ICB - 42D,PALLIATIVE_CARE,1130
31-Jan-26,SUB_ICB,42D,E38000241,NHS Humber and North Yorkshire ICB - 42D,DEMENTIA_REGISTER_65_PLUS,5808
31-Jan-26,SUB_ICB,91Q,E38000237,NHS Kent and Medway ICB - 91Q,COMORBIDITIES,11870
31-Jan-26,SUB_ICB,91Q,E38000237,NHS Kent and Medway ICB - 91Q,PALLIATIVE_CARE,2845
31-Jan-26,SUB_ICB,91Q,E38000237,NHS Kent and Medway ICB - 91Q,DEMENTIA_REGISTER_65_PLUS,16375
31-Jan-26,SUB_ICB,00Q,E38000014,NHS Lancashire and South Cumbria ICB - 00Q,PALLIATIVE_CARE,215
31-Jan-26,SUB_ICB,00Q,E38000014,NHS Lancashire and South Cumbria ICB - 00Q,COMORBIDITIES,815
31-Jan-26,SUB_ICB,00Q,E38000014,NHS Lancashire and South Cumbria ICB - 00Q,DEMENTIA_REGISTER_65_PLUS,1030
31-Jan-26,SUB_ICB,00R,E38000015,NHS Lancashire and South Cumbria ICB - 00R,PALLIATIVE_CARE,595
31-Jan-26,SUB_ICB,00R,E38000015,NHS Lancashire and South Cumbria ICB - 00R,COMORBIDITIES,1185
31-Jan-26,SUB_ICB,00R,E38000015,NHS Lancashire and South Cumbria ICB - 00R,DEMENTIA_REGISTER_65_PLUS,1585
31-Jan-26,SUB_ICB,00X,E38000034,NHS Lancashire and South Cumbria ICB - 00X,PALLIATIVE_CARE,425
31-Jan-26,SUB_ICB,00X,E38000034,NHS Lancashire and South Cumbria ICB - 00X,COMORBIDITIES,1380
31-Jan-26,SUB_ICB,00X,E38000034,NHS Lancashire and South Cumbria ICB - 00X,DEMENTIA_REGISTER_65_PLUS,1851
31-Jan-26,SUB_ICB,01A,E38000050,NHS Lancashire and South Cumbria ICB - 01A,PALLIATIVE_CARE,830
31-Jan-26,SUB_ICB,01A,E38000050,NHS Lancashire and South Cumbria ICB - 01A,COMORBIDITIES,2225
31-Jan-26,SUB_ICB,01A,E38000050,NHS Lancashire and South Cumbria ICB - 01A,DEMENTIA_REGISTER_65_PLUS,3040
31-Jan-26,SUB_ICB,01E,E38000227,NHS Lancashire and South Cumbria ICB - 01E,PALLIATIVE_CARE,475
31-Jan-26,SUB_ICB,01E,E38000227,NHS Lancashire and South Cumbria ICB - 01E,COMORBIDITIES,1310
31-Jan-26,SUB_ICB,01E,E38000227,NHS Lancashire and South Cumbria ICB - 01E,DEMENTIA_REGISTER_65_PLUS,1791
31-Jan-26,SUB_ICB,01K,E38000228,NHS Lancashire and South Cumbria ICB - 01K,COMORBIDITIES,2745
31-Jan-26,SUB_ICB,01K,E38000228,NHS Lancashire and South Cumbria ICB - 01K,PALLIATIVE_CARE,780
31-Jan-26,SUB_ICB,01K,E38000228,NHS Lancashire and South Cumbria ICB - 01K,DEMENTIA_REGISTER_65_PLUS,3817
31-Jan-26,SUB_ICB,02G,E38000200,NHS Lancashire and South Cumbria ICB - 02G,PALLIATIVE_CARE,130
31-Jan-26,SUB_ICB,02G,E38000200,NHS Lancashire and South Cumbria ICB - 02G,COMORBIDITIES,815
31-Jan-26,SUB_ICB,02G,E38000200,NHS Lancashire and South Cumbria ICB - 02G,DEMENTIA_REGISTER_65_PLUS,1171
31-Jan-26,SUB_ICB,02M,E38000226,NHS Lancashire and South Cumbria ICB - 02M,COMORBIDITIES,1745
31-Jan-26,SUB_ICB,02M,E38000226,NHS Lancashire and South Cumbria ICB - 02M,PALLIATIVE_CARE,940
31-Jan-26,SUB_ICB,02M,E38000226,NHS Lancashire and South Cumbria ICB - 02M,DEMENTIA_REGISTER_65_PLUS,2394
31-Jan-26,SUB_ICB,03W,E38000051,"NHS Leicester, Leicestershire and Rutland ICB - 03W",COMORBIDITIES,2315
31-Jan-26,SUB_ICB,03W,E38000051,"NHS Leicester, Leicestershire and Rutland ICB - 03W",PALLIATIVE_CARE,890
31-Jan-26,SUB_ICB,03W,E38000051,"NHS Leicester, Leicestershire and Rutland ICB - 03W",DEMENTIA_REGISTER_65_PLUS,3253
31-Jan-26,SUB_ICB,04C,E38000097,"NHS Leicester, Leicestershire and Rutland ICB - 04C",PALLIATIVE_CARE,600
31-Jan-26,SUB_ICB,04C,E38000097,"NHS Leicester, Leicestershire and Rutland ICB - 04C",COMORBIDITIES,1900
31-Jan-26,SUB_ICB,04C,E38000097,"NHS Leicester, Leicestershire and Rutland ICB - 04C",DEMENTIA_REGISTER_65_PLUS,2402
31-Jan-26,SUB_ICB,04V,E38000201,"NHS Leicester, Leicestershire and Rutland ICB - 04V",PALLIATIVE_CARE,765
31-Jan-26,SUB_ICB,04V,E38000201,"NHS Leicester, Leicestershire and Rutland ICB - 04V",COMORBIDITIES,2410
31-Jan-26,SUB_ICB,04V,E38000201,"NHS Leicester, Leicestershire and Rutland ICB - 04V",DEMENTIA_REGISTER_65_PLUS,3328
31-Jan-26,SUB_ICB,71E,E38000238,NHS Lincolnshire ICB - 71E,COMORBIDITIES,6695
31-Jan-26,SUB_ICB,71E,E38000238,NHS Lincolnshire ICB - 71E,PALLIATIVE_CARE,2050
31-Jan-26,SUB_ICB,71E,E38000238,NHS Lincolnshire ICB - 71E,DEMENTIA_REGISTER_65_PLUS,8999
31-Jan-26,SUB_ICB,06Q,E38000106,NHS Mid and South Essex ICB - 06Q,PALLIATIVE_CARE,520
31-Jan-26,SUB_ICB,06Q,E38000106,NHS Mid and South Essex ICB - 06Q,COMORBIDITIES,2740
31-Jan-26,SUB_ICB,06Q,E38000106,NHS Mid and South Essex ICB - 06Q,DEMENTIA_REGISTER_65_PLUS,3803
31-Jan-26,SUB_ICB,07G,E38000185,NHS Mid and South Essex ICB - 07G,COMORBIDITIES,820
31-Jan-26,SUB_ICB,07G,E38000185,NHS Mid and South Essex ICB - 07G,PALLIATIVE_CARE,360
31-Jan-26,SUB_ICB,07G,E38000185,NHS Mid and South Essex ICB - 07G,DEMENTIA_REGISTER_65_PLUS,1042
31-Jan-26,SUB_ICB,99E,E38000007,NHS Mid and South Essex ICB - 99E,COMORBIDITIES,1600
31-Jan-26,SUB_ICB,99E,E38000007,NHS Mid and South Essex ICB - 99E,PALLIATIVE_CARE,550
31-Jan-26,SUB_ICB,99E,E38000007,NHS Mid and South Essex ICB - 99E,DEMENTIA_REGISTER_65_PLUS,2152
31-Jan-26,SUB_ICB,99F,E38000030,NHS Mid and South Essex ICB - 99F,COMORBIDITIES,1620
31-Jan-26,SUB_ICB,99F,E38000030,NHS Mid and South Essex ICB - 99F,PALLIATIVE_CARE,525
31-Jan-26,SUB_ICB,99F,E38000030,NHS Mid and South Essex ICB - 99F,DEMENTIA_REGISTER_65_PLUS,2206
31-Jan-26,SUB_ICB,99G,E38000168,NHS Mid and South Essex ICB - 99G,COMORBIDITIES,1515
31-Jan-26,SUB_ICB,99G,E38000168,NHS Mid and South Essex ICB - 99G,PALLIATIVE_CARE,680
31-Jan-26,SUB_ICB,99G,E38000168,NHS Mid and South Essex ICB - 99G,DEMENTIA_REGISTER_65_PLUS,2084
31-Jan-26,SUB_ICB,26A,E38000239,NHS Norfolk and Waveney ICB - 26A,COMORBIDITIES,8645
31-Jan-26,SUB_ICB,26A,E38000239,NHS Norfolk and Waveney ICB - 26A,PALLIATIVE_CARE,1220
31-Jan-26,SUB_ICB,26A,E38000239,NHS Norfolk and Waveney ICB - 26A,DEMENTIA_REGISTER_65_PLUS,11825
31-Jan-26,SUB_ICB,93C,E38000240,NHS North Central London ICB - 93C,COMORBIDITIES,7100
31-Jan-26,SUB_ICB,93C,E38000240,NHS North Central London ICB - 93C,PALLIATIVE_CARE,1470
31-Jan-26,SUB_ICB,93C,E38000240,NHS North Central London ICB - 93C,DEMENTIA_REGISTER_65_PLUS,9193
31-Jan-26,SUB_ICB,A3A8R,E38000255,NHS North East London ICB - A3A8R,COMORBIDITIES,7015
31-Jan-26,SUB_ICB,A3A8R,E38000255,NHS North East London ICB - A3A8R,PALLIATIVE_CARE,2455
31-Jan-26,SUB_ICB,A3A8R,E38000255,NHS North East London ICB - A3A8R,DEMENTIA_REGISTER_65_PLUS,8795
31-Jan-26,SUB_ICB,00L,E38000130,NHS North East and North Cumbria ICB - 00L,COMORBIDITIES,2640
31-Jan-26,SUB_ICB,00L,E38000130,NHS North East and North Cumbria ICB - 00L,PALLIATIVE_CARE,525
31-Jan-26,SUB_ICB,00L,E38000130,NHS North East and North Cumbria ICB - 00L,DEMENTIA_REGISTER_65_PLUS,3619
31-Jan-26,SUB_ICB,00N,E38000163,NHS North East and North Cumbria ICB - 00N,COMORBIDITIES,1105
31-Jan-26,SUB_ICB,00N,E38000163,NHS North East and North Cumbria ICB - 00N,PALLIATIVE_CARE,370
31-Jan-26,SUB_ICB,00N,E38000163,NHS North East and North Cumbria ICB - 00N,DEMENTIA_REGISTER_65_PLUS,1490
31-Jan-26,SUB_ICB,00P,E38000176,NHS North East and North Cumbria ICB - 00P,COMORBIDITIES,1905
31-Jan-26,SUB_ICB,00P,E38000176,NHS North East and North Cumbria ICB - 00P,PALLIATIVE_CARE,300
31-Jan-26,SUB_ICB,00P,E38000176,NHS North East and North Cumbria ICB - 00P,DEMENTIA_REGISTER_65_PLUS,2530
31-Jan-26,SUB_ICB,01H,E38000215,NHS North East and North Cumbria ICB - 01H,COMORBIDITIES,2285
31-Jan-26,SUB_ICB,01H,E38000215,NHS North East and North Cumbria ICB - 01H,PALLIATIVE_CARE,425
31-Jan-26,SUB_ICB,01H,E38000215,NHS North East and North Cumbria ICB - 01H,DEMENTIA_REGISTER_65_PLUS,3052
31-Jan-26,SUB_ICB,13T,E38000212,NHS North East and North Cumbria ICB - 13T,PALLIATIVE_CARE,655
31-Jan-26,SUB_ICB,13T,E38000212,NHS North East and North Cumbria ICB - 13T,COMORBIDITIES,3125
31-Jan-26,SUB_ICB,13T,E38000212,NHS North East and North Cumbria ICB - 13T,DEMENTIA_REGISTER_65_PLUS,4123
31-Jan-26,SUB_ICB,16C,E38000247,NHS North East and North Cumbria ICB - 16C,COMORBIDITIES,5015
31-Jan-26,SUB_ICB,16C,E38000247,NHS North East and North Cumbria ICB - 16C,PALLIATIVE_CARE,1035
31-Jan-26,SUB_ICB,16C,E38000247,NHS North East and North Cumbria ICB - 16C,DEMENTIA_REGISTER_65_PLUS,6593
31-Jan-26,SUB_ICB,84H,E38000234,NHS North East and North Cumbria ICB - 84H,COMORBIDITIES,4260
31-Jan-26,SUB_ICB,84H,E38000234,NHS North East and North Cumbria ICB - 84H,PALLIATIVE_CARE,1205
31-Jan-26,SUB_ICB,84H,E38000234,NHS North East and North Cumbria ICB - 84H,DEMENTIA_REGISTER_65_PLUS,5452
31-Jan-26,SUB_ICB,99C,E38000127,NHS North East and North Cumbria ICB - 99C,COMORBIDITIES,1680
31-Jan-26,SUB_ICB,99C,E38000127,NHS North East and North Cumbria ICB - 99C,PALLIATIVE_CARE,485
31-Jan-26,SUB_ICB,99C,E38000127,NHS North East and North Cumbria ICB - 99C,DEMENTIA_REGISTER_65_PLUS,2213
31-Jan-26,SUB_ICB,W2U3Z,E38000256,NHS North West London ICB - W2U3Z,COMORBIDITIES,10485
31-Jan-26,SUB_ICB,W2U3Z,E38000256,NHS North West London ICB - W2U3Z,PALLIATIVE_CARE,3250
31-Jan-26,SUB_ICB,W2U3Z,E38000256,NHS North West London ICB - W2U3Z,DEMENTIA_REGISTER_65_PLUS,13170
31-Jan-26,SUB_ICB,78H,E38000262,NHS Northamptonshire ICB - 78H,COMORBIDITIES,4715
31-Jan-26,SUB_ICB,78H,E38000262,NHS Northamptonshire ICB - 78H,PALLIATIVE_CARE,545
31-Jan-26,SUB_ICB,78H,E38000262,NHS Northamptonshire ICB - 78H,DEMENTIA_REGISTER_65_PLUS,6233
31-Jan-26,SUB_ICB,02Q,E38000008,NHS Nottingham and Nottinghamshire ICB - 02Q,COMORBIDITIES,980
31-Jan-26,SUB_ICB,02Q,E38000008,NHS Nottingham and Nottinghamshire ICB - 02Q,PALLIATIVE_CARE,400
31-Jan-26,SUB_ICB,02Q,E38000008,NHS Nottingham and Nottinghamshire ICB - 02Q,DEMENTIA_REGISTER_65_PLUS,1370
31-Jan-26,SUB_ICB,52R,E38000243,NHS Nottingham and Nottinghamshire ICB - 52R,PALLIATIVE_CARE,3265
31-Jan-26,SUB_ICB,52R,E38000243,NHS Nottingham and Nottinghamshire ICB - 52R,COMORBIDITIES,6610
31-Jan-26,SUB_ICB,52R,E38000243,NHS Nottingham and Nottinghamshire ICB - 52R,DEMENTIA_REGISTER_65_PLUS,9124
31-Jan-26,SUB_ICB,M2L0M,E38000257,"NHS Shropshire, Telford and Wrekin ICB - M2L0M",COMORBIDITIES,3580
31-Jan-26,SUB_ICB,M2L0M,E38000257,"NHS Shropshire, Telford and Wrekin ICB - M2L0M",PALLIATIVE_CARE,495
31-Jan-26,SUB_ICB,M2L0M,E38000257,"NHS Shropshire, Telford and Wrekin ICB - M2L0M",DEMENTIA_REGISTER_65_PLUS,4952
31-Jan-26,SUB_ICB,11X,E38000150,NHS Somerset ICB - 11X,COMORBIDITIES,4170
31-Jan-26,SUB_ICB,11X,E38000150,NHS Somerset ICB - 11X,PALLIATIVE_CARE,560
31-Jan-26,SUB_ICB,11X,E38000150,NHS Somerset ICB - 11X,DEMENTIA_REGISTER_65_PLUS,5743
31-Jan-26,SUB_ICB,72Q,E38000244,NHS South East London ICB - 72Q,COMORBIDITIES,8480
31-Jan-26,SUB_ICB,72Q,E38000244,NHS South East London ICB - 72Q,PALLIATIVE_CARE,2310
31-Jan-26,SUB_ICB,72Q,E38000244,NHS South East London ICB - 72Q,DEMENTIA_REGISTER_65_PLUS,11099
31-Jan-26,SUB_ICB,36L,E38000245,NHS South West London ICB - 36L,COMORBIDITIES,8110
31-Jan-26,SUB_ICB,36L,E38000245,NHS South West London ICB - 36L,PALLIATIVE_CARE,2260
31-Jan-26,SUB_ICB,36L,E38000245,NHS South West London ICB - 36L,DEMENTIA_REGISTER_65_PLUS,11030
31-Jan-26,SUB_ICB,02P,E38000006,NHS South Yorkshire ICB - 02P,PALLIATIVE_CARE,465
31-Jan-26,SUB_ICB,02P,E38000006,NHS South Yorkshire ICB - 02P,COMORBIDITIES,1765
31-Jan-26,SUB_ICB,02P,E38000006,NHS South Yorkshire ICB - 02P,DEMENTIA_REGISTER_65_PLUS,2384
31-Jan-26,SUB_ICB,02X,E38000044,NHS South Yorkshire ICB - 02X,PALLIATIVE_CARE,345
31-Jan-26,SUB_ICB,02X,E38000044,NHS South Yorkshire ICB - 02X,COMORBIDITIES,2025
31-Jan-26,SUB_ICB,02X,E38000044,NHS South Yorkshire ICB - 02X,DEMENTIA_REGISTER_65_PLUS,2688
31-Jan-26,SUB_ICB,03L,E38000141,NHS South Yorkshire ICB - 03L,PALLIATIVE_CARE,270
31-Jan-26,SUB_ICB,03L,E38000141,NHS South Yorkshire ICB - 03L,COMORBIDITIES,2270
31-Jan-26,SUB_ICB,03L,E38000141,NHS South Yorkshire ICB - 03L,DEMENTIA_REGISTER_65_PLUS,2974
31-Jan-26,SUB_ICB,03N,E38000146,NHS South Yorkshire ICB - 03N,PALLIATIVE_CARE,1245
31-Jan-26,SUB_ICB,03N,E38000146,NHS South Yorkshire ICB - 03N,COMORBIDITIES,3705
31-Jan-26,SUB_ICB,03N,E38000146,NHS South Yorkshire ICB - 03N,DEMENTIA_REGISTER_65_PLUS,4888
31-Jan-26,SUB_ICB,04Y,E38000028,NHS Staffordshire and Stoke-on-Trent ICB - 04Y,COMORBIDITIES,1065
31-Jan-26,SUB_ICB,04Y,E38000028,NHS Staffordshire and Stoke-on-Trent ICB - 04Y,PALLIATIVE_CARE,390
31-Jan-26,SUB_ICB,04Y,E38000028,NHS Staffordshire and Stoke-on-Trent ICB - 04Y,DEMENTIA_REGISTER_65_PLUS,1437
31-Jan-26,SUB_ICB,05D,E38000053,NHS Staffordshire and Stoke-on-Trent ICB - 05D,PALLIATIVE_CARE,445
31-Jan-26,SUB_ICB,05D,E38000053,NHS Staffordshire and Stoke-on-Trent ICB - 05D,COMORBIDITIES,840
31-Jan-26,SUB_ICB,05D,E38000053,NHS Staffordshire and Stoke-on-Trent ICB - 05D,DEMENTIA_REGISTER_65_PLUS,1177
31-Jan-26,SUB_ICB,05G,E38000126,NHS Staffordshire and Stoke-on-Trent ICB - 05G,COMORBIDITIES,2045
31-Jan-26,SUB_ICB,05G,E38000126,NHS Staffordshire and Stoke-on-Trent ICB - 05G,PALLIATIVE_CARE,550
31-Jan-26,SUB_ICB,05G,E38000126,NHS Staffordshire and Stoke-on-Trent ICB - 05G,DEMENTIA_REGISTER_65_PLUS,2697
31-Jan-26,SUB_ICB,05Q,E38000153,NHS Staffordshire and Stoke-on-Trent ICB - 05Q,PALLIATIVE_CARE,595
31-Jan-26,SUB_ICB,05Q,E38000153,NHS Staffordshire and Stoke-on-Trent ICB - 05Q,COMORBIDITIES,1555
31-Jan-26,SUB_ICB,05Q,E38000153,NHS Staffordshire and Stoke-on-Trent ICB - 05Q,DEMENTIA_REGISTER_65_PLUS,2174
31-Jan-26,SUB_ICB,05V,E38000173,NHS Staffordshire and Stoke-on-Trent ICB - 05V,PALLIATIVE_CARE,410
31-Jan-26,SUB_ICB,05V,E38000173,NHS Staffordshire and Stoke-on-Trent ICB - 05V,COMORBIDITIES,1085
31-Jan-26,SUB_ICB,05V,E38000173,NHS Staffordshire and Stoke-on-Trent ICB - 05V,DEMENTIA_REGISTER_65_PLUS,1485
31-Jan-26,SUB_ICB,05W,E38000175,NHS Staffordshire and Stoke-on-Trent ICB - 05W,PALLIATIVE_CARE,760
31-Jan-26,SUB_ICB,05W,E38000175,NHS Staffordshire and Stoke-on-Trent ICB - 05W,COMORBIDITIES,2475
31-Jan-26,SUB_ICB,05W,E38000175,NHS Staffordshire and Stoke-on-Trent ICB - 05W,DEMENTIA_REGISTER_65_PLUS,3096
31-Jan-26,SUB_ICB,06L,E38000086,NHS Suffolk and North East Essex ICB - 06L,PALLIATIVE_CARE,545
31-Jan-26,SUB_ICB,06L,E38000086,NHS Suffolk and North East Essex ICB - 06L,COMORBIDITIES,2885
31-Jan-26,SUB_ICB,06L,E38000086,NHS Suffolk and North East Essex ICB - 06L,DEMENTIA_REGISTER_65_PLUS,3970
31-Jan-26,SUB_ICB,06T,E38000117,NHS Suffolk and North East Essex ICB - 06T,PALLIATIVE_CARE,1470
31-Jan-26,SUB_ICB,06T,E38000117,NHS Suffolk and North East Essex ICB - 06T,COMORBIDITIES,2825
31-Jan-26,SUB_ICB,06T,E38000117,NHS Suffolk and North East Essex ICB - 06T,DEMENTIA_REGISTER_65_PLUS,3859
31-Jan-26,SUB_ICB,07K,E38000204,NHS Suffolk and North East Essex ICB - 07K,PALLIATIVE_CARE,290
31-Jan-26,SUB_ICB,07K,E38000204,NHS Suffolk and North East Essex ICB - 07K,COMORBIDITIES,1680
31-Jan-26,SUB_ICB,07K,E38000204,NHS Suffolk and North East Essex ICB - 07K,DEMENTIA_REGISTER_65_PLUS,2337
31-Jan-26,SUB_ICB,92A,E38000264,NHS Surrey Heartlands ICB - 92A,COMORBIDITIES,7365
31-Jan-26,SUB_ICB,92A,E38000264,NHS Surrey Heartlands ICB - 92A,PALLIATIVE_CARE,1090
31-Jan-26,SUB_ICB,92A,E38000264,NHS Surrey Heartlands ICB - 92A,DEMENTIA_REGISTER_65_PLUS,10508
31-Jan-26,SUB_ICB,09D,E38000021,NHS Sussex ICB - 09D,COMORBIDITIES,1315
31-Jan-26,SUB_ICB,09D,E38000021,NHS Sussex ICB - 09D,PALLIATIVE_CARE,210
31-Jan-26,SUB_ICB,09D,E38000021,NHS Sussex ICB - 09D,DEMENTIA_REGISTER_65_PLUS,1913
31-Jan-26,SUB_ICB,70F,E38000265,NHS Sussex ICB - 70F,COMORBIDITIES,6820
31-Jan-26,SUB_ICB,70F,E38000265,NHS Sussex ICB - 70F,PALLIATIVE_CARE,1435
31-Jan-26,SUB_ICB,70F,E38000265,NHS Sussex ICB - 70F,DEMENTIA_REGISTER_65_PLUS,9865
31-Jan-26,SUB_ICB,97R,E38000235,NHS Sussex ICB - 97R,COMORBIDITIES,4325
31-Jan-26,SUB_ICB,97R,E38000235,NHS Sussex ICB - 97R,PALLIATIVE_CARE,825
31-Jan-26,SUB_ICB,97R,E38000235,NHS Sussex ICB - 97R,DEMENTIA_REGISTER_65_PLUS,6319
31-Jan-26,SUB_ICB,02T,E38000025,NHS West Yorkshire ICB - 02T,COMORBIDITIES,1350
31-Jan-26,SUB_ICB,02T,E38000025,NHS West Yorkshire ICB - 02T,PALLIATIVE_CARE,415
31-Jan-26,SUB_ICB,02T,E38000025,NHS West Yorkshire ICB - 02T,DEMENTIA_REGISTER_65_PLUS,1836
31-Jan-26,SUB_ICB,03R,E38000190,NHS West Yorkshire ICB - 03R,COMORBIDITIES,2310
31-Jan-26,SUB_ICB,03R,E38000190,NHS West Yorkshire ICB - 03R,PALLIATIVE_CARE,680
31-Jan-26,SUB_ICB,03R,E38000190,NHS West Yorkshire ICB - 03R,DEMENTIA_REGISTER_65_PLUS,3064
31-Jan-26,SUB_ICB,15F,E38000225,NHS West Yorkshire ICB - 15F,COMORBIDITIES,5125
31-Jan-26,SUB_ICB,15F,E38000225,NHS West Yorkshire ICB - 15F,PALLIATIVE_CARE,1235
31-Jan-26,SUB_ICB,15F,E38000225,NHS West Yorkshire ICB - 15F,DEMENTIA_REGISTER_65_PLUS,6800
31-Jan-26,SUB_ICB,36J,E38000232,NHS West Yorkshire ICB - 36J,COMORBIDITIES,3715
31-Jan-26,SUB_ICB,36J,E38000232,NHS West Yorkshire ICB - 36J,PALLIATIVE_CARE,1645
31-Jan-26,SUB_ICB,36J,E38000232,NHS West Yorkshire ICB - 36J,DEMENTIA_REGISTER_65_PLUS,4973
31-Jan-26,SUB_ICB,X2C4Y,E38000254,NHS West Yorkshire ICB - X2C4Y,COMORBIDITIES,2470
31-Jan-26,SUB_ICB,X2C4Y,E38000254,NHS West Yorkshire ICB - X2C4Y,PALLIATIVE_CARE,915
31-Jan-26,SUB_ICB,X2C4Y,E38000254,NHS West Yorkshire ICB - X2C4Y,DEMENTIA_REGISTER_65_PLUS,3373
31-Dec-25,COUNTRY,ENG,E92000001,ENGLAND,PALLIATIVE_CARE,97365
31-Dec-25,COUNTRY,ENG,E92000001,ENGLAND,COMORBIDITIES,366741
31-Dec-25,COUNTRY,ENG,E92000001,ENGLAND,DEMENTIA_REGISTER_65_PLUS,497385
31-Dec-25,ICB,QOX,E54000040,"NHS Bath and North East Somerset, Swindon and Wiltshire Integrated Care Board",PALLIATIVE_CARE,743
31-Dec-25,ICB,QOX,E54000040,"NHS Bath and North East Somerset, Swindon and Wiltshire Integrated Care Board",COMORBIDITIES,6402
31-Dec-25,ICB,QOX,E54000040,"NHS Bath and North East Somerset, Swindon and Wiltshire Integrated Care Board",DEMENTIA_REGISTER_65_PLUS,8811
31-Dec-25,ICB,QHG,E54000024,"NHS Bedfordshire, Luton and Milton Keynes Integrated Care Board",PALLIATIVE_CARE,1108
31-Dec-25,ICB,QHG,E54000024,"NHS Bedfordshire, Luton and Milton Keynes Integrated Care Board",COMORBIDITIES,5798
31-Dec-25,ICB,QHG,E54000024,"NHS Bedfordshire, Luton and Milton Keynes Integrated Care Board",DEMENTIA_REGISTER_65_PLUS,7624
31-Dec-25,ICB,QHL,E54000055,NHS Birmingham and Solihull Integrated Care Board,COMORBIDITIES,7148
31-Dec-25,ICB,QHL,E54000055,NHS Birmingham and Solihull Integrated Care Board,PALLIATIVE_CARE,2144
31-Dec-25,ICB,QHL,E54000055,NHS Birmingham and Solihull Integrated Care Board,DEMENTIA_REGISTER_65_PLUS,9487
31-Dec-25,ICB,QUA,E54000062,NHS Black Country Integrated Care Board,COMORBIDITIES,7754
31-Dec-25,ICB,QUA,E54000062,NHS Black Country Integrated Care Board,PALLIATIVE_CARE,2955
31-Dec-25,ICB,QUA,E54000062,NHS Black Country Integrated Care Board,DEMENTIA_REGISTER_65_PLUS,10035
31-Dec-25,ICB,QUY,E54000039,"NHS Bristol, North Somerset and South Gloucestershire Integrated Care Board",PALLIATIVE_CARE,1032
31-Dec-25,ICB,QUY,E54000039,"NHS Bristol, North Somerset and South Gloucestershire Integrated Care Board",COMORBIDITIES,6390
31-Dec-25,ICB,QUY,E54000039,"NHS Bristol, North Somerset and South Gloucestershire Integrated Care Board",DEMENTIA_REGISTER_65_PLUS,8750
31-Dec-25,ICB,QU9,E54000044,"NHS Buckinghamshire, Oxfordshire and Berkshire West Integrated Care Board",PALLIATIVE_CARE,2193
31-Dec-25,ICB,QU9,E54000044,"NHS Buckinghamshire, Oxfordshire and Berkshire West Integrated Care Board",COMORBIDITIES,10679
31-Dec-25,ICB,QU9,E54000044,"NHS Buckinghamshire, Oxfordshire and Berkshire West Integrated Care Board",DEMENTIA_REGISTER_65_PLUS,15169
31-Dec-25,ICB,QUE,E54000056,NHS Cambridgeshire and Peterborough Integrated Care Board,COMORBIDITIES,5310
31-Dec-25,ICB,QUE,E54000056,NHS Cambridgeshire and Peterborough Integrated Care Board,PALLIATIVE_CARE,1085
31-Dec-25,ICB,QUE,E54000056,NHS Cambridgeshire and Peterborough Integrated Care Board,DEMENTIA_REGISTER_65_PLUS,7152
31-Dec-25,ICB,QYG,E54000008,NHS Cheshire and Merseyside Integrated Care Board,PALLIATIVE_CARE,6073
31-Dec-25,ICB,QYG,E54000008,NHS Cheshire and Merseyside Integrated Care Board,COMORBIDITIES,17952
31-Dec-25,ICB,QYG,E54000008,NHS Cheshire and Merseyside Integrated Care Board,DEMENTIA_REGISTER_65_PLUS,24265
31-Dec-25,ICB,QT6,E54000036,NHS Cornwall and the Isles of Scilly Integrated Care Board,COMORBIDITIES,4483
31-Dec-25,ICB,QT6,E54000036,NHS Cornwall and the Isles of Scilly Integrated Care Board,PALLIATIVE_CARE,408
31-Dec-25,ICB,QT6,E54000036,NHS Cornwall and the Isles of Scilly Integrated Care Board,DEMENTIA_REGISTER_65_PLUS,6269
31-Dec-25,ICB,QWU,E54000018,NHS Coventry and Warwickshire Integrated Care Board,COMORBIDITIES,5491
31-Dec-25,ICB,QWU,E54000018,NHS Coventry and Warwickshire Integrated Care Board,PALLIATIVE_CARE,1108
31-Dec-25,ICB,QWU,E54000018,NHS Coventry and Warwickshire Integrated Care Board,DEMENTIA_REGISTER_65_PLUS,7570
31-Dec-25,ICB,QJ2,E54000058,NHS Derby and Derbyshire Integrated Care Board,COMORBIDITIES,7808
31-Dec-25,ICB,QJ2,E54000058,NHS Derby and Derbyshire Integrated Care Board,PALLIATIVE_CARE,2428
31-Dec-25,ICB,QJ2,E54000058,NHS Derby and Derbyshire Integrated Care Board,DEMENTIA_REGISTER_65_PLUS,10567
31-Dec-25,ICB,QJK,E54000037,NHS Devon Integrated Care Board,PALLIATIVE_CARE,1319
31-Dec-25,ICB,QJK,E54000037,NHS Devon Integrated Care Board,COMORBIDITIES,8936
31-Dec-25,ICB,QJK,E54000037,NHS Devon Integrated Care Board,DEMENTIA_REGISTER_65_PLUS,12443
31-Dec-25,ICB,QVV,E54000041,NHS Dorset Integrated Care Board,COMORBIDITIES,6074
31-Dec-25,ICB,QVV,E54000041,NHS Dorset Integrated Care Board,PALLIATIVE_CARE,2148
31-Dec-25,ICB,QVV,E54000041,NHS Dorset Integrated Care Board,DEMENTIA_REGISTER_65_PLUS,8617
31-Dec-25,ICB,QNQ,E54000034,NHS Frimley Integrated Care Board,COMORBIDITIES,4540
31-Dec-25,ICB,QNQ,E54000034,NHS Frimley Integrated Care Board,PALLIATIVE_CARE,900
31-Dec-25,ICB,QNQ,E54000034,NHS Frimley Integrated Care Board,DEMENTIA_REGISTER_65_PLUS,6195
31-Dec-25,ICB,QR1,E54000043,NHS Gloucestershire Integrated Care Board,PALLIATIVE_CARE,1202
31-Dec-25,ICB,QR1,E54000043,NHS Gloucestershire Integrated Care Board,COMORBIDITIES,4874
31-Dec-25,ICB,QR1,E54000043,NHS Gloucestershire Integrated Care Board,DEMENTIA_REGISTER_65_PLUS,6814
31-Dec-25,ICB,QOP,E54000057,NHS Greater Manchester Integrated Care Board,COMORBIDITIES,17410
31-Dec-25,ICB,QOP,E54000057,NHS Greater Manchester Integrated Care Board,PALLIATIVE_CARE,4839
31-Dec-25,ICB,QOP,E54000057,NHS Greater Manchester Integrated Care Board,DEMENTIA_REGISTER_65_PLUS,23229
31-Dec-25,ICB,QRL,E54000042,NHS Hampshire and Isle of Wight Integrated Care Board,COMORBIDITIES,12943
31-Dec-25,ICB,QRL,E54000042,NHS Hampshire and Isle of Wight Integrated Care Board,PALLIATIVE_CARE,2342
31-Dec-25,ICB,QRL,E54000042,NHS Hampshire and Isle of Wight Integrated Care Board,DEMENTIA_REGISTER_65_PLUS,17935
31-Dec-25,ICB,QGH,E54000019,NHS Herefordshire and Worcestershire Integrated Care Board,PALLIATIVE_CARE,2043
31-Dec-25,ICB,QGH,E54000019,NHS Herefordshire and Worcestershire Integrated Care Board,COMORBIDITIES,5338
31-Dec-25,ICB,QGH,E54000019,NHS Herefordshire and Worcestershire Integrated Care Board,DEMENTIA_REGISTER_65_PLUS,7466
31-Dec-25,ICB,QM7,E54000025,NHS Hertfordshire and West Essex Integrated Care Board,COMORBIDITIES,9514
31-Dec-25,ICB,QM7,E54000025,NHS Hertfordshire and West Essex Integrated Care Board,PALLIATIVE_CARE,3903
31-Dec-25,ICB,QM7,E54000025,NHS Hertfordshire and West Essex Integrated Care Board,DEMENTIA_REGISTER_65_PLUS,13011
31-Dec-25,ICB,QOQ,E54000051,NHS Humber and North Yorkshire Integrated Care Board,COMORBIDITIES,12248
31-Dec-25,ICB,QOQ,E54000051,NHS Humber and North Yorkshire Integrated Care Board,PALLIATIVE_CARE,3480
31-Dec-25,ICB,QOQ,E54000051,NHS Humber and North Yorkshire Integrated Care Board,DEMENTIA_REGISTER_65_PLUS,16778
31-Dec-25,ICB,QKS,E54000032,NHS Kent and Medway Integrated Care Board,COMORBIDITIES,11882
31-Dec-25,ICB,QKS,E54000032,NHS Kent and Medway Integrated Care Board,PALLIATIVE_CARE,2872
31-Dec-25,ICB,QKS,E54000032,NHS Kent and Medway Integrated Care Board,DEMENTIA_REGISTER_65_PLUS,16403
31-Dec-25,ICB,QE1,E54000048,NHS Lancashire and South Cumbria Integrated Care Board,COMORBIDITIES,12298
31-Dec-25,ICB,QE1,E54000048,NHS Lancashire and South Cumbria Integrated Care Board,PALLIATIVE_CARE,4413
31-Dec-25,ICB,QE1,E54000048,NHS Lancashire and South Cumbria Integrated Care Board,DEMENTIA_REGISTER_65_PLUS,16772
31-Dec-25,ICB,QK1,E54000015,"NHS Leicester, Leicestershire and Rutland Integrated Care Board",PALLIATIVE_CARE,2294
31-Dec-25,ICB,QK1,E54000015,"NHS Leicester, Leicestershire and Rutland Integrated Care Board",COMORBIDITIES,6688
31-Dec-25,ICB,QK1,E54000015,"NHS Leicester, Leicestershire and Rutland Integrated Care Board",DEMENTIA_REGISTER_65_PLUS,9049
31-Dec-25,ICB,QJM,E54000013,NHS Lincolnshire Integrated Care Board,COMORBIDITIES,6713
31-Dec-25,ICB,QJM,E54000013,NHS Lincolnshire Integrated Care Board,PALLIATIVE_CARE,2014
31-Dec-25,ICB,QJM,E54000013,NHS Lincolnshire Integrated Care Board,DEMENTIA_REGISTER_65_PLUS,9016
31-Dec-25,ICB,QH8,E54000026,NHS Mid and South Essex Integrated Care Board,COMORBIDITIES,8343
31-Dec-25,ICB,QH8,E54000026,NHS Mid and South Essex Integrated Care Board,PALLIATIVE_CARE,2653
31-Dec-25,ICB,QH8,E54000026,NHS Mid and South Essex Integrated Care Board,DEMENTIA_REGISTER_65_PLUS,11386
31-Dec-25,ICB,QMM,E54000022,NHS Norfolk and Waveney Integrated Care Board,COMORBIDITIES,8707
31-Dec-25,ICB,QMM,E54000022,NHS Norfolk and Waveney Integrated Care Board,PALLIATIVE_CARE,1214
31-Dec-25,ICB,QMM,E54000022,NHS Norfolk and Waveney Integrated Care Board,DEMENTIA_REGISTER_65_PLUS,11932
31-Dec-25,ICB,QMJ,E54000028,NHS North Central London Integrated Care Board,COMORBIDITIES,7082
31-Dec-25,ICB,QMJ,E54000028,NHS North Central London Integrated Care Board,PALLIATIVE_CARE,1472
31-Dec-25,ICB,QMJ,E54000028,NHS North Central London Integrated Care Board,DEMENTIA_REGISTER_65_PLUS,9178
31-Dec-25,ICB,QMF,E54000029,NHS North East London Integrated Care Board,PALLIATIVE_CARE,2447
31-Dec-25,ICB,QMF,E54000029,NHS North East London Integrated Care Board,COMORBIDITIES,7065
31-Dec-25,ICB,QMF,E54000029,NHS North East London Integrated Care Board,DEMENTIA_REGISTER_65_PLUS,8862
31-Dec-25,ICB,QHM,E54000050,NHS North East and North Cumbria Integrated Care Board,PALLIATIVE_CARE,5034
31-Dec-25,ICB,QHM,E54000050,NHS North East and North Cumbria Integrated Care Board,COMORBIDITIES,22165
31-Dec-25,ICB,QHM,E54000050,NHS North East and North Cumbria Integrated Care Board,DEMENTIA_REGISTER_65_PLUS,29314
31-Dec-25,ICB,QRV,E54000027,NHS North West London Integrated Care Board,PALLIATIVE_CARE,3258
31-Dec-25,ICB,QRV,E54000027,NHS North West London Integrated Care Board,COMORBIDITIES,10554
31-Dec-25,ICB,QRV,E54000027,NHS North West London Integrated Care Board,DEMENTIA_REGISTER_65_PLUS,13239
31-Dec-25,ICB,QPM,E54000059,NHS Northamptonshire Integrated Care Board,COMORBIDITIES,4702
31-Dec-25,ICB,QPM,E54000059,NHS Northamptonshire Integrated Care Board,PALLIATIVE_CARE,537
31-Dec-25,ICB,QPM,E54000059,NHS Northamptonshire Integrated Care Board,DEMENTIA_REGISTER_65_PLUS,6231
31-Dec-25,ICB,QT1,E54000060,NHS Nottingham and Nottinghamshire Integrated Care Board,COMORBIDITIES,7669
31-Dec-25,ICB,QT1,E54000060,NHS Nottingham and Nottinghamshire Integrated Care Board,PALLIATIVE_CARE,3682
31-Dec-25,ICB,QT1,E54000060,NHS Nottingham and Nottinghamshire Integrated Care Board,DEMENTIA_REGISTER_65_PLUS,10593
31-Dec-25,ICB,QOC,E54000011,"NHS Shropshire, Telford and Wrekin Integrated Care Board",COMORBIDITIES,3643
31-Dec-25,ICB,QOC,E54000011,"NHS Shropshire, Telford and Wrekin Integrated Care Board",PALLIATIVE_CARE,512
31-Dec-25,ICB,QOC,E54000011,"NHS Shropshire, Telford and Wrekin Integrated Care Board",DEMENTIA_REGISTER_65_PLUS,5039
31-Dec-25,ICB,QSL,E54000038,NHS Somerset Integrated Care Board,PALLIATIVE_CARE,561
31-Dec-25,ICB,QSL,E54000038,NHS Somerset Integrated Care Board,COMORBIDITIES,4181
31-Dec-25,ICB,QSL,E54000038,NHS Somerset Integrated Care Board,DEMENTIA_REGISTER_65_PLUS,5757
31-Dec-25,ICB,QKK,E54000030,NHS South East London Integrated Care Board,PALLIATIVE_CARE,2359
31-Dec-25,ICB,QKK,E54000030,NHS South East London Integrated Care Board,COMORBIDITIES,8510
31-Dec-25,ICB,QKK,E54000030,NHS South East London Integrated Care Board,DEMENTIA_REGISTER_65_PLUS,11115
31-Dec-25,ICB,QWE,E54000031,NHS South West London Integrated Care Board,PALLIATIVE_CARE,2250
31-Dec-25,ICB,QWE,E54000031,NHS South West London Integrated Care Board,COMORBIDITIES,8138
31-Dec-25,ICB,QWE,E54000031,NHS South West London Integrated Care Board,DEMENTIA_REGISTER_65_PLUS,11052
31-Dec-25,ICB,QF7,E54000061,NHS South Yorkshire Integrated Care Board,COMORBIDITIES,9839
31-Dec-25,ICB,QF7,E54000061,NHS South Yorkshire Integrated Care Board,PALLIATIVE_CARE,2328
31-Dec-25,ICB,QF7,E54000061,NHS South Yorkshire Integrated Care Board,DEMENTIA_REGISTER_65_PLUS,13042
31-Dec-25,ICB,QNC,E54000010,NHS Staffordshire and Stoke-on-Trent Integrated Care Board,PALLIATIVE_CARE,3171
31-Dec-25,ICB,QNC,E54000010,NHS Staffordshire and Stoke-on-Trent Integrated Care Board,COMORBIDITIES,9119
31-Dec-25,ICB,QNC,E54000010,NHS Staffordshire and Stoke-on-Trent Integrated Care Board,DEMENTIA_REGISTER_65_PLUS,12133
31-Dec-25,ICB,QJG,E54000023,NHS Suffolk and North East Essex Integrated Care Board,PALLIATIVE_CARE,2297
31-Dec-25,ICB,QJG,E54000023,NHS Suffolk and North East Essex Integrated Care Board,COMORBIDITIES,7380
31-Dec-25,ICB,QJG,E54000023,NHS Suffolk and North East Essex Integrated Care Board,DEMENTIA_REGISTER_65_PLUS,10173
31-Dec-25,ICB,QXU,E54000063,NHS Surrey Heartlands ICB,PALLIATIVE_CARE,1098
31-Dec-25,ICB,QXU,E54000063,NHS Surrey Heartlands ICB,COMORBIDITIES,7410
31-Dec-25,ICB,QXU,E54000063,NHS Surrey Heartlands ICB,DEMENTIA_REGISTER_65_PLUS,10584
31-Dec-25,ICB,QNX,E54000064,NHS Sussex ICB,PALLIATIVE_CARE,2481
31-Dec-25,ICB,QNX,E54000064,NHS Sussex ICB,COMORBIDITIES,12539
31-Dec-25,ICB,QNX,E54000064,NHS Sussex ICB,DEMENTIA_REGISTER_65_PLUS,18178
31-Dec-25,ICB,QWO,E54000054,NHS West Yorkshire Integrated Care Board,PALLIATIVE_CARE,4965
31-Dec-25,ICB,QWO,E54000054,NHS West Yorkshire Integrated Care Board,COMORBIDITIES,15022
31-Dec-25,ICB,QWO,E54000054,NHS West Yorkshire Integrated Care Board,DEMENTIA_REGISTER_65_PLUS,20150
31-Dec-25,REGION,Y61,E40000013,East of England,COMORBIDITIES,45052
31-Dec-25,REGION,Y61,E40000013,East of England,PALLIATIVE_CARE,12260
31-Dec-25,REGION,Y61,E40000013,East of England,DEMENTIA_REGISTER_65_PLUS,61278
31-Dec-25,REGION,Y56,E40000003,London,PALLIATIVE_CARE,11786
31-Dec-25,REGION,Y56,E40000003,London,COMORBIDITIES,41349
31-Dec-25,REGION,Y56,E40000003,London,DEMENTIA_REGISTER_65_PLUS,53446
31-Dec-25,REGION,Y60,E40000011,Midlands,PALLIATIVE_CARE,22888
31-Dec-25,REGION,Y60,E40000011,Midlands,COMORBIDITIES,72073
31-Dec-25,REGION,Y60,E40000011,Midlands,DEMENTIA_REGISTER_65_PLUS,97186
31-Dec-25,REGION,Y63,E40000012,North East and Yorkshire,COMORBIDITIES,59274
31-Dec-25,REGION,Y63,E40000012,North East and Yorkshire,PALLIATIVE_CARE,15807
31-Dec-25,REGION,Y63,E40000012,North East and Yorkshire,DEMENTIA_REGISTER_65_PLUS,79284
31-Dec-25,REGION,Y62,E40000014,North West,PALLIATIVE_CARE,15325
31-Dec-25,REGION,Y62,E40000014,North West,COMORBIDITIES,47660
31-Dec-25,REGION,Y62,E40000014,North West,DEMENTIA_REGISTER_65_PLUS,64266
31-Dec-25,REGION,Y59,E40000005,South East,PALLIATIVE_CARE,11886
31-Dec-25,REGION,Y59,E40000005,South East,COMORBIDITIES,59993
31-Dec-25,REGION,Y59,E40000005,South East,DEMENTIA_REGISTER_65_PLUS,84464
31-Dec-25,REGION,Y58,E40000006,South West,COMORBIDITIES,41340
31-Dec-25,REGION,Y58,E40000006,South West,PALLIATIVE_CARE,7413
31-Dec-25,REGION,Y58,E40000006,South West,DEMENTIA_REGISTER_65_PLUS,57461
31-Dec-25,SUB_ICB,92G,E38000231,"NHS Bath and North East Somerset, Swindon and Wiltshire ICB - 92G",PALLIATIVE_CARE,745
31-Dec-25,SUB_ICB,92G,E38000231,"NHS Bath and North East Somerset, Swindon and Wiltshire ICB - 92G",COMORBIDITIES,6400
31-Dec-25,SUB_ICB,92G,E38000231,"NHS Bath and North East Somerset, Swindon and Wiltshire ICB - 92G",DEMENTIA_REGISTER_65_PLUS,8811
31-Dec-25,SUB_ICB,M1J4Y,E38000249,"NHS Bedfordshire, Luton and Milton Keynes ICB - M1J4Y",PALLIATIVE_CARE,1110
31-Dec-25,SUB_ICB,M1J4Y,E38000249,"NHS Bedfordshire, Luton and Milton Keynes ICB - M1J4Y",COMORBIDITIES,5800
31-Dec-25,SUB_ICB,M1J4Y,E38000249,"NHS Bedfordshire, Luton and Milton Keynes ICB - M1J4Y",DEMENTIA_REGISTER_65_PLUS,7624
31-Dec-25,SUB_ICB,15E,E38000258,NHS Birmingham and Solihull ICB - 15E,PALLIATIVE_CARE,2145
31-Dec-25,SUB_ICB,15E,E38000258,NHS Birmingham and Solihull ICB - 15E,COMORBIDITIES,7150
31-Dec-25,SUB_ICB,15E,E38000258,NHS Birmingham and Solihull ICB - 15E,DEMENTIA_REGISTER_65_PLUS,9487
31-Dec-25,SUB_ICB,D2P2L,E38000259,NHS Black Country ICB - D2P2L,COMORBIDITIES,7755
31-Dec-25,SUB_ICB,D2P2L,E38000259,NHS Black Country ICB - D2P2L,PALLIATIVE_CARE,2955
31-Dec-25,SUB_ICB,D2P2L,E38000259,NHS Black Country ICB - D2P2L,DEMENTIA_REGISTER_65_PLUS,10035
31-Dec-25,SUB_ICB,15C,E38000222,"NHS Bristol, North Somerset and South Gloucestershire ICB - 15C",PALLIATIVE_CARE,1030
31-Dec-25,SUB_ICB,15C,E38000222,"NHS Bristol, North Somerset and South Gloucestershire ICB - 15C",COMORBIDITIES,6390
31-Dec-25,SUB_ICB,15C,E38000222,"NHS Bristol, North Somerset and South Gloucestershire ICB - 15C",DEMENTIA_REGISTER_65_PLUS,8750
31-Dec-25,SUB_ICB,10Q,E38000136,"NHS Buckinghamshire, Oxfordshire and Berkshire West ICB - 10Q",COMORBIDITIES,4470
31-Dec-25,SUB_ICB,10Q,E38000136,"NHS Buckinghamshire, Oxfordshire and Berkshire West ICB - 10Q",PALLIATIVE_CARE,755
31-Dec-25,SUB_ICB,10Q,E38000136,"NHS Buckinghamshire, Oxfordshire and Berkshire West ICB - 10Q",DEMENTIA_REGISTER_65_PLUS,6461
31-Dec-25,SUB_ICB,14Y,E38000223,"NHS Buckinghamshire, Oxfordshire and Berkshire West ICB - 14Y",PALLIATIVE_CARE,665
31-Dec-25,SUB_ICB,14Y,E38000223,"NHS Buckinghamshire, Oxfordshire and Berkshire West ICB - 14Y",COMORBIDITIES,3265
31-Dec-25,SUB_ICB,14Y,E38000223,"NHS Buckinghamshire, Oxfordshire and Berkshire West ICB - 14Y",DEMENTIA_REGISTER_65_PLUS,4599
31-Dec-25,SUB_ICB,15A,E38000221,"NHS Buckinghamshire, Oxfordshire and Berkshire West ICB - 15A",PALLIATIVE_CARE,770
31-Dec-25,SUB_ICB,15A,E38000221,"NHS Buckinghamshire, Oxfordshire and Berkshire West ICB - 15A",COMORBIDITIES,2945
31-Dec-25,SUB_ICB,15A,E38000221,"NHS Buckinghamshire, Oxfordshire and Berkshire West ICB - 15A",DEMENTIA_REGISTER_65_PLUS,4109
31-Dec-25,SUB_ICB,06H,E38000260,NHS Cambridgeshire and Peterborough ICB - 06H,PALLIATIVE_CARE,1085
31-Dec-25,SUB_ICB,06H,E38000260,NHS Cambridgeshire and Peterborough ICB - 06H,COMORBIDITIES,5310
31-Dec-25,SUB_ICB,06H,E38000260,NHS Cambridgeshire and Peterborough ICB - 06H,DEMENTIA_REGISTER_65_PLUS,7152
31-Dec-25,SUB_ICB,01F,E38000068,NHS Cheshire and Merseyside ICB - 01F,COMORBIDITIES,790
31-Dec-25,SUB_ICB,01F,E38000068,NHS Cheshire and Merseyside ICB - 01F,PALLIATIVE_CARE,185
31-Dec-25,SUB_ICB,01F,E38000068,NHS Cheshire and Merseyside ICB - 01F,DEMENTIA_REGISTER_65_PLUS,1019
31-Dec-25,SUB_ICB,01J,E38000091,NHS Cheshire and Merseyside ICB - 01J,PALLIATIVE_CARE,340
31-Dec-25,SUB_ICB,01J,E38000091,NHS Cheshire and Merseyside ICB - 01J,COMORBIDITIES,900
31-Dec-25,SUB_ICB,01J,E38000091,NHS Cheshire and Merseyside ICB - 01J,DEMENTIA_REGISTER_65_PLUS,1148
31-Dec-25,SUB_ICB,01T,E38000161,NHS Cheshire and Merseyside ICB - 01T,PALLIATIVE_CARE,435
31-Dec-25,SUB_ICB,01T,E38000161,NHS Cheshire and Merseyside ICB - 01T,COMORBIDITIES,910
31-Dec-25,SUB_ICB,01T,E38000161,NHS Cheshire and Merseyside ICB - 01T,DEMENTIA_REGISTER_65_PLUS,1228
31-Dec-25,SUB_ICB,01V,E38000170,NHS Cheshire and Merseyside ICB - 01V,PALLIATIVE_CARE,540
31-Dec-25,SUB_ICB,01V,E38000170,NHS Cheshire and Merseyside ICB - 01V,COMORBIDITIES,1300
31-Dec-25,SUB_ICB,01V,E38000170,NHS Cheshire and Merseyside ICB - 01V,DEMENTIA_REGISTER_65_PLUS,1851
31-Dec-25,SUB_ICB,01X,E38000172,NHS Cheshire and Merseyside ICB - 01X,PALLIATIVE_CARE,385
31-Dec-25,SUB_ICB,01X,E38000172,NHS Cheshire and Merseyside ICB - 01X,COMORBIDITIES,1345
31-Dec-25,SUB_ICB,01X,E38000172,NHS Cheshire and Merseyside ICB - 01X,DEMENTIA_REGISTER_65_PLUS,1793
31-Dec-25,SUB_ICB,02E,E38000194,NHS Cheshire and Merseyside ICB - 02E,COMORBIDITIES,1525
31-Dec-25,SUB_ICB,02E,E38000194,NHS Cheshire and Merseyside ICB - 02E,PALLIATIVE_CARE,935
31-Dec-25,SUB_ICB,02E,E38000194,NHS Cheshire and Merseyside ICB - 02E,DEMENTIA_REGISTER_65_PLUS,2081
31-Dec-25,SUB_ICB,12F,E38000208,NHS Cheshire and Merseyside ICB - 12F,PALLIATIVE_CARE,1010
31-Dec-25,SUB_ICB,12F,E38000208,NHS Cheshire and Merseyside ICB - 12F,COMORBIDITIES,2470
31-Dec-25,SUB_ICB,12F,E38000208,NHS Cheshire and Merseyside ICB - 12F,DEMENTIA_REGISTER_65_PLUS,3358
31-Dec-25,SUB_ICB,27D,E38000233,NHS Cheshire and Merseyside ICB - 27D,COMORBIDITIES,5930
31-Dec-25,SUB_ICB,27D,E38000233,NHS Cheshire and Merseyside ICB - 27D,PALLIATIVE_CARE,1655
31-Dec-25,SUB_ICB,27D,E38000233,NHS Cheshire and Merseyside ICB - 27D,DEMENTIA_REGISTER_65_PLUS,8183
31-Dec-25,SUB_ICB,99A,E38000101,NHS Cheshire and Merseyside ICB - 99A,PALLIATIVE_CARE,590
31-Dec-25,SUB_ICB,99A,E38000101,NHS Cheshire and Merseyside ICB - 99A,COMORBIDITIES,2785
31-Dec-25,SUB_ICB,99A,E38000101,NHS Cheshire and Merseyside ICB - 99A,DEMENTIA_REGISTER_65_PLUS,3604
31-Dec-25,SUB_ICB,11N,E38000089,NHS Cornwall and the Isles of Scilly ICB - 11N,COMORBIDITIES,4485
31-Dec-25,SUB_ICB,11N,E38000089,NHS Cornwall and the Isles of Scilly ICB - 11N,PALLIATIVE_CARE,410
31-Dec-25,SUB_ICB,11N,E38000089,NHS Cornwall and the Isles of Scilly ICB - 11N,DEMENTIA_REGISTER_65_PLUS,6269
31-Dec-25,SUB_ICB,B2M3M,E38000251,NHS Coventry and Warwickshire ICB - B2M3M,PALLIATIVE_CARE,1110
31-Dec-25,SUB_ICB,B2M3M,E38000251,NHS Coventry and Warwickshire ICB - B2M3M,COMORBIDITIES,5490
31-Dec-25,SUB_ICB,B2M3M,E38000251,NHS Coventry and Warwickshire ICB - B2M3M,DEMENTIA_REGISTER_65_PLUS,7570
31-Dec-25,SUB_ICB,15M,E38000261,NHS Derby and Derbyshire ICB - 15M,COMORBIDITIES,7810
31-Dec-25,SUB_ICB,15M,E38000261,NHS Derby and Derbyshire ICB - 15M,PALLIATIVE_CARE,2430
31-Dec-25,SUB_ICB,15M,E38000261,NHS Derby and Derbyshire ICB - 15M,DEMENTIA_REGISTER_65_PLUS,10567
31-Dec-25,SUB_ICB,15N,E38000230,NHS Devon ICB - 15N,COMORBIDITIES,8935
31-Dec-25,SUB_ICB,15N,E38000230,NHS Devon ICB - 15N,PALLIATIVE_CARE,1320
31-Dec-25,SUB_ICB,15N,E38000230,NHS Devon ICB - 15N,DEMENTIA_REGISTER_65_PLUS,12443
31-Dec-25,SUB_ICB,11J,E38000045,NHS Dorset ICB - 11J,COMORBIDITIES,6075
31-Dec-25,SUB_ICB,11J,E38000045,NHS Dorset ICB - 11J,PALLIATIVE_CARE,2150
31-Dec-25,SUB_ICB,11J,E38000045,NHS Dorset ICB - 11J,DEMENTIA_REGISTER_65_PLUS,8617
31-Dec-25,SUB_ICB,D4U1Y,E38000252,NHS Frimley ICB - D4U1Y,PALLIATIVE_CARE,900
31-Dec-25,SUB_ICB,D4U1Y,E38000252,NHS Frimley ICB - D4U1Y,COMORBIDITIES,4540
31-Dec-25,SUB_ICB,D4U1Y,E38000252,NHS Frimley ICB - D4U1Y,DEMENTIA_REGISTER_65_PLUS,6195
31-Dec-25,SUB_ICB,11M,E38000062,NHS Gloucestershire ICB - 11M,COMORBIDITIES,4875
31-Dec-25,SUB_ICB,11M,E38000062,NHS Gloucestershire ICB - 11M,PALLIATIVE_CARE,1200
31-Dec-25,SUB_ICB,11M,E38000062,NHS Gloucestershire ICB - 11M,DEMENTIA_REGISTER_65_PLUS,6814
31-Dec-25,SUB_ICB,00T,E38000016,NHS Greater Manchester ICB - 00T,COMORBIDITIES,1790
31-Dec-25,SUB_ICB,00T,E38000016,NHS Greater Manchester ICB - 00T,PALLIATIVE_CARE,315
31-Dec-25,SUB_ICB,00T,E38000016,NHS Greater Manchester ICB - 00T,DEMENTIA_REGISTER_65_PLUS,2413
31-Dec-25,SUB_ICB,00V,E38000024,NHS Greater Manchester ICB - 00V,COMORBIDITIES,1335
31-Dec-25,SUB_ICB,00V,E38000024,NHS Greater Manchester ICB - 00V,PALLIATIVE_CARE,265
31-Dec-25,SUB_ICB,00V,E38000024,NHS Greater Manchester ICB - 00V,DEMENTIA_REGISTER_65_PLUS,1895
31-Dec-25,SUB_ICB,00Y,E38000135,NHS Greater Manchester ICB - 00Y,PALLIATIVE_CARE,295
31-Dec-25,SUB_ICB,00Y,E38000135,NHS Greater Manchester ICB - 00Y,COMORBIDITIES,1465
31-Dec-25,SUB_ICB,00Y,E38000135,NHS Greater Manchester ICB - 00Y,DEMENTIA_REGISTER_65_PLUS,1971
31-Dec-25,SUB_ICB,01D,E38000080,NHS Greater Manchester ICB - 01D,PALLIATIVE_CARE,460
31-Dec-25,SUB_ICB,01D,E38000080,NHS Greater Manchester ICB - 01D,COMORBIDITIES,1400
31-Dec-25,SUB_ICB,01D,E38000080,NHS Greater Manchester ICB - 01D,DEMENTIA_REGISTER_65_PLUS,1861
31-Dec-25,SUB_ICB,01G,E38000143,NHS Greater Manchester ICB - 01G,COMORBIDITIES,1425
31-Dec-25,SUB_ICB,01G,E38000143,NHS Greater Manchester ICB - 01G,PALLIATIVE_CARE,355
31-Dec-25,SUB_ICB,01G,E38000143,NHS Greater Manchester ICB - 01G,DEMENTIA_REGISTER_65_PLUS,1909
31-Dec-25,SUB_ICB,01W,E38000174,NHS Greater Manchester ICB - 01W,PALLIATIVE_CARE,645
31-Dec-25,SUB_ICB,01W,E38000174,NHS Greater Manchester ICB - 01W,COMORBIDITIES,2430
31-Dec-25,SUB_ICB,01W,E38000174,NHS Greater Manchester ICB - 01W,DEMENTIA_REGISTER_65_PLUS,3310
31-Dec-25,SUB_ICB,01Y,E38000263,NHS Greater Manchester ICB - 01Y,COMORBIDITIES,1400
31-Dec-25,SUB_ICB,01Y,E38000263,NHS Greater Manchester ICB - 01Y,PALLIATIVE_CARE,680
31-Dec-25,SUB_ICB,01Y,E38000263,NHS Greater Manchester ICB - 01Y,DEMENTIA_REGISTER_65_PLUS,1770
31-Dec-25,SUB_ICB,02A,E38000187,NHS Greater Manchester ICB - 02A,COMORBIDITIES,1505
31-Dec-25,SUB_ICB,02A,E38000187,NHS Greater Manchester ICB - 02A,PALLIATIVE_CARE,250
31-Dec-25,SUB_ICB,02A,E38000187,NHS Greater Manchester ICB - 02A,DEMENTIA_REGISTER_65_PLUS,2079
31-Dec-25,SUB_ICB,02H,E38000205,NHS Greater Manchester ICB - 02H,PALLIATIVE_CARE,1075
31-Dec-25,SUB_ICB,02H,E38000205,NHS Greater Manchester ICB - 02H,COMORBIDITIES,2360
31-Dec-25,SUB_ICB,02H,E38000205,NHS Greater Manchester ICB - 02H,DEMENTIA_REGISTER_65_PLUS,3069
31-Dec-25,SUB_ICB,14L,E38000217,NHS Greater Manchester ICB - 14L,PALLIATIVE_CARE,500
31-Dec-25,SUB_ICB,14L,E38000217,NHS Greater Manchester ICB - 14L,COMORBIDITIES,2290
31-Dec-25,SUB_ICB,14L,E38000217,NHS Greater Manchester ICB - 14L,DEMENTIA_REGISTER_65_PLUS,2952
31-Dec-25,SUB_ICB,10R,E38000137,NHS Hampshire and Isle of Wight ICB - 10R,COMORBIDITIES,1195
31-Dec-25,SUB_ICB,10R,E38000137,NHS Hampshire and Isle of Wight ICB - 10R,PALLIATIVE_CARE,365
31-Dec-25,SUB_ICB,10R,E38000137,NHS Hampshire and Isle of Wight ICB - 10R,DEMENTIA_REGISTER_65_PLUS,1571
31-Dec-25,SUB_ICB,D9Y0V,E38000253,NHS Hampshire and Isle of Wight ICB - D9Y0V,PALLIATIVE_CARE,1980
31-Dec-25,SUB_ICB,D9Y0V,E38000253,NHS Hampshire and Isle of Wight ICB - D9Y0V,COMORBIDITIES,11745
31-Dec-25,SUB_ICB,D9Y0V,E38000253,NHS Hampshire and Isle of Wight ICB - D9Y0V,DEMENTIA_REGISTER_65_PLUS,16364
31-Dec-25,SUB_ICB,18C,E38000236,NHS Herefordshire and Worcestershire ICB - 18C,COMORBIDITIES,5340
31-Dec-25,SUB_ICB,18C,E38000236,NHS Herefordshire and Worcestershire ICB - 18C,PALLIATIVE_CARE,2045
31-Dec-25,SUB_ICB,18C,E38000236,NHS Herefordshire and Worcestershire ICB - 18C,DEMENTIA_REGISTER_65_PLUS,7466
31-Dec-25,SUB_ICB,06K,E38000049,NHS Hertfordshire and West Essex ICB - 06K,PALLIATIVE_CARE,1745
31-Dec-25,SUB_ICB,06K,E38000049,NHS Hertfordshire and West Essex ICB - 06K,COMORBIDITIES,3460
31-Dec-25,SUB_ICB,06K,E38000049,NHS Hertfordshire and West Essex ICB - 06K,DEMENTIA_REGISTER_65_PLUS,4767
31-Dec-25,SUB_ICB,06N,E38000079,NHS Hertfordshire and West Essex ICB - 06N,PALLIATIVE_CARE,1105
31-Dec-25,SUB_ICB,06N,E38000079,NHS Hertfordshire and West Essex ICB - 06N,COMORBIDITIES,3765
31-Dec-25,SUB_ICB,06N,E38000079,NHS Hertfordshire and West Essex ICB - 06N,DEMENTIA_REGISTER_65_PLUS,5142
31-Dec-25,SUB_ICB,07H,E38000197,NHS Hertfordshire and West Essex ICB - 07H,COMORBIDITIES,2290
31-Dec-25,SUB_ICB,07H,E38000197,NHS Hertfordshire and West Essex ICB - 07H,PALLIATIVE_CARE,1050
31-Dec-25,SUB_ICB,07H,E38000197,NHS Hertfordshire and West Essex ICB - 07H,DEMENTIA_REGISTER_65_PLUS,3102
31-Dec-25,SUB_ICB,02Y,E38000052,NHS Humber and North Yorkshire ICB - 02Y,COMORBIDITIES,2490
31-Dec-25,SUB_ICB,02Y,E38000052,NHS Humber and North Yorkshire ICB - 02Y,PALLIATIVE_CARE,425
31-Dec-25,SUB_ICB,02Y,E38000052,NHS Humber and North Yorkshire ICB - 02Y,DEMENTIA_REGISTER_65_PLUS,3432
31-Dec-25,SUB_ICB,03F,E38000085,NHS Humber and North Yorkshire ICB - 03F,PALLIATIVE_CARE,230
31-Dec-25,SUB_ICB,03F,E38000085,NHS Humber and North Yorkshire ICB - 03F,COMORBIDITIES,1545
31-Dec-25,SUB_ICB,03F,E38000085,NHS Humber and North Yorkshire ICB - 03F,DEMENTIA_REGISTER_65_PLUS,2009
31-Dec-25,SUB_ICB,03H,E38000119,NHS Humber and North Yorkshire ICB - 03H,COMORBIDITIES,1290
31-Dec-25,SUB_ICB,03H,E38000119,NHS Humber and North Yorkshire ICB - 03H,PALLIATIVE_CARE,465
31-Dec-25,SUB_ICB,03H,E38000119,NHS Humber and North Yorkshire ICB - 03H,DEMENTIA_REGISTER_65_PLUS,1762
31-Dec-25,SUB_ICB,03K,E38000122,NHS Humber and North Yorkshire ICB - 03K,COMORBIDITIES,1325
31-Dec-25,SUB_ICB,03K,E38000122,NHS Humber and North Yorkshire ICB - 03K,PALLIATIVE_CARE,830
31-Dec-25,SUB_ICB,03K,E38000122,NHS Humber and North Yorkshire ICB - 03K,DEMENTIA_REGISTER_65_PLUS,1787
31-Dec-25,SUB_ICB,03Q,E38000188,NHS Humber and North Yorkshire ICB - 03Q,COMORBIDITIES,1400
31-Dec-25,SUB_ICB,03Q,E38000188,NHS Humber and North Yorkshire ICB - 03Q,PALLIATIVE_CARE,470
31-Dec-25,SUB_ICB,03Q,E38000188,NHS Humber and North Yorkshire ICB - 03Q,DEMENTIA_REGISTER_65_PLUS,1933
31-Dec-25,SUB_ICB,42D,E38000241,NHS Humber and North Yorkshire ICB - 42D,PALLIATIVE_CARE,1060
31-Dec-25,SUB_ICB,42D,E38000241,NHS Humber and North Yorkshire ICB - 42D,COMORBIDITIES,4200
31-Dec-25,SUB_ICB,42D,E38000241,NHS Humber and North Yorkshire ICB - 42D,DEMENTIA_REGISTER_65_PLUS,5855
31-Dec-25,SUB_ICB,91Q,E38000237,NHS Kent and Medway ICB - 91Q,COMORBIDITIES,11880
31-Dec-25,SUB_ICB,91Q,E38000237,NHS Kent and Medway ICB - 91Q,PALLIATIVE_CARE,2870
31-Dec-25,SUB_ICB,91Q,E38000237,NHS Kent and Medway ICB - 91Q,DEMENTIA_REGISTER_65_PLUS,16403
31-Dec-25,SUB_ICB,00Q,E38000014,NHS Lancashire and South Cumbria ICB - 00Q,PALLIATIVE_CARE,210
31-Dec-25,SUB_ICB,00Q,E38000014,NHS Lancashire and South Cumbria ICB - 00Q,COMORBIDITIES,815
31-Dec-25,SUB_ICB,00Q,E38000014,NHS Lancashire and South Cumbria ICB - 00Q,DEMENTIA_REGISTER_65_PLUS,1030
31-Dec-25,SUB_ICB,00R,E38000015,NHS Lancashire and South Cumbria ICB - 00R,PALLIATIVE_CARE,595
31-Dec-25,SUB_ICB,00R,E38000015,NHS Lancashire and South Cumbria ICB - 00R,COMORBIDITIES,1180
31-Dec-25,SUB_ICB,00R,E38000015,NHS Lancashire and South Cumbria ICB - 00R,DEMENTIA_REGISTER_65_PLUS,1580
31-Dec-25,SUB_ICB,00X,E38000034,NHS Lancashire and South Cumbria ICB - 00X,COMORBIDITIES,1410
31-Dec-25,SUB_ICB,00X,E38000034,NHS Lancashire and South Cumbria ICB - 00X,PALLIATIVE_CARE,435
31-Dec-25,SUB_ICB,00X,E38000034,NHS Lancashire and South Cumbria ICB - 00X,DEMENTIA_REGISTER_65_PLUS,1882
31-Dec-25,SUB_ICB,01A,E38000050,NHS Lancashire and South Cumbria ICB - 01A,PALLIATIVE_CARE,835
31-Dec-25,SUB_ICB,01A,E38000050,NHS Lancashire and South Cumbria ICB - 01A,COMORBIDITIES,2215
31-Dec-25,SUB_ICB,01A,E38000050,NHS Lancashire and South Cumbria ICB - 01A,DEMENTIA_REGISTER_65_PLUS,3032
31-Dec-25,SUB_ICB,01E,E38000227,NHS Lancashire and South Cumbria ICB - 01E,COMORBIDITIES,1330
31-Dec-25,SUB_ICB,01E,E38000227,NHS Lancashire and South Cumbria ICB - 01E,PALLIATIVE_CARE,480
31-Dec-25,SUB_ICB,01E,E38000227,NHS Lancashire and South Cumbria ICB - 01E,DEMENTIA_REGISTER_65_PLUS,1810
31-Dec-25,SUB_ICB,01K,E38000228,NHS Lancashire and South Cumbria ICB - 01K,COMORBIDITIES,2750
31-Dec-25,SUB_ICB,01K,E38000228,NHS Lancashire and South Cumbria ICB - 01K,PALLIATIVE_CARE,785
31-Dec-25,SUB_ICB,01K,E38000228,NHS Lancashire and South Cumbria ICB - 01K,DEMENTIA_REGISTER_65_PLUS,3821
31-Dec-25,SUB_ICB,02G,E38000200,NHS Lancashire and South Cumbria ICB - 02G,PALLIATIVE_CARE,135
31-Dec-25,SUB_ICB,02G,E38000200,NHS Lancashire and South Cumbria ICB - 02G,COMORBIDITIES,835
31-Dec-25,SUB_ICB,02G,E38000200,NHS Lancashire and South Cumbria ICB - 02G,DEMENTIA_REGISTER_65_PLUS,1199
31-Dec-25,SUB_ICB,02M,E38000226,NHS Lancashire and South Cumbria ICB - 02M,PALLIATIVE_CARE,935
31-Dec-25,SUB_ICB,02M,E38000226,NHS Lancashire and South Cumbria ICB - 02M,COMORBIDITIES,1760
31-Dec-25,SUB_ICB,02M,E38000226,NHS Lancashire and South Cumbria ICB - 02M,DEMENTIA_REGISTER_65_PLUS,2418
31-Dec-25,SUB_ICB,03W,E38000051,"NHS Leicester, Leicestershire and Rutland ICB - 03W",PALLIATIVE_CARE,915
31-Dec-25,SUB_ICB,03W,E38000051,"NHS Leicester, Leicestershire and Rutland ICB - 03W",COMORBIDITIES,2350
31-Dec-25,SUB_ICB,03W,E38000051,"NHS Leicester, Leicestershire and Rutland ICB - 03W",DEMENTIA_REGISTER_65_PLUS,3293
31-Dec-25,SUB_ICB,04C,E38000097,"NHS Leicester, Leicestershire and Rutland ICB - 04C",COMORBIDITIES,1910
31-Dec-25,SUB_ICB,04C,E38000097,"NHS Leicester, Leicestershire and Rutland ICB - 04C",PALLIATIVE_CARE,600
31-Dec-25,SUB_ICB,04C,E38000097,"NHS Leicester, Leicestershire and Rutland ICB - 04C",DEMENTIA_REGISTER_65_PLUS,2410
31-Dec-25,SUB_ICB,04V,E38000201,"NHS Leicester, Leicestershire and Rutland ICB - 04V",PALLIATIVE_CARE,780
31-Dec-25,SUB_ICB,04V,E38000201,"NHS Leicester, Leicestershire and Rutland ICB - 04V",COMORBIDITIES,2430
31-Dec-25,SUB_ICB,04V,E38000201,"NHS Leicester, Leicestershire and Rutland ICB - 04V",DEMENTIA_REGISTER_65_PLUS,3346
31-Dec-25,SUB_ICB,71E,E38000238,NHS Lincolnshire ICB - 71E,COMORBIDITIES,6715
31-Dec-25,SUB_ICB,71E,E38000238,NHS Lincolnshire ICB - 71E,PALLIATIVE_CARE,2015
31-Dec-25,SUB_ICB,71E,E38000238,NHS Lincolnshire ICB - 71E,DEMENTIA_REGISTER_65_PLUS,9016
31-Dec-25,SUB_ICB,06Q,E38000106,NHS Mid and South Essex ICB - 06Q,COMORBIDITIES,2745
31-Dec-25,SUB_ICB,06Q,E38000106,NHS Mid and South Essex ICB - 06Q,PALLIATIVE_CARE,485
31-Dec-25,SUB_ICB,06Q,E38000106,NHS Mid and South Essex ICB - 06Q,DEMENTIA_REGISTER_65_PLUS,3821
31-Dec-25,SUB_ICB,07G,E38000185,NHS Mid and South Essex ICB - 07G,PALLIATIVE_CARE,360
31-Dec-25,SUB_ICB,07G,E38000185,NHS Mid and South Essex ICB - 07G,COMORBIDITIES,820
31-Dec-25,SUB_ICB,07G,E38000185,NHS Mid and South Essex ICB - 07G,DEMENTIA_REGISTER_65_PLUS,1047
31-Dec-25,SUB_ICB,99E,E38000007,NHS Mid and South Essex ICB - 99E,COMORBIDITIES,1615
31-Dec-25,SUB_ICB,99E,E38000007,NHS Mid and South Essex ICB - 99E,PALLIATIVE_CARE,565
31-Dec-25,SUB_ICB,99E,E38000007,NHS Mid and South Essex ICB - 99E,DEMENTIA_REGISTER_65_PLUS,2178
31-Dec-25,SUB_ICB,99F,E38000030,NHS Mid and South Essex ICB - 99F,COMORBIDITIES,1630
31-Dec-25,SUB_ICB,99F,E38000030,NHS Mid and South Essex ICB - 99F,PALLIATIVE_CARE,545
31-Dec-25,SUB_ICB,99F,E38000030,NHS Mid and South Essex ICB - 99F,DEMENTIA_REGISTER_65_PLUS,2234
31-Dec-25,SUB_ICB,99G,E38000168,NHS Mid and South Essex ICB - 99G,PALLIATIVE_CARE,700
31-Dec-25,SUB_ICB,99G,E38000168,NHS Mid and South Essex ICB - 99G,COMORBIDITIES,1535
31-Dec-25,SUB_ICB,99G,E38000168,NHS Mid and South Essex ICB - 99G,DEMENTIA_REGISTER_65_PLUS,2106
31-Dec-25,SUB_ICB,26A,E38000239,NHS Norfolk and Waveney ICB - 26A,COMORBIDITIES,8705
31-Dec-25,SUB_ICB,26A,E38000239,NHS Norfolk and Waveney ICB - 26A,PALLIATIVE_CARE,1215
31-Dec-25,SUB_ICB,26A,E38000239,NHS Norfolk and Waveney ICB - 26A,DEMENTIA_REGISTER_65_PLUS,11932
31-Dec-25,SUB_ICB,93C,E38000240,NHS North Central London ICB - 93C,PALLIATIVE_CARE,1470
31-Dec-25,SUB_ICB,93C,E38000240,NHS North Central London ICB - 93C,COMORBIDITIES,7080
31-Dec-25,SUB_ICB,93C,E38000240,NHS North Central London ICB - 93C,DEMENTIA_REGISTER_65_PLUS,9178
31-Dec-25,SUB_ICB,A3A8R,E38000255,NHS North East London ICB - A3A8R,PALLIATIVE_CARE,2445
31-Dec-25,SUB_ICB,A3A8R,E38000255,NHS North East London ICB - A3A8R,COMORBIDITIES,7065
31-Dec-25,SUB_ICB,A3A8R,E38000255,NHS North East London ICB - A3A8R,DEMENTIA_REGISTER_65_PLUS,8862
31-Dec-25,SUB_ICB,00L,E38000130,NHS North East and North Cumbria ICB - 00L,PALLIATIVE_CARE,540
31-Dec-25,SUB_ICB,00L,E38000130,NHS North East and North Cumbria ICB - 00L,COMORBIDITIES,2670
31-Dec-25,SUB_ICB,00L,E38000130,NHS North East and North Cumbria ICB - 00L,DEMENTIA_REGISTER_65_PLUS,3661
31-Dec-25,SUB_ICB,00N,E38000163,NHS North East and North Cumbria ICB - 00N,PALLIATIVE_CARE,370
31-Dec-25,SUB_ICB,00N,E38000163,NHS North East and North Cumbria ICB - 00N,COMORBIDITIES,1115
31-Dec-25,SUB_ICB,00N,E38000163,NHS North East and North Cumbria ICB - 00N,DEMENTIA_REGISTER_65_PLUS,1505
31-Dec-25,SUB_ICB,00P,E38000176,NHS North East and North Cumbria ICB - 00P,COMORBIDITIES,1900
31-Dec-25,SUB_ICB,00P,E38000176,NHS North East and North Cumbria ICB - 00P,PALLIATIVE_CARE,315
31-Dec-25,SUB_ICB,00P,E38000176,NHS North East and North Cumbria ICB - 00P,DEMENTIA_REGISTER_65_PLUS,2538
31-Dec-25,SUB_ICB,01H,E38000215,NHS North East and North Cumbria ICB - 01H,PALLIATIVE_CARE,430
31-Dec-25,SUB_ICB,01H,E38000215,NHS North East and North Cumbria ICB - 01H,COMORBIDITIES,2300
31-Dec-25,SUB_ICB,01H,E38000215,NHS North East and North Cumbria ICB - 01H,DEMENTIA_REGISTER_65_PLUS,3072
31-Dec-25,SUB_ICB,13T,E38000212,NHS North East and North Cumbria ICB - 13T,COMORBIDITIES,3165
31-Dec-25,SUB_ICB,13T,E38000212,NHS North East and North Cumbria ICB - 13T,PALLIATIVE_CARE,650
31-Dec-25,SUB_ICB,13T,E38000212,NHS North East and North Cumbria ICB - 13T,DEMENTIA_REGISTER_65_PLUS,4174
31-Dec-25,SUB_ICB,16C,E38000247,NHS North East and North Cumbria ICB - 16C,COMORBIDITIES,5040
31-Dec-25,SUB_ICB,16C,E38000247,NHS North East and North Cumbria ICB - 16C,PALLIATIVE_CARE,1030
31-Dec-25,SUB_ICB,16C,E38000247,NHS North East and North Cumbria ICB - 16C,DEMENTIA_REGISTER_65_PLUS,6649
31-Dec-25,SUB_ICB,84H,E38000234,NHS North East and North Cumbria ICB - 84H,PALLIATIVE_CARE,1195
31-Dec-25,SUB_ICB,84H,E38000234,NHS North East and North Cumbria ICB - 84H,COMORBIDITIES,4305
31-Dec-25,SUB_ICB,84H,E38000234,NHS North East and North Cumbria ICB - 84H,DEMENTIA_REGISTER_65_PLUS,5502
31-Dec-25,SUB_ICB,99C,E38000127,NHS North East and North Cumbria ICB - 99C,PALLIATIVE_CARE,505
31-Dec-25,SUB_ICB,99C,E38000127,NHS North East and North Cumbria ICB - 99C,COMORBIDITIES,1670
31-Dec-25,SUB_ICB,99C,E38000127,NHS North East and North Cumbria ICB - 99C,DEMENTIA_REGISTER_65_PLUS,2213
31-Dec-25,SUB_ICB,W2U3Z,E38000256,NHS North West London ICB - W2U3Z,COMORBIDITIES,10555
31-Dec-25,SUB_ICB,W2U3Z,E38000256,NHS North West London ICB - W2U3Z,PALLIATIVE_CARE,3260
31-Dec-25,SUB_ICB,W2U3Z,E38000256,NHS North West London ICB - W2U3Z,DEMENTIA_REGISTER_65_PLUS,13239
31-Dec-25,SUB_ICB,78H,E38000262,NHS Northamptonshire ICB - 78H,PALLIATIVE_CARE,535
31-Dec-25,SUB_ICB,78H,E38000262,NHS Northamptonshire ICB - 78H,COMORBIDITIES,4700
31-Dec-25,SUB_ICB,78H,E38000262,NHS Northamptonshire ICB - 78H,DEMENTIA_REGISTER_65_PLUS,6231
31-Dec-25,SUB_ICB,02Q,E38000008,NHS Nottingham and Nottinghamshire ICB - 02Q,COMORBIDITIES,985
31-Dec-25,SUB_ICB,02Q,E38000008,NHS Nottingham and Nottinghamshire ICB - 02Q,PALLIATIVE_CARE,395
31-Dec-25,SUB_ICB,02Q,E38000008,NHS Nottingham and Nottinghamshire ICB - 02Q,DEMENTIA_REGISTER_65_PLUS,1376
31-Dec-25,SUB_ICB,52R,E38000243,NHS Nottingham and Nottinghamshire ICB - 52R,COMORBIDITIES,6680
31-Dec-25,SUB_ICB,52R,E38000243,NHS Nottingham and Nottinghamshire ICB - 52R,PALLIATIVE_CARE,3285
31-Dec-25,SUB_ICB,52R,E38000243,NHS Nottingham and Nottinghamshire ICB - 52R,DEMENTIA_REGISTER_65_PLUS,9217
31-Dec-25,SUB_ICB,M2L0M,E38000257,"NHS Shropshire, Telford and Wrekin ICB - M2L0M",COMORBIDITIES,3645
31-Dec-25,SUB_ICB,M2L0M,E38000257,"NHS Shropshire, Telford and Wrekin ICB - M2L0M",PALLIATIVE_CARE,510
31-Dec-25,SUB_ICB,M2L0M,E38000257,"NHS Shropshire, Telford and Wrekin ICB - M2L0M",DEMENTIA_REGISTER_65_PLUS,5039
31-Dec-25,SUB_ICB,11X,E38000150,NHS Somerset ICB - 11X,PALLIATIVE_CARE,560
31-Dec-25,SUB_ICB,11X,E38000150,NHS Somerset ICB - 11X,COMORBIDITIES,4180
31-Dec-25,SUB_ICB,11X,E38000150,NHS Somerset ICB - 11X,DEMENTIA_REGISTER_65_PLUS,5757
31-Dec-25,SUB_ICB,72Q,E38000244,NHS South East London ICB - 72Q,COMORBIDITIES,8510
31-Dec-25,SUB_ICB,72Q,E38000244,NHS South East London ICB - 72Q,PALLIATIVE_CARE,2360
31-Dec-25,SUB_ICB,72Q,E38000244,NHS South East London ICB - 72Q,DEMENTIA_REGISTER_65_PLUS,11115
31-Dec-25,SUB_ICB,36L,E38000245,NHS South West London ICB - 36L,COMORBIDITIES,8140
31-Dec-25,SUB_ICB,36L,E38000245,NHS South West London ICB - 36L,PALLIATIVE_CARE,2250
31-Dec-25,SUB_ICB,36L,E38000245,NHS South West London ICB - 36L,DEMENTIA_REGISTER_65_PLUS,11052
31-Dec-25,SUB_ICB,02P,E38000006,NHS South Yorkshire ICB - 02P,COMORBIDITIES,1760
31-Dec-25,SUB_ICB,02P,E38000006,NHS South Yorkshire ICB - 02P,PALLIATIVE_CARE,460
31-Dec-25,SUB_ICB,02P,E38000006,NHS South Yorkshire ICB - 02P,DEMENTIA_REGISTER_65_PLUS,2378
31-Dec-25,SUB_ICB,02X,E38000044,NHS South Yorkshire ICB - 02X,COMORBIDITIES,2035
31-Dec-25,SUB_ICB,02X,E38000044,NHS South Yorkshire ICB - 02X,PALLIATIVE_CARE,345
31-Dec-25,SUB_ICB,02X,E38000044,NHS South Yorkshire ICB - 02X,DEMENTIA_REGISTER_65_PLUS,2711
31-Dec-25,SUB_ICB,03L,E38000141,NHS South Yorkshire ICB - 03L,COMORBIDITIES,2295
31-Dec-25,SUB_ICB,03L,E38000141,NHS South Yorkshire ICB - 03L,PALLIATIVE_CARE,280
31-Dec-25,SUB_ICB,03L,E38000141,NHS South Yorkshire ICB - 03L,DEMENTIA_REGISTER_65_PLUS,3008
31-Dec-25,SUB_ICB,03N,E38000146,NHS South Yorkshire ICB - 03N,PALLIATIVE_CARE,1245
31-Dec-25,SUB_ICB,03N,E38000146,NHS South Yorkshire ICB - 03N,COMORBIDITIES,3745
31-Dec-25,SUB_ICB,03N,E38000146,NHS South Yorkshire ICB - 03N,DEMENTIA_REGISTER_65_PLUS,4945
31-Dec-25,SUB_ICB,04Y,E38000028,NHS Staffordshire and Stoke-on-Trent ICB - 04Y,PALLIATIVE_CARE,400
31-Dec-25,SUB_ICB,04Y,E38000028,NHS Staffordshire and Stoke-on-Trent ICB - 04Y,COMORBIDITIES,1080
31-Dec-25,SUB_ICB,04Y,E38000028,NHS Staffordshire and Stoke-on-Trent ICB - 04Y,DEMENTIA_REGISTER_65_PLUS,1450
31-Dec-25,SUB_ICB,05D,E38000053,NHS Staffordshire and Stoke-on-Trent ICB - 05D,PALLIATIVE_CARE,455
31-Dec-25,SUB_ICB,05D,E38000053,NHS Staffordshire and Stoke-on-Trent ICB - 05D,COMORBIDITIES,860
31-Dec-25,SUB_ICB,05D,E38000053,NHS Staffordshire and Stoke-on-Trent ICB - 05D,DEMENTIA_REGISTER_65_PLUS,1194
31-Dec-25,SUB_ICB,05G,E38000126,NHS Staffordshire and Stoke-on-Trent ICB - 05G,COMORBIDITIES,2045
31-Dec-25,SUB_ICB,05G,E38000126,NHS Staffordshire and Stoke-on-Trent ICB - 05G,PALLIATIVE_CARE,550
31-Dec-25,SUB_ICB,05G,E38000126,NHS Staffordshire and Stoke-on-Trent ICB - 05G,DEMENTIA_REGISTER_65_PLUS,2690
31-Dec-25,SUB_ICB,05Q,E38000153,NHS Staffordshire and Stoke-on-Trent ICB - 05Q,COMORBIDITIES,1550
31-Dec-25,SUB_ICB,05Q,E38000153,NHS Staffordshire and Stoke-on-Trent ICB - 05Q,PALLIATIVE_CARE,605
31-Dec-25,SUB_ICB,05Q,E38000153,NHS Staffordshire and Stoke-on-Trent ICB - 05Q,DEMENTIA_REGISTER_65_PLUS,2176
31-Dec-25,SUB_ICB,05V,E38000173,NHS Staffordshire and Stoke-on-Trent ICB - 05V,PALLIATIVE_CARE,420
31-Dec-25,SUB_ICB,05V,E38000173,NHS Staffordshire and Stoke-on-Trent ICB - 05V,COMORBIDITIES,1075
31-Dec-25,SUB_ICB,05V,E38000173,NHS Staffordshire and Stoke-on-Trent ICB - 05V,DEMENTIA_REGISTER_65_PLUS,1478
31-Dec-25,SUB_ICB,05W,E38000175,NHS Staffordshire and Stoke-on-Trent ICB - 05W,PALLIATIVE_CARE,745
31-Dec-25,SUB_ICB,05W,E38000175,NHS Staffordshire and Stoke-on-Trent ICB - 05W,COMORBIDITIES,2505
31-Dec-25,SUB_ICB,05W,E38000175,NHS Staffordshire and Stoke-on-Trent ICB - 05W,DEMENTIA_REGISTER_65_PLUS,3145
31-Dec-25,SUB_ICB,06L,E38000086,NHS Suffolk and North East Essex ICB - 06L,PALLIATIVE_CARE,540
31-Dec-25,SUB_ICB,06L,E38000086,NHS Suffolk and North East Essex ICB - 06L,COMORBIDITIES,2885
31-Dec-25,SUB_ICB,06L,E38000086,NHS Suffolk and North East Essex ICB - 06L,DEMENTIA_REGISTER_65_PLUS,3969
31-Dec-25,SUB_ICB,06T,E38000117,NHS Suffolk and North East Essex ICB - 06T,COMORBIDITIES,2830
31-Dec-25,SUB_ICB,06T,E38000117,NHS Suffolk and North East Essex ICB - 06T,PALLIATIVE_CARE,1455
31-Dec-25,SUB_ICB,06T,E38000117,NHS Suffolk and North East Essex ICB - 06T,DEMENTIA_REGISTER_65_PLUS,3874
31-Dec-25,SUB_ICB,07K,E38000204,NHS Suffolk and North East Essex ICB - 07K,PALLIATIVE_CARE,300
31-Dec-25,SUB_ICB,07K,E38000204,NHS Suffolk and North East Essex ICB - 07K,COMORBIDITIES,1665
31-Dec-25,SUB_ICB,07K,E38000204,NHS Suffolk and North East Essex ICB - 07K,DEMENTIA_REGISTER_65_PLUS,2330
31-Dec-25,SUB_ICB,92A,E38000264,NHS Surrey Heartlands ICB - 92A,COMORBIDITIES,7410
31-Dec-25,SUB_ICB,92A,E38000264,NHS Surrey Heartlands ICB - 92A,PALLIATIVE_CARE,1100
31-Dec-25,SUB_ICB,92A,E38000264,NHS Surrey Heartlands ICB - 92A,DEMENTIA_REGISTER_65_PLUS,10584
31-Dec-25,SUB_ICB,09D,E38000021,NHS Sussex ICB - 09D,COMORBIDITIES,1320
31-Dec-25,SUB_ICB,09D,E38000021,NHS Sussex ICB - 09D,PALLIATIVE_CARE,215
31-Dec-25,SUB_ICB,09D,E38000021,NHS Sussex ICB - 09D,DEMENTIA_REGISTER_65_PLUS,1920
31-Dec-25,SUB_ICB,70F,E38000265,NHS Sussex ICB - 70F,COMORBIDITIES,6870
31-Dec-25,SUB_ICB,70F,E38000265,NHS Sussex ICB - 70F,PALLIATIVE_CARE,1445
31-Dec-25,SUB_ICB,70F,E38000265,NHS Sussex ICB - 70F,DEMENTIA_REGISTER_65_PLUS,9914
31-Dec-25,SUB_ICB,97R,E38000235,NHS Sussex ICB - 97R,COMORBIDITIES,4350
31-Dec-25,SUB_ICB,97R,E38000235,NHS Sussex ICB - 97R,PALLIATIVE_CARE,825
31-Dec-25,SUB_ICB,97R,E38000235,NHS Sussex ICB - 97R,DEMENTIA_REGISTER_65_PLUS,6344
31-Dec-25,SUB_ICB,02T,E38000025,NHS West Yorkshire ICB - 02T,COMORBIDITIES,1345
31-Dec-25,SUB_ICB,02T,E38000025,NHS West Yorkshire ICB - 02T,PALLIATIVE_CARE,415
31-Dec-25,SUB_ICB,02T,E38000025,NHS West Yorkshire ICB - 02T,DEMENTIA_REGISTER_65_PLUS,1836
31-Dec-25,SUB_ICB,03R,E38000190,NHS West Yorkshire ICB - 03R,COMORBIDITIES,2320
31-Dec-25,SUB_ICB,03R,E38000190,NHS West Yorkshire ICB - 03R,PALLIATIVE_CARE,680
31-Dec-25,SUB_ICB,03R,E38000190,NHS West Yorkshire ICB - 03R,DEMENTIA_REGISTER_65_PLUS,3088
31-Dec-25,SUB_ICB,15F,E38000225,NHS West Yorkshire ICB - 15F,PALLIATIVE_CARE,1270
31-Dec-25,SUB_ICB,15F,E38000225,NHS West Yorkshire ICB - 15F,COMORBIDITIES,5145
31-Dec-25,SUB_ICB,15F,E38000225,NHS West Yorkshire ICB - 15F,DEMENTIA_REGISTER_65_PLUS,6827
31-Dec-25,SUB_ICB,36J,E38000232,NHS West Yorkshire ICB - 36J,COMORBIDITIES,3725
31-Dec-25,SUB_ICB,36J,E38000232,NHS West Yorkshire ICB - 36J,PALLIATIVE_CARE,1685
31-Dec-25,SUB_ICB,36J,E38000232,NHS West Yorkshire ICB - 36J,DEMENTIA_REGISTER_65_PLUS,5008
31-Dec-25,SUB_ICB,X2C4Y,E38000254,NHS West Yorkshire ICB - X2C4Y,PALLIATIVE_CARE,915
31-Dec-25,SUB_ICB,X2C4Y,E38000254,NHS West Yorkshire ICB - X2C4Y,COMORBIDITIES,2485
31-Dec-25,SUB_ICB,X2C4Y,E38000254,NHS West Yorkshire ICB - X2C4Y,DEMENTIA_REGISTER_65_PLUS,3391
30-Nov-25,COUNTRY,ENG,E92000001,ENGLAND,COMORBIDITIES,366916
30-Nov-25,COUNTRY,ENG,E92000001,ENGLAND,PALLIATIVE_CARE,97446
30-Nov-25,COUNTRY,ENG,E92000001,ENGLAND,DEMENTIA_REGISTER_65_PLUS,498109
30-Nov-25,ICB,QOX,E54000040,"NHS Bath and North East Somerset, Swindon and Wiltshire Integrated Care Board",PALLIATIVE_CARE,751
30-Nov-25,ICB,QOX,E54000040,"NHS Bath and North East Somerset, Swindon and Wiltshire Integrated Care Board",COMORBIDITIES,6378
30-Nov-25,ICB,QOX,E54000040,"NHS Bath and North East Somerset, Swindon and Wiltshire Integrated Care Board",DEMENTIA_REGISTER_65_PLUS,8790
30-Nov-25,ICB,QHG,E54000024,"NHS Bedfordshire, Luton and Milton Keynes Integrated Care Board",PALLIATIVE_CARE,1074
30-Nov-25,ICB,QHG,E54000024,"NHS Bedfordshire, Luton and Milton Keynes Integrated Care Board",COMORBIDITIES,5809
30-Nov-25,ICB,QHG,E54000024,"NHS Bedfordshire, Luton and Milton Keynes Integrated Care Board",DEMENTIA_REGISTER_65_PLUS,7644
30-Nov-25,ICB,QHL,E54000055,NHS Birmingham and Solihull Integrated Care Board,COMORBIDITIES,7186
30-Nov-25,ICB,QHL,E54000055,NHS Birmingham and Solihull Integrated Care Board,PALLIATIVE_CARE,2155
30-Nov-25,ICB,QHL,E54000055,NHS Birmingham and Solihull Integrated Care Board,DEMENTIA_REGISTER_65_PLUS,9536
30-Nov-25,ICB,QUA,E54000062,NHS Black Country Integrated Care Board,COMORBIDITIES,7749
30-Nov-25,ICB,QUA,E54000062,NHS Black Country Integrated Care Board,PALLIATIVE_CARE,2971
30-Nov-25,ICB,QUA,E54000062,NHS Black Country Integrated Care Board,DEMENTIA_REGISTER_65_PLUS,10011
30-Nov-25,ICB,QUY,E54000039,"NHS Bristol, North Somerset and South Gloucestershire Integrated Care Board",COMORBIDITIES,6370
30-Nov-25,ICB,QUY,E54000039,"NHS Bristol, North Somerset and South Gloucestershire Integrated Care Board",PALLIATIVE_CARE,1029
30-Nov-25,ICB,QUY,E54000039,"NHS Bristol, North Somerset and South Gloucestershire Integrated Care Board",DEMENTIA_REGISTER_65_PLUS,8745
30-Nov-25,ICB,QU9,E54000044,"NHS Buckinghamshire, Oxfordshire and Berkshire West Integrated Care Board",PALLIATIVE_CARE,2170
30-Nov-25,ICB,QU9,E54000044,"NHS Buckinghamshire, Oxfordshire and Berkshire West Integrated Care Board",COMORBIDITIES,10665
30-Nov-25,ICB,QU9,E54000044,"NHS Buckinghamshire, Oxfordshire and Berkshire West Integrated Care Board",DEMENTIA_REGISTER_65_PLUS,15143
30-Nov-25,ICB,QUE,E54000056,NHS Cambridgeshire and Peterborough Integrated Care Board,COMORBIDITIES,5303
30-Nov-25,ICB,QUE,E54000056,NHS Cambridgeshire and Peterborough Integrated Care Board,PALLIATIVE_CARE,1087
30-Nov-25,ICB,QUE,E54000056,NHS Cambridgeshire and Peterborough Integrated Care Board,DEMENTIA_REGISTER_65_PLUS,7139
30-Nov-25,ICB,QYG,E54000008,NHS Cheshire and Merseyside Integrated Care Board,PALLIATIVE_CARE,6060
30-Nov-25,ICB,QYG,E54000008,NHS Cheshire and Merseyside Integrated Care Board,COMORBIDITIES,17958
30-Nov-25,ICB,QYG,E54000008,NHS Cheshire and Merseyside Integrated Care Board,DEMENTIA_REGISTER_65_PLUS,24317
30-Nov-25,ICB,QT6,E54000036,NHS Cornwall and the Isles of Scilly Integrated Care Board,COMORBIDITIES,4480
30-Nov-25,ICB,QT6,E54000036,NHS Cornwall and the Isles of Scilly Integrated Care Board,PALLIATIVE_CARE,381
30-Nov-25,ICB,QT6,E54000036,NHS Cornwall and the Isles of Scilly Integrated Care Board,DEMENTIA_REGISTER_65_PLUS,6280
30-Nov-25,ICB,QWU,E54000018,NHS Coventry and Warwickshire Integrated Care Board,COMORBIDITIES,5534
30-Nov-25,ICB,QWU,E54000018,NHS Coventry and Warwickshire Integrated Care Board,PALLIATIVE_CARE,1113
30-Nov-25,ICB,QWU,E54000018,NHS Coventry and Warwickshire Integrated Care Board,DEMENTIA_REGISTER_65_PLUS,7625
30-Nov-25,ICB,QJ2,E54000058,NHS Derby and Derbyshire Integrated Care Board,PALLIATIVE_CARE,2448
30-Nov-25,ICB,QJ2,E54000058,NHS Derby and Derbyshire Integrated Care Board,COMORBIDITIES,7794
30-Nov-25,ICB,QJ2,E54000058,NHS Derby and Derbyshire Integrated Care Board,DEMENTIA_REGISTER_65_PLUS,10550
30-Nov-25,ICB,QJK,E54000037,NHS Devon Integrated Care Board,COMORBIDITIES,8946
30-Nov-25,ICB,QJK,E54000037,NHS Devon Integrated Care Board,PALLIATIVE_CARE,1292
30-Nov-25,ICB,QJK,E54000037,NHS Devon Integrated Care Board,DEMENTIA_REGISTER_65_PLUS,12446
30-Nov-25,ICB,QVV,E54000041,NHS Dorset Integrated Care Board,PALLIATIVE_CARE,2143
30-Nov-25,ICB,QVV,E54000041,NHS Dorset Integrated Care Board,COMORBIDITIES,6052
30-Nov-25,ICB,QVV,E54000041,NHS Dorset Integrated Care Board,DEMENTIA_REGISTER_65_PLUS,8615
30-Nov-25,ICB,QNQ,E54000034,NHS Frimley Integrated Care Board,PALLIATIVE_CARE,895
30-Nov-25,ICB,QNQ,E54000034,NHS Frimley Integrated Care Board,COMORBIDITIES,4535
30-Nov-25,ICB,QNQ,E54000034,NHS Frimley Integrated Care Board,DEMENTIA_REGISTER_65_PLUS,6206
30-Nov-25,ICB,QR1,E54000043,NHS Gloucestershire Integrated Care Board,PALLIATIVE_CARE,1196
30-Nov-25,ICB,QR1,E54000043,NHS Gloucestershire Integrated Care Board,COMORBIDITIES,4888
30-Nov-25,ICB,QR1,E54000043,NHS Gloucestershire Integrated Care Board,DEMENTIA_REGISTER_65_PLUS,6821
30-Nov-25,ICB,QOP,E54000057,NHS Greater Manchester Integrated Care Board,PALLIATIVE_CARE,4887
30-Nov-25,ICB,QOP,E54000057,NHS Greater Manchester Integrated Care Board,COMORBIDITIES,17477
30-Nov-25,ICB,QOP,E54000057,NHS Greater Manchester Integrated Care Board,DEMENTIA_REGISTER_65_PLUS,23355
30-Nov-25,ICB,QRL,E54000042,NHS Hampshire and Isle of Wight Integrated Care Board,PALLIATIVE_CARE,2361
30-Nov-25,ICB,QRL,E54000042,NHS Hampshire and Isle of Wight Integrated Care Board,COMORBIDITIES,12937
30-Nov-25,ICB,QRL,E54000042,NHS Hampshire and Isle of Wight Integrated Care Board,DEMENTIA_REGISTER_65_PLUS,17944
30-Nov-25,ICB,QGH,E54000019,NHS Herefordshire and Worcestershire Integrated Care Board,COMORBIDITIES,5344
30-Nov-25,ICB,QGH,E54000019,NHS Herefordshire and Worcestershire Integrated Care Board,PALLIATIVE_CARE,2057
30-Nov-25,ICB,QGH,E54000019,NHS Herefordshire and Worcestershire Integrated Care Board,DEMENTIA_REGISTER_65_PLUS,7485
30-Nov-25,ICB,QM7,E54000025,NHS Hertfordshire and West Essex Integrated Care Board,COMORBIDITIES,9521
30-Nov-25,ICB,QM7,E54000025,NHS Hertfordshire and West Essex Integrated Care Board,PALLIATIVE_CARE,3872
30-Nov-25,ICB,QM7,E54000025,NHS Hertfordshire and West Essex Integrated Care Board,DEMENTIA_REGISTER_65_PLUS,13033
30-Nov-25,ICB,QOQ,E54000051,NHS Humber and North Yorkshire Integrated Care Board,COMORBIDITIES,12217
30-Nov-25,ICB,QOQ,E54000051,NHS Humber and North Yorkshire Integrated Care Board,PALLIATIVE_CARE,3490
30-Nov-25,ICB,QOQ,E54000051,NHS Humber and North Yorkshire Integrated Care Board,DEMENTIA_REGISTER_65_PLUS,16763
30-Nov-25,ICB,QKS,E54000032,NHS Kent and Medway Integrated Care Board,COMORBIDITIES,11906
30-Nov-25,ICB,QKS,E54000032,NHS Kent and Medway Integrated Care Board,PALLIATIVE_CARE,2889
30-Nov-25,ICB,QKS,E54000032,NHS Kent and Medway Integrated Care Board,DEMENTIA_REGISTER_65_PLUS,16460
30-Nov-25,ICB,QE1,E54000048,NHS Lancashire and South Cumbria Integrated Care Board,PALLIATIVE_CARE,4416
30-Nov-25,ICB,QE1,E54000048,NHS Lancashire and South Cumbria Integrated Care Board,COMORBIDITIES,12311
30-Nov-25,ICB,QE1,E54000048,NHS Lancashire and South Cumbria Integrated Care Board,DEMENTIA_REGISTER_65_PLUS,16807
30-Nov-25,ICB,QK1,E54000015,"NHS Leicester, Leicestershire and Rutland Integrated Care Board",PALLIATIVE_CARE,2339
30-Nov-25,ICB,QK1,E54000015,"NHS Leicester, Leicestershire and Rutland Integrated Care Board",COMORBIDITIES,6708
30-Nov-25,ICB,QK1,E54000015,"NHS Leicester, Leicestershire and Rutland Integrated Care Board",DEMENTIA_REGISTER_65_PLUS,9090
30-Nov-25,ICB,QJM,E54000013,NHS Lincolnshire Integrated Care Board,COMORBIDITIES,6673
30-Nov-25,ICB,QJM,E54000013,NHS Lincolnshire Integrated Care Board,PALLIATIVE_CARE,1984
30-Nov-25,ICB,QJM,E54000013,NHS Lincolnshire Integrated Care Board,DEMENTIA_REGISTER_65_PLUS,8966
30-Nov-25,ICB,QH8,E54000026,NHS Mid and South Essex Integrated Care Board,PALLIATIVE_CARE,2635
30-Nov-25,ICB,QH8,E54000026,NHS Mid and South Essex Integrated Care Board,COMORBIDITIES,8334
30-Nov-25,ICB,QH8,E54000026,NHS Mid and South Essex Integrated Care Board,DEMENTIA_REGISTER_65_PLUS,11385
30-Nov-25,ICB,QMM,E54000022,NHS Norfolk and Waveney Integrated Care Board,PALLIATIVE_CARE,1223
30-Nov-25,ICB,QMM,E54000022,NHS Norfolk and Waveney Integrated Care Board,COMORBIDITIES,8712
30-Nov-25,ICB,QMM,E54000022,NHS Norfolk and Waveney Integrated Care Board,DEMENTIA_REGISTER_65_PLUS,11946
30-Nov-25,ICB,QMJ,E54000028,NHS North Central London Integrated Care Board,COMORBIDITIES,7063
30-Nov-25,ICB,QMJ,E54000028,NHS North Central London Integrated Care Board,PALLIATIVE_CARE,1480
30-Nov-25,ICB,QMJ,E54000028,NHS North Central London Integrated Care Board,DEMENTIA_REGISTER_65_PLUS,9169
30-Nov-25,ICB,QMF,E54000029,NHS North East London Integrated Care Board,PALLIATIVE_CARE,2460
30-Nov-25,ICB,QMF,E54000029,NHS North East London Integrated Care Board,COMORBIDITIES,7050
30-Nov-25,ICB,QMF,E54000029,NHS North East London Integrated Care Board,DEMENTIA_REGISTER_65_PLUS,8857
30-Nov-25,ICB,QHM,E54000050,NHS North East and North Cumbria Integrated Care Board,PALLIATIVE_CARE,5069
30-Nov-25,ICB,QHM,E54000050,NHS North East and North Cumbria Integrated Care Board,COMORBIDITIES,22247
30-Nov-25,ICB,QHM,E54000050,NHS North East and North Cumbria Integrated Care Board,DEMENTIA_REGISTER_65_PLUS,29423
30-Nov-25,ICB,QRV,E54000027,NHS North West London Integrated Care Board,COMORBIDITIES,10522
30-Nov-25,ICB,QRV,E54000027,NHS North West London Integrated Care Board,PALLIATIVE_CARE,3244
30-Nov-25,ICB,QRV,E54000027,NHS North West London Integrated Care Board,DEMENTIA_REGISTER_65_PLUS,13230
30-Nov-25,ICB,QPM,E54000059,NHS Northamptonshire Integrated Care Board,PALLIATIVE_CARE,550
30-Nov-25,ICB,QPM,E54000059,NHS Northamptonshire Integrated Care Board,COMORBIDITIES,4735
30-Nov-25,ICB,QPM,E54000059,NHS Northamptonshire Integrated Care Board,DEMENTIA_REGISTER_65_PLUS,6278
30-Nov-25,ICB,QT1,E54000060,NHS Nottingham and Nottinghamshire Integrated Care Board,COMORBIDITIES,7691
30-Nov-25,ICB,QT1,E54000060,NHS Nottingham and Nottinghamshire Integrated Care Board,PALLIATIVE_CARE,3695
30-Nov-25,ICB,QT1,E54000060,NHS Nottingham and Nottinghamshire Integrated Care Board,DEMENTIA_REGISTER_65_PLUS,10619
30-Nov-25,ICB,QOC,E54000011,"NHS Shropshire, Telford and Wrekin Integrated Care Board",PALLIATIVE_CARE,503
30-Nov-25,ICB,QOC,E54000011,"NHS Shropshire, Telford and Wrekin Integrated Care Board",COMORBIDITIES,3639
30-Nov-25,ICB,QOC,E54000011,"NHS Shropshire, Telford and Wrekin Integrated Care Board",DEMENTIA_REGISTER_65_PLUS,5038
30-Nov-25,ICB,QSL,E54000038,NHS Somerset Integrated Care Board,COMORBIDITIES,4168
30-Nov-25,ICB,QSL,E54000038,NHS Somerset Integrated Care Board,PALLIATIVE_CARE,575
30-Nov-25,ICB,QSL,E54000038,NHS Somerset Integrated Care Board,DEMENTIA_REGISTER_65_PLUS,5746
30-Nov-25,ICB,QKK,E54000030,NHS South East London Integrated Care Board,COMORBIDITIES,8480
30-Nov-25,ICB,QKK,E54000030,NHS South East London Integrated Care Board,PALLIATIVE_CARE,2353
30-Nov-25,ICB,QKK,E54000030,NHS South East London Integrated Care Board,DEMENTIA_REGISTER_65_PLUS,11093
30-Nov-25,ICB,QWE,E54000031,NHS South West London Integrated Care Board,PALLIATIVE_CARE,2256
30-Nov-25,ICB,QWE,E54000031,NHS South West London Integrated Care Board,COMORBIDITIES,8184
30-Nov-25,ICB,QWE,E54000031,NHS South West London Integrated Care Board,DEMENTIA_REGISTER_65_PLUS,11105
30-Nov-25,ICB,QF7,E54000061,NHS South Yorkshire Integrated Care Board,COMORBIDITIES,9823
30-Nov-25,ICB,QF7,E54000061,NHS South Yorkshire Integrated Care Board,PALLIATIVE_CARE,2325
30-Nov-25,ICB,QF7,E54000061,NHS South Yorkshire Integrated Care Board,DEMENTIA_REGISTER_65_PLUS,13035
30-Nov-25,ICB,QNC,E54000010,NHS Staffordshire and Stoke-on-Trent Integrated Care Board,PALLIATIVE_CARE,3194
30-Nov-25,ICB,QNC,E54000010,NHS Staffordshire and Stoke-on-Trent Integrated Care Board,COMORBIDITIES,9126
30-Nov-25,ICB,QNC,E54000010,NHS Staffordshire and Stoke-on-Trent Integrated Care Board,DEMENTIA_REGISTER_65_PLUS,12165
30-Nov-25,ICB,QJG,E54000023,NHS Suffolk and North East Essex Integrated Care Board,PALLIATIVE_CARE,2324
30-Nov-25,ICB,QJG,E54000023,NHS Suffolk and North East Essex Integrated Care Board,COMORBIDITIES,7384
30-Nov-25,ICB,QJG,E54000023,NHS Suffolk and North East Essex Integrated Care Board,DEMENTIA_REGISTER_65_PLUS,10208
30-Nov-25,ICB,QXU,E54000063,NHS Surrey Heartlands ICB,COMORBIDITIES,7380
30-Nov-25,ICB,QXU,E54000063,NHS Surrey Heartlands ICB,PALLIATIVE_CARE,1074
30-Nov-25,ICB,QXU,E54000063,NHS Surrey Heartlands ICB,DEMENTIA_REGISTER_65_PLUS,10564
30-Nov-25,ICB,QNX,E54000064,NHS Sussex ICB,PALLIATIVE_CARE,2478
30-Nov-25,ICB,QNX,E54000064,NHS Sussex ICB,COMORBIDITIES,12568
30-Nov-25,ICB,QNX,E54000064,NHS Sussex ICB,DEMENTIA_REGISTER_65_PLUS,18248
30-Nov-25,ICB,QWO,E54000054,NHS West Yorkshire Integrated Care Board,PALLIATIVE_CARE,4948
30-Nov-25,ICB,QWO,E54000054,NHS West Yorkshire Integrated Care Board,COMORBIDITIES,15069
30-Nov-25,ICB,QWO,E54000054,NHS West Yorkshire Integrated Care Board,DEMENTIA_REGISTER_65_PLUS,20229
30-Nov-25,REGION,Y61,E40000013,East of England,COMORBIDITIES,45063
30-Nov-25,REGION,Y61,E40000013,East of England,PALLIATIVE_CARE,12215
30-Nov-25,REGION,Y61,E40000013,East of England,DEMENTIA_REGISTER_65_PLUS,61355
30-Nov-25,REGION,Y56,E40000003,London,COMORBIDITIES,41299
30-Nov-25,REGION,Y56,E40000003,London,PALLIATIVE_CARE,11793
30-Nov-25,REGION,Y56,E40000003,London,DEMENTIA_REGISTER_65_PLUS,53454
30-Nov-25,REGION,Y60,E40000011,Midlands,COMORBIDITIES,72179
30-Nov-25,REGION,Y60,E40000011,Midlands,PALLIATIVE_CARE,23009
30-Nov-25,REGION,Y60,E40000011,Midlands,DEMENTIA_REGISTER_65_PLUS,97363
30-Nov-25,REGION,Y63,E40000012,North East and Yorkshire,COMORBIDITIES,59356
30-Nov-25,REGION,Y63,E40000012,North East and Yorkshire,PALLIATIVE_CARE,15832
30-Nov-25,REGION,Y63,E40000012,North East and Yorkshire,DEMENTIA_REGISTER_65_PLUS,79450
30-Nov-25,REGION,Y62,E40000014,North West,PALLIATIVE_CARE,15363
30-Nov-25,REGION,Y62,E40000014,North West,COMORBIDITIES,47746
30-Nov-25,REGION,Y62,E40000014,North West,DEMENTIA_REGISTER_65_PLUS,64479
30-Nov-25,REGION,Y59,E40000005,South East,COMORBIDITIES,59991
30-Nov-25,REGION,Y59,E40000005,South East,PALLIATIVE_CARE,11867
30-Nov-25,REGION,Y59,E40000005,South East,DEMENTIA_REGISTER_65_PLUS,84565
30-Nov-25,REGION,Y58,E40000006,South West,PALLIATIVE_CARE,7367
30-Nov-25,REGION,Y58,E40000006,South West,COMORBIDITIES,41282
30-Nov-25,REGION,Y58,E40000006,South West,DEMENTIA_REGISTER_65_PLUS,57443
30-Nov-25,SUB_ICB,92G,E38000231,"NHS Bath and North East Somerset, Swindon and Wiltshire ICB - 92G",PALLIATIVE_CARE,750
30-Nov-25,SUB_ICB,92G,E38000231,"NHS Bath and North East Somerset, Swindon and Wiltshire ICB - 92G",COMORBIDITIES,6380
30-Nov-25,SUB_ICB,92G,E38000231,"NHS Bath and North East Somerset, Swindon and Wiltshire ICB - 92G",DEMENTIA_REGISTER_65_PLUS,8790
30-Nov-25,SUB_ICB,M1J4Y,E38000249,"NHS Bedfordshire, Luton and Milton Keynes ICB - M1J4Y",COMORBIDITIES,5810
30-Nov-25,SUB_ICB,M1J4Y,E38000249,"NHS Bedfordshire, Luton and Milton Keynes ICB - M1J4Y",PALLIATIVE_CARE,1075
30-Nov-25,SUB_ICB,M1J4Y,E38000249,"NHS Bedfordshire, Luton and Milton Keynes ICB - M1J4Y",DEMENTIA_REGISTER_65_PLUS,7644
30-Nov-25,SUB_ICB,15E,E38000258,NHS Birmingham and Solihull ICB - 15E,PALLIATIVE_CARE,2155
30-Nov-25,SUB_ICB,15E,E38000258,NHS Birmingham and Solihull ICB - 15E,COMORBIDITIES,7185
30-Nov-25,SUB_ICB,15E,E38000258,NHS Birmingham and Solihull ICB - 15E,DEMENTIA_REGISTER_65_PLUS,9536
30-Nov-25,SUB_ICB,D2P2L,E38000259,NHS Black Country ICB - D2P2L,PALLIATIVE_CARE,2970
30-Nov-25,SUB_ICB,D2P2L,E38000259,NHS Black Country ICB - D2P2L,COMORBIDITIES,7750
30-Nov-25,SUB_ICB,D2P2L,E38000259,NHS Black Country ICB - D2P2L,DEMENTIA_REGISTER_65_PLUS,10011
30-Nov-25,SUB_ICB,15C,E38000222,"NHS Bristol, North Somerset and South Gloucestershire ICB - 15C",COMORBIDITIES,6370
30-Nov-25,SUB_ICB,15C,E38000222,"NHS Bristol, North Somerset and South Gloucestershire ICB - 15C",PALLIATIVE_CARE,1030
30-Nov-25,SUB_ICB,15C,E38000222,"NHS Bristol, North Somerset and South Gloucestershire ICB - 15C",DEMENTIA_REGISTER_65_PLUS,8745
30-Nov-25,SUB_ICB,10Q,E38000136,"NHS Buckinghamshire, Oxfordshire and Berkshire West ICB - 10Q",PALLIATIVE_CARE,740
30-Nov-25,SUB_ICB,10Q,E38000136,"NHS Buckinghamshire, Oxfordshire and Berkshire West ICB - 10Q",COMORBIDITIES,4475
30-Nov-25,SUB_ICB,10Q,E38000136,"NHS Buckinghamshire, Oxfordshire and Berkshire West ICB - 10Q",DEMENTIA_REGISTER_65_PLUS,6471
30-Nov-25,SUB_ICB,14Y,E38000223,"NHS Buckinghamshire, Oxfordshire and Berkshire West ICB - 14Y",PALLIATIVE_CARE,655
30-Nov-25,SUB_ICB,14Y,E38000223,"NHS Buckinghamshire, Oxfordshire and Berkshire West ICB - 14Y",COMORBIDITIES,3250
30-Nov-25,SUB_ICB,14Y,E38000223,"NHS Buckinghamshire, Oxfordshire and Berkshire West ICB - 14Y",DEMENTIA_REGISTER_65_PLUS,4580
30-Nov-25,SUB_ICB,15A,E38000221,"NHS Buckinghamshire, Oxfordshire and Berkshire West ICB - 15A",PALLIATIVE_CARE,775
30-Nov-25,SUB_ICB,15A,E38000221,"NHS Buckinghamshire, Oxfordshire and Berkshire West ICB - 15A",COMORBIDITIES,2940
30-Nov-25,SUB_ICB,15A,E38000221,"NHS Buckinghamshire, Oxfordshire and Berkshire West ICB - 15A",DEMENTIA_REGISTER_65_PLUS,4092
30-Nov-25,SUB_ICB,06H,E38000260,NHS Cambridgeshire and Peterborough ICB - 06H,COMORBIDITIES,5305
30-Nov-25,SUB_ICB,06H,E38000260,NHS Cambridgeshire and Peterborough ICB - 06H,PALLIATIVE_CARE,1085
30-Nov-25,SUB_ICB,06H,E38000260,NHS Cambridgeshire and Peterborough ICB - 06H,DEMENTIA_REGISTER_65_PLUS,7139
30-Nov-25,SUB_ICB,01F,E38000068,NHS Cheshire and Merseyside ICB - 01F,PALLIATIVE_CARE,180
30-Nov-25,SUB_ICB,01F,E38000068,NHS Cheshire and Merseyside ICB - 01F,COMORBIDITIES,785
30-Nov-25,SUB_ICB,01F,E38000068,NHS Cheshire and Merseyside ICB - 01F,DEMENTIA_REGISTER_65_PLUS,1013
30-Nov-25,SUB_ICB,01J,E38000091,NHS Cheshire and Merseyside ICB - 01J,COMORBIDITIES,900
30-Nov-25,SUB_ICB,01J,E38000091,NHS Cheshire and Merseyside ICB - 01J,PALLIATIVE_CARE,330
30-Nov-25,SUB_ICB,01J,E38000091,NHS Cheshire and Merseyside ICB - 01J,DEMENTIA_REGISTER_65_PLUS,1156
30-Nov-25,SUB_ICB,01T,E38000161,NHS Cheshire and Merseyside ICB - 01T,COMORBIDITIES,910
30-Nov-25,SUB_ICB,01T,E38000161,NHS Cheshire and Merseyside ICB - 01T,PALLIATIVE_CARE,440
30-Nov-25,SUB_ICB,01T,E38000161,NHS Cheshire and Merseyside ICB - 01T,DEMENTIA_REGISTER_65_PLUS,1241
30-Nov-25,SUB_ICB,01V,E38000170,NHS Cheshire and Merseyside ICB - 01V,PALLIATIVE_CARE,550
30-Nov-25,SUB_ICB,01V,E38000170,NHS Cheshire and Merseyside ICB - 01V,COMORBIDITIES,1325
30-Nov-25,SUB_ICB,01V,E38000170,NHS Cheshire and Merseyside ICB - 01V,DEMENTIA_REGISTER_65_PLUS,1875
30-Nov-25,SUB_ICB,01X,E38000172,NHS Cheshire and Merseyside ICB - 01X,COMORBIDITIES,1360
30-Nov-25,SUB_ICB,01X,E38000172,NHS Cheshire and Merseyside ICB - 01X,PALLIATIVE_CARE,365
30-Nov-25,SUB_ICB,01X,E38000172,NHS Cheshire and Merseyside ICB - 01X,DEMENTIA_REGISTER_65_PLUS,1811
30-Nov-25,SUB_ICB,02E,E38000194,NHS Cheshire and Merseyside ICB - 02E,PALLIATIVE_CARE,950
30-Nov-25,SUB_ICB,02E,E38000194,NHS Cheshire and Merseyside ICB - 02E,COMORBIDITIES,1545
30-Nov-25,SUB_ICB,02E,E38000194,NHS Cheshire and Merseyside ICB - 02E,DEMENTIA_REGISTER_65_PLUS,2107
30-Nov-25,SUB_ICB,12F,E38000208,NHS Cheshire and Merseyside ICB - 12F,PALLIATIVE_CARE,1000
30-Nov-25,SUB_ICB,12F,E38000208,NHS Cheshire and Merseyside ICB - 12F,COMORBIDITIES,2460
30-Nov-25,SUB_ICB,12F,E38000208,NHS Cheshire and Merseyside ICB - 12F,DEMENTIA_REGISTER_65_PLUS,3352
30-Nov-25,SUB_ICB,27D,E38000233,NHS Cheshire and Merseyside ICB - 27D,PALLIATIVE_CARE,1655
30-Nov-25,SUB_ICB,27D,E38000233,NHS Cheshire and Merseyside ICB - 27D,COMORBIDITIES,5905
30-Nov-25,SUB_ICB,27D,E38000233,NHS Cheshire and Merseyside ICB - 27D,DEMENTIA_REGISTER_65_PLUS,8168
30-Nov-25,SUB_ICB,99A,E38000101,NHS Cheshire and Merseyside ICB - 99A,PALLIATIVE_CARE,585
30-Nov-25,SUB_ICB,99A,E38000101,NHS Cheshire and Merseyside ICB - 99A,COMORBIDITIES,2770
30-Nov-25,SUB_ICB,99A,E38000101,NHS Cheshire and Merseyside ICB - 99A,DEMENTIA_REGISTER_65_PLUS,3594
30-Nov-25,SUB_ICB,11N,E38000089,NHS Cornwall and the Isles of Scilly ICB - 11N,PALLIATIVE_CARE,380
30-Nov-25,SUB_ICB,11N,E38000089,NHS Cornwall and the Isles of Scilly ICB - 11N,COMORBIDITIES,4480
30-Nov-25,SUB_ICB,11N,E38000089,NHS Cornwall and the Isles of Scilly ICB - 11N,DEMENTIA_REGISTER_65_PLUS,6280
30-Nov-25,SUB_ICB,B2M3M,E38000251,NHS Coventry and Warwickshire ICB - B2M3M,PALLIATIVE_CARE,1115
30-Nov-25,SUB_ICB,B2M3M,E38000251,NHS Coventry and Warwickshire ICB - B2M3M,COMORBIDITIES,5535
30-Nov-25,SUB_ICB,B2M3M,E38000251,NHS Coventry and Warwickshire ICB - B2M3M,DEMENTIA_REGISTER_65_PLUS,7625
30-Nov-25,SUB_ICB,15M,E38000261,NHS Derby and Derbyshire ICB - 15M,PALLIATIVE_CARE,2450
30-Nov-25,SUB_ICB,15M,E38000261,NHS Derby and Derbyshire ICB - 15M,COMORBIDITIES,7795
30-Nov-25,SUB_ICB,15M,E38000261,NHS Derby and Derbyshire ICB - 15M,DEMENTIA_REGISTER_65_PLUS,10550
30-Nov-25,SUB_ICB,15N,E38000230,NHS Devon ICB - 15N,COMORBIDITIES,8945
30-Nov-25,SUB_ICB,15N,E38000230,NHS Devon ICB - 15N,PALLIATIVE_CARE,1290
30-Nov-25,SUB_ICB,15N,E38000230,NHS Devon ICB - 15N,DEMENTIA_REGISTER_65_PLUS,12446
30-Nov-25,SUB_ICB,11J,E38000045,NHS Dorset ICB - 11J,PALLIATIVE_CARE,2145
30-Nov-25,SUB_ICB,11J,E38000045,NHS Dorset ICB - 11J,COMORBIDITIES,6050
30-Nov-25,SUB_ICB,11J,E38000045,NHS Dorset ICB - 11J,DEMENTIA_REGISTER_65_PLUS,8615
30-Nov-25,SUB_ICB,D4U1Y,E38000252,NHS Frimley ICB - D4U1Y,COMORBIDITIES,4535
30-Nov-25,SUB_ICB,D4U1Y,E38000252,NHS Frimley ICB - D4U1Y,PALLIATIVE_CARE,895
30-Nov-25,SUB_ICB,D4U1Y,E38000252,NHS Frimley ICB - D4U1Y,DEMENTIA_REGISTER_65_PLUS,6206
30-Nov-25,SUB_ICB,11M,E38000062,NHS Gloucestershire ICB - 11M,COMORBIDITIES,4890
30-Nov-25,SUB_ICB,11M,E38000062,NHS Gloucestershire ICB - 11M,PALLIATIVE_CARE,1195
30-Nov-25,SUB_ICB,11M,E38000062,NHS Gloucestershire ICB - 11M,DEMENTIA_REGISTER_65_PLUS,6821
30-Nov-25,SUB_ICB,00T,E38000016,NHS Greater Manchester ICB - 00T,COMORBIDITIES,1800
30-Nov-25,SUB_ICB,00T,E38000016,NHS Greater Manchester ICB - 00T,PALLIATIVE_CARE,325
30-Nov-25,SUB_ICB,00T,E38000016,NHS Greater Manchester ICB - 00T,DEMENTIA_REGISTER_65_PLUS,2428
30-Nov-25,SUB_ICB,00V,E38000024,NHS Greater Manchester ICB - 00V,PALLIATIVE_CARE,275
30-Nov-25,SUB_ICB,00V,E38000024,NHS Greater Manchester ICB - 00V,COMORBIDITIES,1335
30-Nov-25,SUB_ICB,00V,E38000024,NHS Greater Manchester ICB - 00V,DEMENTIA_REGISTER_65_PLUS,1898
30-Nov-25,SUB_ICB,00Y,E38000135,NHS Greater Manchester ICB - 00Y,COMORBIDITIES,1455
30-Nov-25,SUB_ICB,00Y,E38000135,NHS Greater Manchester ICB - 00Y,PALLIATIVE_CARE,295
30-Nov-25,SUB_ICB,00Y,E38000135,NHS Greater Manchester ICB - 00Y,DEMENTIA_REGISTER_65_PLUS,1965
30-Nov-25,SUB_ICB,01D,E38000080,NHS Greater Manchester ICB - 01D,PALLIATIVE_CARE,450
30-Nov-25,SUB_ICB,01D,E38000080,NHS Greater Manchester ICB - 01D,COMORBIDITIES,1410
30-Nov-25,SUB_ICB,01D,E38000080,NHS Greater Manchester ICB - 01D,DEMENTIA_REGISTER_65_PLUS,1883
30-Nov-25,SUB_ICB,01G,E38000143,NHS Greater Manchester ICB - 01G,COMORBIDITIES,1450
30-Nov-25,SUB_ICB,01G,E38000143,NHS Greater Manchester ICB - 01G,PALLIATIVE_CARE,365
30-Nov-25,SUB_ICB,01G,E38000143,NHS Greater Manchester ICB - 01G,DEMENTIA_REGISTER_65_PLUS,1939
30-Nov-25,SUB_ICB,01W,E38000174,NHS Greater Manchester ICB - 01W,PALLIATIVE_CARE,645
30-Nov-25,SUB_ICB,01W,E38000174,NHS Greater Manchester ICB - 01W,COMORBIDITIES,2425
30-Nov-25,SUB_ICB,01W,E38000174,NHS Greater Manchester ICB - 01W,DEMENTIA_REGISTER_65_PLUS,3315
30-Nov-25,SUB_ICB,01Y,E38000263,NHS Greater Manchester ICB - 01Y,PALLIATIVE_CARE,695
30-Nov-25,SUB_ICB,01Y,E38000263,NHS Greater Manchester ICB - 01Y,COMORBIDITIES,1395
30-Nov-25,SUB_ICB,01Y,E38000263,NHS Greater Manchester ICB - 01Y,DEMENTIA_REGISTER_65_PLUS,1768
30-Nov-25,SUB_ICB,02A,E38000187,NHS Greater Manchester ICB - 02A,COMORBIDITIES,1500
30-Nov-25,SUB_ICB,02A,E38000187,NHS Greater Manchester ICB - 02A,PALLIATIVE_CARE,245
30-Nov-25,SUB_ICB,02A,E38000187,NHS Greater Manchester ICB - 02A,DEMENTIA_REGISTER_65_PLUS,2076
30-Nov-25,SUB_ICB,02H,E38000205,NHS Greater Manchester ICB - 02H,COMORBIDITIES,2380
30-Nov-25,SUB_ICB,02H,E38000205,NHS Greater Manchester ICB - 02H,PALLIATIVE_CARE,1095
30-Nov-25,SUB_ICB,02H,E38000205,NHS Greater Manchester ICB - 02H,DEMENTIA_REGISTER_65_PLUS,3097
30-Nov-25,SUB_ICB,14L,E38000217,NHS Greater Manchester ICB - 14L,PALLIATIVE_CARE,500
30-Nov-25,SUB_ICB,14L,E38000217,NHS Greater Manchester ICB - 14L,COMORBIDITIES,2325
30-Nov-25,SUB_ICB,14L,E38000217,NHS Greater Manchester ICB - 14L,DEMENTIA_REGISTER_65_PLUS,2986
30-Nov-25,SUB_ICB,10R,E38000137,NHS Hampshire and Isle of Wight ICB - 10R,COMORBIDITIES,1190
30-Nov-25,SUB_ICB,10R,E38000137,NHS Hampshire and Isle of Wight ICB - 10R,PALLIATIVE_CARE,365
30-Nov-25,SUB_ICB,10R,E38000137,NHS Hampshire and Isle of Wight ICB - 10R,DEMENTIA_REGISTER_65_PLUS,1566
30-Nov-25,SUB_ICB,D9Y0V,E38000253,NHS Hampshire and Isle of Wight ICB - D9Y0V,COMORBIDITIES,11745
30-Nov-25,SUB_ICB,D9Y0V,E38000253,NHS Hampshire and Isle of Wight ICB - D9Y0V,PALLIATIVE_CARE,1995
30-Nov-25,SUB_ICB,D9Y0V,E38000253,NHS Hampshire and Isle of Wight ICB - D9Y0V,DEMENTIA_REGISTER_65_PLUS,16378
30-Nov-25,SUB_ICB,18C,E38000236,NHS Herefordshire and Worcestershire ICB - 18C,COMORBIDITIES,5345
30-Nov-25,SUB_ICB,18C,E38000236,NHS Herefordshire and Worcestershire ICB - 18C,PALLIATIVE_CARE,2055
30-Nov-25,SUB_ICB,18C,E38000236,NHS Herefordshire and Worcestershire ICB - 18C,DEMENTIA_REGISTER_65_PLUS,7485
30-Nov-25,SUB_ICB,06K,E38000049,NHS Hertfordshire and West Essex ICB - 06K,PALLIATIVE_CARE,1720
30-Nov-25,SUB_ICB,06K,E38000049,NHS Hertfordshire and West Essex ICB - 06K,COMORBIDITIES,3460
30-Nov-25,SUB_ICB,06K,E38000049,NHS Hertfordshire and West Essex ICB - 06K,DEMENTIA_REGISTER_65_PLUS,4766
30-Nov-25,SUB_ICB,06N,E38000079,NHS Hertfordshire and West Essex ICB - 06N,PALLIATIVE_CARE,1095
30-Nov-25,SUB_ICB,06N,E38000079,NHS Hertfordshire and West Essex ICB - 06N,COMORBIDITIES,3765
30-Nov-25,SUB_ICB,06N,E38000079,NHS Hertfordshire and West Essex ICB - 06N,DEMENTIA_REGISTER_65_PLUS,5159
30-Nov-25,SUB_ICB,07H,E38000197,NHS Hertfordshire and West Essex ICB - 07H,PALLIATIVE_CARE,1055
30-Nov-25,SUB_ICB,07H,E38000197,NHS Hertfordshire and West Essex ICB - 07H,COMORBIDITIES,2295
30-Nov-25,SUB_ICB,07H,E38000197,NHS Hertfordshire and West Essex ICB - 07H,DEMENTIA_REGISTER_65_PLUS,3108
30-Nov-25,SUB_ICB,02Y,E38000052,NHS Humber and North Yorkshire ICB - 02Y,COMORBIDITIES,2470
30-Nov-25,SUB_ICB,02Y,E38000052,NHS Humber and North Yorkshire ICB - 02Y,PALLIATIVE_CARE,435
30-Nov-25,SUB_ICB,02Y,E38000052,NHS Humber and North Yorkshire ICB - 02Y,DEMENTIA_REGISTER_65_PLUS,3401
30-Nov-25,SUB_ICB,03F,E38000085,NHS Humber and North Yorkshire ICB - 03F,COMORBIDITIES,1550
30-Nov-25,SUB_ICB,03F,E38000085,NHS Humber and North Yorkshire ICB - 03F,PALLIATIVE_CARE,235
30-Nov-25,SUB_ICB,03F,E38000085,NHS Humber and North Yorkshire ICB - 03F,DEMENTIA_REGISTER_65_PLUS,2021
30-Nov-25,SUB_ICB,03H,E38000119,NHS Humber and North Yorkshire ICB - 03H,COMORBIDITIES,1285
30-Nov-25,SUB_ICB,03H,E38000119,NHS Humber and North Yorkshire ICB - 03H,PALLIATIVE_CARE,465
30-Nov-25,SUB_ICB,03H,E38000119,NHS Humber and North Yorkshire ICB - 03H,DEMENTIA_REGISTER_65_PLUS,1768
30-Nov-25,SUB_ICB,03K,E38000122,NHS Humber and North Yorkshire ICB - 03K,COMORBIDITIES,1320
30-Nov-25,SUB_ICB,03K,E38000122,NHS Humber and North Yorkshire ICB - 03K,PALLIATIVE_CARE,825
30-Nov-25,SUB_ICB,03K,E38000122,NHS Humber and North Yorkshire ICB - 03K,DEMENTIA_REGISTER_65_PLUS,1783
30-Nov-25,SUB_ICB,03Q,E38000188,NHS Humber and North Yorkshire ICB - 03Q,PALLIATIVE_CARE,475
30-Nov-25,SUB_ICB,03Q,E38000188,NHS Humber and North Yorkshire ICB - 03Q,COMORBIDITIES,1385
30-Nov-25,SUB_ICB,03Q,E38000188,NHS Humber and North Yorkshire ICB - 03Q,DEMENTIA_REGISTER_65_PLUS,1921
30-Nov-25,SUB_ICB,42D,E38000241,NHS Humber and North Yorkshire ICB - 42D,COMORBIDITIES,4210
30-Nov-25,SUB_ICB,42D,E38000241,NHS Humber and North Yorkshire ICB - 42D,PALLIATIVE_CARE,1055
30-Nov-25,SUB_ICB,42D,E38000241,NHS Humber and North Yorkshire ICB - 42D,DEMENTIA_REGISTER_65_PLUS,5869
30-Nov-25,SUB_ICB,91Q,E38000237,NHS Kent and Medway ICB - 91Q,PALLIATIVE_CARE,2890
30-Nov-25,SUB_ICB,91Q,E38000237,NHS Kent and Medway ICB - 91Q,COMORBIDITIES,11905
30-Nov-25,SUB_ICB,91Q,E38000237,NHS Kent and Medway ICB - 91Q,DEMENTIA_REGISTER_65_PLUS,16460
30-Nov-25,SUB_ICB,00Q,E38000014,NHS Lancashire and South Cumbria ICB - 00Q,PALLIATIVE_CARE,210
30-Nov-25,SUB_ICB,00Q,E38000014,NHS Lancashire and South Cumbria ICB - 00Q,COMORBIDITIES,830
30-Nov-25,SUB_ICB,00Q,E38000014,NHS Lancashire and South Cumbria ICB - 00Q,DEMENTIA_REGISTER_65_PLUS,1045
30-Nov-25,SUB_ICB,00R,E38000015,NHS Lancashire and South Cumbria ICB - 00R,PALLIATIVE_CARE,600
30-Nov-25,SUB_ICB,00R,E38000015,NHS Lancashire and South Cumbria ICB - 00R,COMORBIDITIES,1195
30-Nov-25,SUB_ICB,00R,E38000015,NHS Lancashire and South Cumbria ICB - 00R,DEMENTIA_REGISTER_65_PLUS,1595
30-Nov-25,SUB_ICB,00X,E38000034,NHS Lancashire and South Cumbria ICB - 00X,COMORBIDITIES,1410
30-Nov-25,SUB_ICB,00X,E38000034,NHS Lancashire and South Cumbria ICB - 00X,PALLIATIVE_CARE,435
30-Nov-25,SUB_ICB,00X,E38000034,NHS Lancashire and South Cumbria ICB - 00X,DEMENTIA_REGISTER_65_PLUS,1892
30-Nov-25,SUB_ICB,01A,E38000050,NHS Lancashire and South Cumbria ICB - 01A,PALLIATIVE_CARE,820
30-Nov-25,SUB_ICB,01A,E38000050,NHS Lancashire and South Cumbria ICB - 01A,COMORBIDITIES,2195
30-Nov-25,SUB_ICB,01A,E38000050,NHS Lancashire and South Cumbria ICB - 01A,DEMENTIA_REGISTER_65_PLUS,3010
30-Nov-25,SUB_ICB,01E,E38000227,NHS Lancashire and South Cumbria ICB - 01E,PALLIATIVE_CARE,495
30-Nov-25,SUB_ICB,01E,E38000227,NHS Lancashire and South Cumbria ICB - 01E,COMORBIDITIES,1335
30-Nov-25,SUB_ICB,01E,E38000227,NHS Lancashire and South Cumbria ICB - 01E,DEMENTIA_REGISTER_65_PLUS,1824
30-Nov-25,SUB_ICB,01K,E38000228,NHS Lancashire and South Cumbria ICB - 01K,PALLIATIVE_CARE,770
30-Nov-25,SUB_ICB,01K,E38000228,NHS Lancashire and South Cumbria ICB - 01K,COMORBIDITIES,2750
30-Nov-25,SUB_ICB,01K,E38000228,NHS Lancashire and South Cumbria ICB - 01K,DEMENTIA_REGISTER_65_PLUS,3819
30-Nov-25,SUB_ICB,02G,E38000200,NHS Lancashire and South Cumbria ICB - 02G,COMORBIDITIES,825
30-Nov-25,SUB_ICB,02G,E38000200,NHS Lancashire and South Cumbria ICB - 02G,PALLIATIVE_CARE,130
30-Nov-25,SUB_ICB,02G,E38000200,NHS Lancashire and South Cumbria ICB - 02G,DEMENTIA_REGISTER_65_PLUS,1185
30-Nov-25,SUB_ICB,02M,E38000226,NHS Lancashire and South Cumbria ICB - 02M,COMORBIDITIES,1765
30-Nov-25,SUB_ICB,02M,E38000226,NHS Lancashire and South Cumbria ICB - 02M,PALLIATIVE_CARE,960
30-Nov-25,SUB_ICB,02M,E38000226,NHS Lancashire and South Cumbria ICB - 02M,DEMENTIA_REGISTER_65_PLUS,2437
30-Nov-25,SUB_ICB,03W,E38000051,"NHS Leicester, Leicestershire and Rutland ICB - 03W",PALLIATIVE_CARE,930
30-Nov-25,SUB_ICB,03W,E38000051,"NHS Leicester, Leicestershire and Rutland ICB - 03W",COMORBIDITIES,2355
30-Nov-25,SUB_ICB,03W,E38000051,"NHS Leicester, Leicestershire and Rutland ICB - 03W",DEMENTIA_REGISTER_65_PLUS,3294
30-Nov-25,SUB_ICB,04C,E38000097,"NHS Leicester, Leicestershire and Rutland ICB - 04C",PALLIATIVE_CARE,615
30-Nov-25,SUB_ICB,04C,E38000097,"NHS Leicester, Leicestershire and Rutland ICB - 04C",COMORBIDITIES,1910
30-Nov-25,SUB_ICB,04C,E38000097,"NHS Leicester, Leicestershire and Rutland ICB - 04C",DEMENTIA_REGISTER_65_PLUS,2415
30-Nov-25,SUB_ICB,04V,E38000201,"NHS Leicester, Leicestershire and Rutland ICB - 04V",PALLIATIVE_CARE,795
30-Nov-25,SUB_ICB,04V,E38000201,"NHS Leicester, Leicestershire and Rutland ICB - 04V",COMORBIDITIES,2445
30-Nov-25,SUB_ICB,04V,E38000201,"NHS Leicester, Leicestershire and Rutland ICB - 04V",DEMENTIA_REGISTER_65_PLUS,3381
30-Nov-25,SUB_ICB,71E,E38000238,NHS Lincolnshire ICB - 71E,COMORBIDITIES,6675
30-Nov-25,SUB_ICB,71E,E38000238,NHS Lincolnshire ICB - 71E,PALLIATIVE_CARE,1985
30-Nov-25,SUB_ICB,71E,E38000238,NHS Lincolnshire ICB - 71E,DEMENTIA_REGISTER_65_PLUS,8966
30-Nov-25,SUB_ICB,06Q,E38000106,NHS Mid and South Essex ICB - 06Q,PALLIATIVE_CARE,475
30-Nov-25,SUB_ICB,06Q,E38000106,NHS Mid and South Essex ICB - 06Q,COMORBIDITIES,2730
30-Nov-25,SUB_ICB,06Q,E38000106,NHS Mid and South Essex ICB - 06Q,DEMENTIA_REGISTER_65_PLUS,3825
30-Nov-25,SUB_ICB,07G,E38000185,NHS Mid and South Essex ICB - 07G,COMORBIDITIES,815
30-Nov-25,SUB_ICB,07G,E38000185,NHS Mid and South Essex ICB - 07G,PALLIATIVE_CARE,360
30-Nov-25,SUB_ICB,07G,E38000185,NHS Mid and South Essex ICB - 07G,DEMENTIA_REGISTER_65_PLUS,1046
30-Nov-25,SUB_ICB,99E,E38000007,NHS Mid and South Essex ICB - 99E,PALLIATIVE_CARE,560
30-Nov-25,SUB_ICB,99E,E38000007,NHS Mid and South Essex ICB - 99E,COMORBIDITIES,1610
30-Nov-25,SUB_ICB,99E,E38000007,NHS Mid and South Essex ICB - 99E,DEMENTIA_REGISTER_65_PLUS,2169
30-Nov-25,SUB_ICB,99F,E38000030,NHS Mid and South Essex ICB - 99F,PALLIATIVE_CARE,545
30-Nov-25,SUB_ICB,99F,E38000030,NHS Mid and South Essex ICB - 99F,COMORBIDITIES,1635
30-Nov-25,SUB_ICB,99F,E38000030,NHS Mid and South Essex ICB - 99F,DEMENTIA_REGISTER_65_PLUS,2239
30-Nov-25,SUB_ICB,99G,E38000168,NHS Mid and South Essex ICB - 99G,COMORBIDITIES,1540
30-Nov-25,SUB_ICB,99G,E38000168,NHS Mid and South Essex ICB - 99G,PALLIATIVE_CARE,690
30-Nov-25,SUB_ICB,99G,E38000168,NHS Mid and South Essex ICB - 99G,DEMENTIA_REGISTER_65_PLUS,2106
30-Nov-25,SUB_ICB,26A,E38000239,NHS Norfolk and Waveney ICB - 26A,PALLIATIVE_CARE,1225
30-Nov-25,SUB_ICB,26A,E38000239,NHS Norfolk and Waveney ICB - 26A,COMORBIDITIES,8710
30-Nov-25,SUB_ICB,26A,E38000239,NHS Norfolk and Waveney ICB - 26A,DEMENTIA_REGISTER_65_PLUS,11946
30-Nov-25,SUB_ICB,93C,E38000240,NHS North Central London ICB - 93C,PALLIATIVE_CARE,1480
30-Nov-25,SUB_ICB,93C,E38000240,NHS North Central London ICB - 93C,COMORBIDITIES,7065
30-Nov-25,SUB_ICB,93C,E38000240,NHS North Central London ICB - 93C,DEMENTIA_REGISTER_65_PLUS,9169
30-Nov-25,SUB_ICB,A3A8R,E38000255,NHS North East London ICB - A3A8R,PALLIATIVE_CARE,2460
30-Nov-25,SUB_ICB,A3A8R,E38000255,NHS North East London ICB - A3A8R,COMORBIDITIES,7050
30-Nov-25,SUB_ICB,A3A8R,E38000255,NHS North East London ICB - A3A8R,DEMENTIA_REGISTER_65_PLUS,8857
30-Nov-25,SUB_ICB,00L,E38000130,NHS North East and North Cumbria ICB - 00L,COMORBIDITIES,2690
30-Nov-25,SUB_ICB,00L,E38000130,NHS North East and North Cumbria ICB - 00L,PALLIATIVE_CARE,540
30-Nov-25,SUB_ICB,00L,E38000130,NHS North East and North Cumbria ICB - 00L,DEMENTIA_REGISTER_65_PLUS,3680
30-Nov-25,SUB_ICB,00N,E38000163,NHS North East and North Cumbria ICB - 00N,PALLIATIVE_CARE,360
30-Nov-25,SUB_ICB,00N,E38000163,NHS North East and North Cumbria ICB - 00N,COMORBIDITIES,1120
30-Nov-25,SUB_ICB,00N,E38000163,NHS North East and North Cumbria ICB - 00N,DEMENTIA_REGISTER_65_PLUS,1517
30-Nov-25,SUB_ICB,00P,E38000176,NHS North East and North Cumbria ICB - 00P,PALLIATIVE_CARE,320
30-Nov-25,SUB_ICB,00P,E38000176,NHS North East and North Cumbria ICB - 00P,COMORBIDITIES,1910
30-Nov-25,SUB_ICB,00P,E38000176,NHS North East and North Cumbria ICB - 00P,DEMENTIA_REGISTER_65_PLUS,2553
30-Nov-25,SUB_ICB,01H,E38000215,NHS North East and North Cumbria ICB - 01H,PALLIATIVE_CARE,435
30-Nov-25,SUB_ICB,01H,E38000215,NHS North East and North Cumbria ICB - 01H,COMORBIDITIES,2290
30-Nov-25,SUB_ICB,01H,E38000215,NHS North East and North Cumbria ICB - 01H,DEMENTIA_REGISTER_65_PLUS,3059
30-Nov-25,SUB_ICB,13T,E38000212,NHS North East and North Cumbria ICB - 13T,COMORBIDITIES,3185
30-Nov-25,SUB_ICB,13T,E38000212,NHS North East and North Cumbria ICB - 13T,PALLIATIVE_CARE,660
30-Nov-25,SUB_ICB,13T,E38000212,NHS North East and North Cumbria ICB - 13T,DEMENTIA_REGISTER_65_PLUS,4201
30-Nov-25,SUB_ICB,16C,E38000247,NHS North East and North Cumbria ICB - 16C,COMORBIDITIES,5055
30-Nov-25,SUB_ICB,16C,E38000247,NHS North East and North Cumbria ICB - 16C,PALLIATIVE_CARE,1025
30-Nov-25,SUB_ICB,16C,E38000247,NHS North East and North Cumbria ICB - 16C,DEMENTIA_REGISTER_65_PLUS,6670
30-Nov-25,SUB_ICB,84H,E38000234,NHS North East and North Cumbria ICB - 84H,PALLIATIVE_CARE,1215
30-Nov-25,SUB_ICB,84H,E38000234,NHS North East and North Cumbria ICB - 84H,COMORBIDITIES,4335
30-Nov-25,SUB_ICB,84H,E38000234,NHS North East and North Cumbria ICB - 84H,DEMENTIA_REGISTER_65_PLUS,5535
30-Nov-25,SUB_ICB,99C,E38000127,NHS North East and North Cumbria ICB - 99C,PALLIATIVE_CARE,510
30-Nov-25,SUB_ICB,99C,E38000127,NHS North East and North Cumbria ICB - 99C,COMORBIDITIES,1660
30-Nov-25,SUB_ICB,99C,E38000127,NHS North East and North Cumbria ICB - 99C,DEMENTIA_REGISTER_65_PLUS,2208
30-Nov-25,SUB_ICB,W2U3Z,E38000256,NHS North West London ICB - W2U3Z,COMORBIDITIES,10520
30-Nov-25,SUB_ICB,W2U3Z,E38000256,NHS North West London ICB - W2U3Z,PALLIATIVE_CARE,3245
30-Nov-25,SUB_ICB,W2U3Z,E38000256,NHS North West London ICB - W2U3Z,DEMENTIA_REGISTER_65_PLUS,13230
30-Nov-25,SUB_ICB,78H,E38000262,NHS Northamptonshire ICB - 78H,PALLIATIVE_CARE,550
30-Nov-25,SUB_ICB,78H,E38000262,NHS Northamptonshire ICB - 78H,COMORBIDITIES,4735
30-Nov-25,SUB_ICB,78H,E38000262,NHS Northamptonshire ICB - 78H,DEMENTIA_REGISTER_65_PLUS,6278
30-Nov-25,SUB_ICB,02Q,E38000008,NHS Nottingham and Nottinghamshire ICB - 02Q,PALLIATIVE_CARE,395
30-Nov-25,SUB_ICB,02Q,E38000008,NHS Nottingham and Nottinghamshire ICB - 02Q,COMORBIDITIES,995
30-Nov-25,SUB_ICB,02Q,E38000008,NHS Nottingham and Nottinghamshire ICB - 02Q,DEMENTIA_REGISTER_65_PLUS,1387
30-Nov-25,SUB_ICB,52R,E38000243,NHS Nottingham and Nottinghamshire ICB - 52R,COMORBIDITIES,6695
30-Nov-25,SUB_ICB,52R,E38000243,NHS Nottingham and Nottinghamshire ICB - 52R,PALLIATIVE_CARE,3300
30-Nov-25,SUB_ICB,52R,E38000243,NHS Nottingham and Nottinghamshire ICB - 52R,DEMENTIA_REGISTER_65_PLUS,9232
30-Nov-25,SUB_ICB,M2L0M,E38000257,"NHS Shropshire, Telford and Wrekin ICB - M2L0M",PALLIATIVE_CARE,505
30-Nov-25,SUB_ICB,M2L0M,E38000257,"NHS Shropshire, Telford and Wrekin ICB - M2L0M",COMORBIDITIES,3640
30-Nov-25,SUB_ICB,M2L0M,E38000257,"NHS Shropshire, Telford and Wrekin ICB - M2L0M",DEMENTIA_REGISTER_65_PLUS,5038
30-Nov-25,SUB_ICB,11X,E38000150,NHS Somerset ICB - 11X,PALLIATIVE_CARE,575
30-Nov-25,SUB_ICB,11X,E38000150,NHS Somerset ICB - 11X,COMORBIDITIES,4170
30-Nov-25,SUB_ICB,11X,E38000150,NHS Somerset ICB - 11X,DEMENTIA_REGISTER_65_PLUS,5746
30-Nov-25,SUB_ICB,72Q,E38000244,NHS South East London ICB - 72Q,PALLIATIVE_CARE,2355
30-Nov-25,SUB_ICB,72Q,E38000244,NHS South East London ICB - 72Q,COMORBIDITIES,8480
30-Nov-25,SUB_ICB,72Q,E38000244,NHS South East London ICB - 72Q,DEMENTIA_REGISTER_65_PLUS,11093
30-Nov-25,SUB_ICB,36L,E38000245,NHS South West London ICB - 36L,COMORBIDITIES,8185
30-Nov-25,SUB_ICB,36L,E38000245,NHS South West London ICB - 36L,PALLIATIVE_CARE,2255
30-Nov-25,SUB_ICB,36L,E38000245,NHS South West London ICB - 36L,DEMENTIA_REGISTER_65_PLUS,11105
30-Nov-25,SUB_ICB,02P,E38000006,NHS South Yorkshire ICB - 02P,COMORBIDITIES,1770
30-Nov-25,SUB_ICB,02P,E38000006,NHS South Yorkshire ICB - 02P,PALLIATIVE_CARE,485
30-Nov-25,SUB_ICB,02P,E38000006,NHS South Yorkshire ICB - 02P,DEMENTIA_REGISTER_65_PLUS,2390
30-Nov-25,SUB_ICB,02X,E38000044,NHS South Yorkshire ICB - 02X,COMORBIDITIES,2055
30-Nov-25,SUB_ICB,02X,E38000044,NHS South Yorkshire ICB - 02X,PALLIATIVE_CARE,355
30-Nov-25,SUB_ICB,02X,E38000044,NHS South Yorkshire ICB - 02X,DEMENTIA_REGISTER_65_PLUS,2730
30-Nov-25,SUB_ICB,03L,E38000141,NHS South Yorkshire ICB - 03L,COMORBIDITIES,2315
30-Nov-25,SUB_ICB,03L,E38000141,NHS South Yorkshire ICB - 03L,PALLIATIVE_CARE,265
30-Nov-25,SUB_ICB,03L,E38000141,NHS South Yorkshire ICB - 03L,DEMENTIA_REGISTER_65_PLUS,3038
30-Nov-25,SUB_ICB,03N,E38000146,NHS South Yorkshire ICB - 03N,COMORBIDITIES,3680
30-Nov-25,SUB_ICB,03N,E38000146,NHS South Yorkshire ICB - 03N,PALLIATIVE_CARE,1220
30-Nov-25,SUB_ICB,03N,E38000146,NHS South Yorkshire ICB - 03N,DEMENTIA_REGISTER_65_PLUS,4877
30-Nov-25,SUB_ICB,04Y,E38000028,NHS Staffordshire and Stoke-on-Trent ICB - 04Y,PALLIATIVE_CARE,405
30-Nov-25,SUB_ICB,04Y,E38000028,NHS Staffordshire and Stoke-on-Trent ICB - 04Y,COMORBIDITIES,1085
30-Nov-25,SUB_ICB,04Y,E38000028,NHS Staffordshire and Stoke-on-Trent ICB - 04Y,DEMENTIA_REGISTER_65_PLUS,1468
30-Nov-25,SUB_ICB,05D,E38000053,NHS Staffordshire and Stoke-on-Trent ICB - 05D,PALLIATIVE_CARE,465
30-Nov-25,SUB_ICB,05D,E38000053,NHS Staffordshire and Stoke-on-Trent ICB - 05D,COMORBIDITIES,865
30-Nov-25,SUB_ICB,05D,E38000053,NHS Staffordshire and Stoke-on-Trent ICB - 05D,DEMENTIA_REGISTER_65_PLUS,1199
30-Nov-25,SUB_ICB,05G,E38000126,NHS Staffordshire and Stoke-on-Trent ICB - 05G,PALLIATIVE_CARE,545
30-Nov-25,SUB_ICB,05G,E38000126,NHS Staffordshire and Stoke-on-Trent ICB - 05G,COMORBIDITIES,2035
30-Nov-25,SUB_ICB,05G,E38000126,NHS Staffordshire and Stoke-on-Trent ICB - 05G,DEMENTIA_REGISTER_65_PLUS,2686
30-Nov-25,SUB_ICB,05Q,E38000153,NHS Staffordshire and Stoke-on-Trent ICB - 05Q,PALLIATIVE_CARE,610
30-Nov-25,SUB_ICB,05Q,E38000153,NHS Staffordshire and Stoke-on-Trent ICB - 05Q,COMORBIDITIES,1550
30-Nov-25,SUB_ICB,05Q,E38000153,NHS Staffordshire and Stoke-on-Trent ICB - 05Q,DEMENTIA_REGISTER_65_PLUS,2167
30-Nov-25,SUB_ICB,05V,E38000173,NHS Staffordshire and Stoke-on-Trent ICB - 05V,PALLIATIVE_CARE,425
30-Nov-25,SUB_ICB,05V,E38000173,NHS Staffordshire and Stoke-on-Trent ICB - 05V,COMORBIDITIES,1090
30-Nov-25,SUB_ICB,05V,E38000173,NHS Staffordshire and Stoke-on-Trent ICB - 05V,DEMENTIA_REGISTER_65_PLUS,1492
30-Nov-25,SUB_ICB,05W,E38000175,NHS Staffordshire and Stoke-on-Trent ICB - 05W,COMORBIDITIES,2500
30-Nov-25,SUB_ICB,05W,E38000175,NHS Staffordshire and Stoke-on-Trent ICB - 05W,PALLIATIVE_CARE,750
30-Nov-25,SUB_ICB,05W,E38000175,NHS Staffordshire and Stoke-on-Trent ICB - 05W,DEMENTIA_REGISTER_65_PLUS,3153
30-Nov-25,SUB_ICB,06L,E38000086,NHS Suffolk and North East Essex ICB - 06L,PALLIATIVE_CARE,540
30-Nov-25,SUB_ICB,06L,E38000086,NHS Suffolk and North East Essex ICB - 06L,COMORBIDITIES,2895
30-Nov-25,SUB_ICB,06L,E38000086,NHS Suffolk and North East Essex ICB - 06L,DEMENTIA_REGISTER_65_PLUS,3989
30-Nov-25,SUB_ICB,06T,E38000117,NHS Suffolk and North East Essex ICB - 06T,COMORBIDITIES,2825
30-Nov-25,SUB_ICB,06T,E38000117,NHS Suffolk and North East Essex ICB - 06T,PALLIATIVE_CARE,1490
30-Nov-25,SUB_ICB,06T,E38000117,NHS Suffolk and North East Essex ICB - 06T,DEMENTIA_REGISTER_65_PLUS,3884
30-Nov-25,SUB_ICB,07K,E38000204,NHS Suffolk and North East Essex ICB - 07K,PALLIATIVE_CARE,295
30-Nov-25,SUB_ICB,07K,E38000204,NHS Suffolk and North East Essex ICB - 07K,COMORBIDITIES,1665
30-Nov-25,SUB_ICB,07K,E38000204,NHS Suffolk and North East Essex ICB - 07K,DEMENTIA_REGISTER_65_PLUS,2335
30-Nov-25,SUB_ICB,92A,E38000264,NHS Surrey Heartlands ICB - 92A,PALLIATIVE_CARE,1075
30-Nov-25,SUB_ICB,92A,E38000264,NHS Surrey Heartlands ICB - 92A,COMORBIDITIES,7380
30-Nov-25,SUB_ICB,92A,E38000264,NHS Surrey Heartlands ICB - 92A,DEMENTIA_REGISTER_65_PLUS,10564
30-Nov-25,SUB_ICB,09D,E38000021,NHS Sussex ICB - 09D,PALLIATIVE_CARE,215
30-Nov-25,SUB_ICB,09D,E38000021,NHS Sussex ICB - 09D,COMORBIDITIES,1310
30-Nov-25,SUB_ICB,09D,E38000021,NHS Sussex ICB - 09D,DEMENTIA_REGISTER_65_PLUS,1914
30-Nov-25,SUB_ICB,70F,E38000265,NHS Sussex ICB - 70F,COMORBIDITIES,6890
30-Nov-25,SUB_ICB,70F,E38000265,NHS Sussex ICB - 70F,PALLIATIVE_CARE,1430
30-Nov-25,SUB_ICB,70F,E38000265,NHS Sussex ICB - 70F,DEMENTIA_REGISTER_65_PLUS,9964
30-Nov-25,SUB_ICB,97R,E38000235,NHS Sussex ICB - 97R,PALLIATIVE_CARE,830
30-Nov-25,SUB_ICB,97R,E38000235,NHS Sussex ICB - 97R,COMORBIDITIES,4365
30-Nov-25,SUB_ICB,97R,E38000235,NHS Sussex ICB - 97R,DEMENTIA_REGISTER_65_PLUS,6370
30-Nov-25,SUB_ICB,02T,E38000025,NHS West Yorkshire ICB - 02T,COMORBIDITIES,1335
30-Nov-25,SUB_ICB,02T,E38000025,NHS West Yorkshire ICB - 02T,PALLIATIVE_CARE,415
30-Nov-25,SUB_ICB,02T,E38000025,NHS West Yorkshire ICB - 02T,DEMENTIA_REGISTER_65_PLUS,1832
30-Nov-25,SUB_ICB,03R,E38000190,NHS West Yorkshire ICB - 03R,PALLIATIVE_CARE,690
30-Nov-25,SUB_ICB,03R,E38000190,NHS West Yorkshire ICB - 03R,COMORBIDITIES,2330
30-Nov-25,SUB_ICB,03R,E38000190,NHS West Yorkshire ICB - 03R,DEMENTIA_REGISTER_65_PLUS,3114
30-Nov-25,SUB_ICB,15F,E38000225,NHS West Yorkshire ICB - 15F,COMORBIDITIES,5175
30-Nov-25,SUB_ICB,15F,E38000225,NHS West Yorkshire ICB - 15F,PALLIATIVE_CARE,1270
30-Nov-25,SUB_ICB,15F,E38000225,NHS West Yorkshire ICB - 15F,DEMENTIA_REGISTER_65_PLUS,6865
30-Nov-25,SUB_ICB,36J,E38000232,NHS West Yorkshire ICB - 36J,PALLIATIVE_CARE,1675
30-Nov-25,SUB_ICB,36J,E38000232,NHS West Yorkshire ICB - 36J,COMORBIDITIES,3750
30-Nov-25,SUB_ICB,36J,E38000232,NHS West Yorkshire ICB - 36J,DEMENTIA_REGISTER_65_PLUS,5028
30-Nov-25,SUB_ICB,X2C4Y,E38000254,NHS West Yorkshire ICB - X2C4Y,PALLIATIVE_CARE,895
30-Nov-25,SUB_ICB,X2C4Y,E38000254,NHS West Yorkshire ICB - X2C4Y,COMORBIDITIES,2480
30-Nov-25,SUB_ICB,X2C4Y,E38000254,NHS West Yorkshire ICB - X2C4Y,DEMENTIA_REGISTER_65_PLUS,3390
31-Oct-25,COUNTRY,ENG,E92000001,ENGLAND,PALLIATIVE_CARE,97073
31-Oct-25,COUNTRY,ENG,E92000001,ENGLAND,COMORBIDITIES,366161
31-Oct-25,COUNTRY,ENG,E92000001,ENGLAND,DEMENTIA_REGISTER_65_PLUS,497343
31-Oct-25,ICB,QOX,E54000040,"NHS Bath and North East Somerset, Swindon and Wiltshire Integrated Care Board",PALLIATIVE_CARE,761
31-Oct-25,ICB,QOX,E54000040,"NHS Bath and North East Somerset, Swindon and Wiltshire Integrated Care Board",COMORBIDITIES,6353
31-Oct-25,ICB,QOX,E54000040,"NHS Bath and North East Somerset, Swindon and Wiltshire Integrated Care Board",DEMENTIA_REGISTER_65_PLUS,8758
31-Oct-25,ICB,QHG,E54000024,"NHS Bedfordshire, Luton and Milton Keynes Integrated Care Board",COMORBIDITIES,5761
31-Oct-25,ICB,QHG,E54000024,"NHS Bedfordshire, Luton and Milton Keynes Integrated Care Board",PALLIATIVE_CARE,1048
31-Oct-25,ICB,QHG,E54000024,"NHS Bedfordshire, Luton and Milton Keynes Integrated Care Board",DEMENTIA_REGISTER_65_PLUS,7595
31-Oct-25,ICB,QHL,E54000055,NHS Birmingham and Solihull Integrated Care Board,PALLIATIVE_CARE,2149
31-Oct-25,ICB,QHL,E54000055,NHS Birmingham and Solihull Integrated Care Board,COMORBIDITIES,7149
31-Oct-25,ICB,QHL,E54000055,NHS Birmingham and Solihull Integrated Care Board,DEMENTIA_REGISTER_65_PLUS,9490
31-Oct-25,ICB,QUA,E54000062,NHS Black Country Integrated Care Board,PALLIATIVE_CARE,2976
31-Oct-25,ICB,QUA,E54000062,NHS Black Country Integrated Care Board,COMORBIDITIES,7710
31-Oct-25,ICB,QUA,E54000062,NHS Black Country Integrated Care Board,DEMENTIA_REGISTER_65_PLUS,9973
31-Oct-25,ICB,QUY,E54000039,"NHS Bristol, North Somerset and South Gloucestershire Integrated Care Board",PALLIATIVE_CARE,1012
31-Oct-25,ICB,QUY,E54000039,"NHS Bristol, North Somerset and South Gloucestershire Integrated Care Board",COMORBIDITIES,6361
31-Oct-25,ICB,QUY,E54000039,"NHS Bristol, North Somerset and South Gloucestershire Integrated Care Board",DEMENTIA_REGISTER_65_PLUS,8722
31-Oct-25,ICB,QU9,E54000044,"NHS Buckinghamshire, Oxfordshire and Berkshire West Integrated Care Board",PALLIATIVE_CARE,2158
31-Oct-25,ICB,QU9,E54000044,"NHS Buckinghamshire, Oxfordshire and Berkshire West Integrated Care Board",COMORBIDITIES,10622
31-Oct-25,ICB,QU9,E54000044,"NHS Buckinghamshire, Oxfordshire and Berkshire West Integrated Care Board",DEMENTIA_REGISTER_65_PLUS,15087
31-Oct-25,ICB,QUE,E54000056,NHS Cambridgeshire and Peterborough Integrated Care Board,COMORBIDITIES,5277
31-Oct-25,ICB,QUE,E54000056,NHS Cambridgeshire and Peterborough Integrated Care Board,PALLIATIVE_CARE,1073
31-Oct-25,ICB,QUE,E54000056,NHS Cambridgeshire and Peterborough Integrated Care Board,DEMENTIA_REGISTER_65_PLUS,7100
31-Oct-25,ICB,QYG,E54000008,NHS Cheshire and Merseyside Integrated Care Board,COMORBIDITIES,17932
31-Oct-25,ICB,QYG,E54000008,NHS Cheshire and Merseyside Integrated Care Board,PALLIATIVE_CARE,6000
31-Oct-25,ICB,QYG,E54000008,NHS Cheshire and Merseyside Integrated Care Board,DEMENTIA_REGISTER_65_PLUS,24301
31-Oct-25,ICB,QT6,E54000036,NHS Cornwall and the Isles of Scilly Integrated Care Board,PALLIATIVE_CARE,378
31-Oct-25,ICB,QT6,E54000036,NHS Cornwall and the Isles of Scilly Integrated Care Board,COMORBIDITIES,4467
31-Oct-25,ICB,QT6,E54000036,NHS Cornwall and the Isles of Scilly Integrated Care Board,DEMENTIA_REGISTER_65_PLUS,6272
31-Oct-25,ICB,QWU,E54000018,NHS Coventry and Warwickshire Integrated Care Board,COMORBIDITIES,5534
31-Oct-25,ICB,QWU,E54000018,NHS Coventry and Warwickshire Integrated Care Board,PALLIATIVE_CARE,1105
31-Oct-25,ICB,QWU,E54000018,NHS Coventry and Warwickshire Integrated Care Board,DEMENTIA_REGISTER_65_PLUS,7632
31-Oct-25,ICB,QJ2,E54000058,NHS Derby and Derbyshire Integrated Care Board,PALLIATIVE_CARE,2463
31-Oct-25,ICB,QJ2,E54000058,NHS Derby and Derbyshire Integrated Care Board,COMORBIDITIES,7817
31-Oct-25,ICB,QJ2,E54000058,NHS Derby and Derbyshire Integrated Care Board,DEMENTIA_REGISTER_65_PLUS,10571
31-Oct-25,ICB,QJK,E54000037,NHS Devon Integrated Care Board,COMORBIDITIES,8922
31-Oct-25,ICB,QJK,E54000037,NHS Devon Integrated Care Board,PALLIATIVE_CARE,1285
31-Oct-25,ICB,QJK,E54000037,NHS Devon Integrated Care Board,DEMENTIA_REGISTER_65_PLUS,12420
31-Oct-25,ICB,QVV,E54000041,NHS Dorset Integrated Care Board,PALLIATIVE_CARE,2138
31-Oct-25,ICB,QVV,E54000041,NHS Dorset Integrated Care Board,COMORBIDITIES,6015
31-Oct-25,ICB,QVV,E54000041,NHS Dorset Integrated Care Board,DEMENTIA_REGISTER_65_PLUS,8584
31-Oct-25,ICB,QNQ,E54000034,NHS Frimley Integrated Care Board,PALLIATIVE_CARE,923
31-Oct-25,ICB,QNQ,E54000034,NHS Frimley Integrated Care Board,COMORBIDITIES,4542
31-Oct-25,ICB,QNQ,E54000034,NHS Frimley Integrated Care Board,DEMENTIA_REGISTER_65_PLUS,6223
31-Oct-25,ICB,QR1,E54000043,NHS Gloucestershire Integrated Care Board,PALLIATIVE_CARE,1176
31-Oct-25,ICB,QR1,E54000043,NHS Gloucestershire Integrated Care Board,COMORBIDITIES,4860
31-Oct-25,ICB,QR1,E54000043,NHS Gloucestershire Integrated Care Board,DEMENTIA_REGISTER_65_PLUS,6780
31-Oct-25,ICB,QOP,E54000057,NHS Greater Manchester Integrated Care Board,COMORBIDITIES,17476
31-Oct-25,ICB,QOP,E54000057,NHS Greater Manchester Integrated Care Board,PALLIATIVE_CARE,4862
31-Oct-25,ICB,QOP,E54000057,NHS Greater Manchester Integrated Care Board,DEMENTIA_REGISTER_65_PLUS,23369
31-Oct-25,ICB,QRL,E54000042,NHS Hampshire and Isle of Wight Integrated Care Board,PALLIATIVE_CARE,2371
31-Oct-25,ICB,QRL,E54000042,NHS Hampshire and Isle of Wight Integrated Care Board,COMORBIDITIES,12903
31-Oct-25,ICB,QRL,E54000042,NHS Hampshire and Isle of Wight Integrated Care Board,DEMENTIA_REGISTER_65_PLUS,17904
31-Oct-25,ICB,QGH,E54000019,NHS Herefordshire and Worcestershire Integrated Care Board,PALLIATIVE_CARE,2074
31-Oct-25,ICB,QGH,E54000019,NHS Herefordshire and Worcestershire Integrated Care Board,COMORBIDITIES,5313
31-Oct-25,ICB,QGH,E54000019,NHS Herefordshire and Worcestershire Integrated Care Board,DEMENTIA_REGISTER_65_PLUS,7440
31-Oct-25,ICB,QM7,E54000025,NHS Hertfordshire and West Essex Integrated Care Board,COMORBIDITIES,9522
31-Oct-25,ICB,QM7,E54000025,NHS Hertfordshire and West Essex Integrated Care Board,PALLIATIVE_CARE,3852
31-Oct-25,ICB,QM7,E54000025,NHS Hertfordshire and West Essex Integrated Care Board,DEMENTIA_REGISTER_65_PLUS,13056
31-Oct-25,ICB,QOQ,E54000051,NHS Humber and North Yorkshire Integrated Care Board,COMORBIDITIES,12137
31-Oct-25,ICB,QOQ,E54000051,NHS Humber and North Yorkshire Integrated Care Board,PALLIATIVE_CARE,3474
31-Oct-25,ICB,QOQ,E54000051,NHS Humber and North Yorkshire Integrated Care Board,DEMENTIA_REGISTER_65_PLUS,16667
31-Oct-25,ICB,QKS,E54000032,NHS Kent and Medway Integrated Care Board,COMORBIDITIES,11885
31-Oct-25,ICB,QKS,E54000032,NHS Kent and Medway Integrated Care Board,PALLIATIVE_CARE,2857
31-Oct-25,ICB,QKS,E54000032,NHS Kent and Medway Integrated Care Board,DEMENTIA_REGISTER_65_PLUS,16422
31-Oct-25,ICB,QE1,E54000048,NHS Lancashire and South Cumbria Integrated Care Board,PALLIATIVE_CARE,4380
31-Oct-25,ICB,QE1,E54000048,NHS Lancashire and South Cumbria Integrated Care Board,COMORBIDITIES,12285
31-Oct-25,ICB,QE1,E54000048,NHS Lancashire and South Cumbria Integrated Care Board,DEMENTIA_REGISTER_65_PLUS,16797
31-Oct-25,ICB,QK1,E54000015,"NHS Leicester, Leicestershire and Rutland Integrated Care Board",PALLIATIVE_CARE,2377
31-Oct-25,ICB,QK1,E54000015,"NHS Leicester, Leicestershire and Rutland Integrated Care Board",COMORBIDITIES,6743
31-Oct-25,ICB,QK1,E54000015,"NHS Leicester, Leicestershire and Rutland Integrated Care Board",DEMENTIA_REGISTER_65_PLUS,9138
31-Oct-25,ICB,QJM,E54000013,NHS Lincolnshire Integrated Care Board,COMORBIDITIES,6659
31-Oct-25,ICB,QJM,E54000013,NHS Lincolnshire Integrated Care Board,PALLIATIVE_CARE,2005
31-Oct-25,ICB,QJM,E54000013,NHS Lincolnshire Integrated Care Board,DEMENTIA_REGISTER_65_PLUS,8944
31-Oct-25,ICB,QH8,E54000026,NHS Mid and South Essex Integrated Care Board,PALLIATIVE_CARE,2607
31-Oct-25,ICB,QH8,E54000026,NHS Mid and South Essex Integrated Care Board,COMORBIDITIES,8311
31-Oct-25,ICB,QH8,E54000026,NHS Mid and South Essex Integrated Care Board,DEMENTIA_REGISTER_65_PLUS,11367
31-Oct-25,ICB,QMM,E54000022,NHS Norfolk and Waveney Integrated Care Board,PALLIATIVE_CARE,1201
31-Oct-25,ICB,QMM,E54000022,NHS Norfolk and Waveney Integrated Care Board,COMORBIDITIES,8680
31-Oct-25,ICB,QMM,E54000022,NHS Norfolk and Waveney Integrated Care Board,DEMENTIA_REGISTER_65_PLUS,11926
31-Oct-25,ICB,QMJ,E54000028,NHS North Central London Integrated Care Board,COMORBIDITIES,7057
31-Oct-25,ICB,QMJ,E54000028,NHS North Central London Integrated Care Board,PALLIATIVE_CARE,1452
31-Oct-25,ICB,QMJ,E54000028,NHS North Central London Integrated Care Board,DEMENTIA_REGISTER_65_PLUS,9153
31-Oct-25,ICB,QMF,E54000029,NHS North East London Integrated Care Board,PALLIATIVE_CARE,2446
31-Oct-25,ICB,QMF,E54000029,NHS North East London Integrated Care Board,COMORBIDITIES,7029
31-Oct-25,ICB,QMF,E54000029,NHS North East London Integrated Care Board,DEMENTIA_REGISTER_65_PLUS,8833
31-Oct-25,ICB,QHM,E54000050,NHS North East and North Cumbria Integrated Care Board,COMORBIDITIES,22230
31-Oct-25,ICB,QHM,E54000050,NHS North East and North Cumbria Integrated Care Board,PALLIATIVE_CARE,5086
31-Oct-25,ICB,QHM,E54000050,NHS North East and North Cumbria Integrated Care Board,DEMENTIA_REGISTER_65_PLUS,29405
31-Oct-25,ICB,QRV,E54000027,NHS North West London Integrated Care Board,PALLIATIVE_CARE,3260
31-Oct-25,ICB,QRV,E54000027,NHS North West London Integrated Care Board,COMORBIDITIES,10523
31-Oct-25,ICB,QRV,E54000027,NHS North West London Integrated Care Board,DEMENTIA_REGISTER_65_PLUS,13241
31-Oct-25,ICB,QPM,E54000059,NHS Northamptonshire Integrated Care Board,COMORBIDITIES,4706
31-Oct-25,ICB,QPM,E54000059,NHS Northamptonshire Integrated Care Board,PALLIATIVE_CARE,545
31-Oct-25,ICB,QPM,E54000059,NHS Northamptonshire Integrated Care Board,DEMENTIA_REGISTER_65_PLUS,6224
31-Oct-25,ICB,QT1,E54000060,NHS Nottingham and Nottinghamshire Integrated Care Board,PALLIATIVE_CARE,3664
31-Oct-25,ICB,QT1,E54000060,NHS Nottingham and Nottinghamshire Integrated Care Board,COMORBIDITIES,7680
31-Oct-25,ICB,QT1,E54000060,NHS Nottingham and Nottinghamshire Integrated Care Board,DEMENTIA_REGISTER_65_PLUS,10614
31-Oct-25,ICB,QOC,E54000011,"NHS Shropshire, Telford and Wrekin Integrated Care Board",PALLIATIVE_CARE,507
31-Oct-25,ICB,QOC,E54000011,"NHS Shropshire, Telford and Wrekin Integrated Care Board",COMORBIDITIES,3669
31-Oct-25,ICB,QOC,E54000011,"NHS Shropshire, Telford and Wrekin Integrated Care Board",DEMENTIA_REGISTER_65_PLUS,5086
31-Oct-25,ICB,QSL,E54000038,NHS Somerset Integrated Care Board,PALLIATIVE_CARE,575
31-Oct-25,ICB,QSL,E54000038,NHS Somerset Integrated Care Board,COMORBIDITIES,4201
31-Oct-25,ICB,QSL,E54000038,NHS Somerset Integrated Care Board,DEMENTIA_REGISTER_65_PLUS,5776
31-Oct-25,ICB,QKK,E54000030,NHS South East London Integrated Care Board,PALLIATIVE_CARE,2349
31-Oct-25,ICB,QKK,E54000030,NHS South East London Integrated Care Board,COMORBIDITIES,8462
31-Oct-25,ICB,QKK,E54000030,NHS South East London Integrated Care Board,DEMENTIA_REGISTER_65_PLUS,11069
31-Oct-25,ICB,QWE,E54000031,NHS South West London Integrated Care Board,PALLIATIVE_CARE,2264
31-Oct-25,ICB,QWE,E54000031,NHS South West London Integrated Care Board,COMORBIDITIES,8144
31-Oct-25,ICB,QWE,E54000031,NHS South West London Integrated Care Board,DEMENTIA_REGISTER_65_PLUS,11079
31-Oct-25,ICB,QF7,E54000061,NHS South Yorkshire Integrated Care Board,PALLIATIVE_CARE,2213
31-Oct-25,ICB,QF7,E54000061,NHS South Yorkshire Integrated Care Board,COMORBIDITIES,9797
31-Oct-25,ICB,QF7,E54000061,NHS South Yorkshire Integrated Care Board,DEMENTIA_REGISTER_65_PLUS,12981
31-Oct-25,ICB,QNC,E54000010,NHS Staffordshire and Stoke-on-Trent Integrated Care Board,PALLIATIVE_CARE,3198
31-Oct-25,ICB,QNC,E54000010,NHS Staffordshire and Stoke-on-Trent Integrated Care Board,COMORBIDITIES,9152
31-Oct-25,ICB,QNC,E54000010,NHS Staffordshire and Stoke-on-Trent Integrated Care Board,DEMENTIA_REGISTER_65_PLUS,12202
31-Oct-25,ICB,QJG,E54000023,NHS Suffolk and North East Essex Integrated Care Board,COMORBIDITIES,7350
31-Oct-25,ICB,QJG,E54000023,NHS Suffolk and North East Essex Integrated Care Board,PALLIATIVE_CARE,2324
31-Oct-25,ICB,QJG,E54000023,NHS Suffolk and North East Essex Integrated Care Board,DEMENTIA_REGISTER_65_PLUS,10173
31-Oct-25,ICB,QXU,E54000063,NHS Surrey Heartlands ICB,PALLIATIVE_CARE,1070
31-Oct-25,ICB,QXU,E54000063,NHS Surrey Heartlands ICB,COMORBIDITIES,7338
31-Oct-25,ICB,QXU,E54000063,NHS Surrey Heartlands ICB,DEMENTIA_REGISTER_65_PLUS,10517
31-Oct-25,ICB,QNX,E54000064,NHS Sussex ICB,PALLIATIVE_CARE,2471
31-Oct-25,ICB,QNX,E54000064,NHS Sussex ICB,COMORBIDITIES,12536
31-Oct-25,ICB,QNX,E54000064,NHS Sussex ICB,DEMENTIA_REGISTER_65_PLUS,18215
31-Oct-25,ICB,QWO,E54000054,NHS West Yorkshire Integrated Care Board,PALLIATIVE_CARE,4944
31-Oct-25,ICB,QWO,E54000054,NHS West Yorkshire Integrated Care Board,COMORBIDITIES,15051
31-Oct-25,ICB,QWO,E54000054,NHS West Yorkshire Integrated Care Board,DEMENTIA_REGISTER_65_PLUS,20237
31-Oct-25,REGION,Y61,E40000013,East of England,PALLIATIVE_CARE,12105
31-Oct-25,REGION,Y61,E40000013,East of England,COMORBIDITIES,44901
31-Oct-25,REGION,Y61,E40000013,East of England,DEMENTIA_REGISTER_65_PLUS,61217
31-Oct-25,REGION,Y56,E40000003,London,COMORBIDITIES,41215
31-Oct-25,REGION,Y56,E40000003,London,PALLIATIVE_CARE,11771
31-Oct-25,REGION,Y56,E40000003,London,DEMENTIA_REGISTER_65_PLUS,53375
31-Oct-25,REGION,Y60,E40000011,Midlands,PALLIATIVE_CARE,23063
31-Oct-25,REGION,Y60,E40000011,Midlands,COMORBIDITIES,72132
31-Oct-25,REGION,Y60,E40000011,Midlands,DEMENTIA_REGISTER_65_PLUS,97314
31-Oct-25,REGION,Y63,E40000012,North East and Yorkshire,PALLIATIVE_CARE,15717
31-Oct-25,REGION,Y63,E40000012,North East and Yorkshire,COMORBIDITIES,59215
31-Oct-25,REGION,Y63,E40000012,North East and Yorkshire,DEMENTIA_REGISTER_65_PLUS,79290
31-Oct-25,REGION,Y62,E40000014,North West,PALLIATIVE_CARE,15242
31-Oct-25,REGION,Y62,E40000014,North West,COMORBIDITIES,47693
31-Oct-25,REGION,Y62,E40000014,North West,DEMENTIA_REGISTER_65_PLUS,64467
31-Oct-25,REGION,Y59,E40000005,South East,COMORBIDITIES,59826
31-Oct-25,REGION,Y59,E40000005,South East,PALLIATIVE_CARE,11850
31-Oct-25,REGION,Y59,E40000005,South East,DEMENTIA_REGISTER_65_PLUS,84368
31-Oct-25,REGION,Y58,E40000006,South West,COMORBIDITIES,41179
31-Oct-25,REGION,Y58,E40000006,South West,PALLIATIVE_CARE,7325
31-Oct-25,REGION,Y58,E40000006,South West,DEMENTIA_REGISTER_65_PLUS,57312
31-Oct-25,SUB_ICB,92G,E38000231,"NHS Bath and North East Somerset, Swindon and Wiltshire ICB - 92G",PALLIATIVE_CARE,760
31-Oct-25,SUB_ICB,92G,E38000231,"NHS Bath and North East Somerset, Swindon and Wiltshire ICB - 92G",COMORBIDITIES,6355
31-Oct-25,SUB_ICB,92G,E38000231,"NHS Bath and North East Somerset, Swindon and Wiltshire ICB - 92G",DEMENTIA_REGISTER_65_PLUS,8758
31-Oct-25,SUB_ICB,M1J4Y,E38000249,"NHS Bedfordshire, Luton and Milton Keynes ICB - M1J4Y",PALLIATIVE_CARE,1050
31-Oct-25,SUB_ICB,M1J4Y,E38000249,"NHS Bedfordshire, Luton and Milton Keynes ICB - M1J4Y",COMORBIDITIES,5760
31-Oct-25,SUB_ICB,M1J4Y,E38000249,"NHS Bedfordshire, Luton and Milton Keynes ICB - M1J4Y",DEMENTIA_REGISTER_65_PLUS,7595
31-Oct-25,SUB_ICB,15E,E38000258,NHS Birmingham and Solihull ICB - 15E,PALLIATIVE_CARE,2150
31-Oct-25,SUB_ICB,15E,E38000258,NHS Birmingham and Solihull ICB - 15E,COMORBIDITIES,7150
31-Oct-25,SUB_ICB,15E,E38000258,NHS Birmingham and Solihull ICB - 15E,DEMENTIA_REGISTER_65_PLUS,9490
31-Oct-25,SUB_ICB,D2P2L,E38000259,NHS Black Country ICB - D2P2L,PALLIATIVE_CARE,2975
31-Oct-25,SUB_ICB,D2P2L,E38000259,NHS Black Country ICB - D2P2L,COMORBIDITIES,7710
31-Oct-25,SUB_ICB,D2P2L,E38000259,NHS Black Country ICB - D2P2L,DEMENTIA_REGISTER_65_PLUS,9973
31-Oct-25,SUB_ICB,15C,E38000222,"NHS Bristol, North Somerset and South Gloucestershire ICB - 15C",PALLIATIVE_CARE,1010
31-Oct-25,SUB_ICB,15C,E38000222,"NHS Bristol, North Somerset and South Gloucestershire ICB - 15C",COMORBIDITIES,6360
31-Oct-25,SUB_ICB,15C,E38000222,"NHS Bristol, North Somerset and South Gloucestershire ICB - 15C",DEMENTIA_REGISTER_65_PLUS,8722
31-Oct-25,SUB_ICB,10Q,E38000136,"NHS Buckinghamshire, Oxfordshire and Berkshire West ICB - 10Q",PALLIATIVE_CARE,715
31-Oct-25,SUB_ICB,10Q,E38000136,"NHS Buckinghamshire, Oxfordshire and Berkshire West ICB - 10Q",COMORBIDITIES,4435
31-Oct-25,SUB_ICB,10Q,E38000136,"NHS Buckinghamshire, Oxfordshire and Berkshire West ICB - 10Q",DEMENTIA_REGISTER_65_PLUS,6430
31-Oct-25,SUB_ICB,14Y,E38000223,"NHS Buckinghamshire, Oxfordshire and Berkshire West ICB - 14Y",COMORBIDITIES,3235
31-Oct-25,SUB_ICB,14Y,E38000223,"NHS Buckinghamshire, Oxfordshire and Berkshire West ICB - 14Y",PALLIATIVE_CARE,665
31-Oct-25,SUB_ICB,14Y,E38000223,"NHS Buckinghamshire, Oxfordshire and Berkshire West ICB - 14Y",DEMENTIA_REGISTER_65_PLUS,4556
31-Oct-25,SUB_ICB,15A,E38000221,"NHS Buckinghamshire, Oxfordshire and Berkshire West ICB - 15A",PALLIATIVE_CARE,775
31-Oct-25,SUB_ICB,15A,E38000221,"NHS Buckinghamshire, Oxfordshire and Berkshire West ICB - 15A",COMORBIDITIES,2950
31-Oct-25,SUB_ICB,15A,E38000221,"NHS Buckinghamshire, Oxfordshire and Berkshire West ICB - 15A",DEMENTIA_REGISTER_65_PLUS,4101
31-Oct-25,SUB_ICB,06H,E38000260,NHS Cambridgeshire and Peterborough ICB - 06H,PALLIATIVE_CARE,1075
31-Oct-25,SUB_ICB,06H,E38000260,NHS Cambridgeshire and Peterborough ICB - 06H,COMORBIDITIES,5275
31-Oct-25,SUB_ICB,06H,E38000260,NHS Cambridgeshire and Peterborough ICB - 06H,DEMENTIA_REGISTER_65_PLUS,7100
31-Oct-25,SUB_ICB,01F,E38000068,NHS Cheshire and Merseyside ICB - 01F,PALLIATIVE_CARE,170
31-Oct-25,SUB_ICB,01F,E38000068,NHS Cheshire and Merseyside ICB - 01F,COMORBIDITIES,770
31-Oct-25,SUB_ICB,01F,E38000068,NHS Cheshire and Merseyside ICB - 01F,DEMENTIA_REGISTER_65_PLUS,999
31-Oct-25,SUB_ICB,01J,E38000091,NHS Cheshire and Merseyside ICB - 01J,COMORBIDITIES,915
31-Oct-25,SUB_ICB,01J,E38000091,NHS Cheshire and Merseyside ICB - 01J,PALLIATIVE_CARE,325
31-Oct-25,SUB_ICB,01J,E38000091,NHS Cheshire and Merseyside ICB - 01J,DEMENTIA_REGISTER_65_PLUS,1167
31-Oct-25,SUB_ICB,01T,E38000161,NHS Cheshire and Merseyside ICB - 01T,PALLIATIVE_CARE,430
31-Oct-25,SUB_ICB,01T,E38000161,NHS Cheshire and Merseyside ICB - 01T,COMORBIDITIES,920
31-Oct-25,SUB_ICB,01T,E38000161,NHS Cheshire and Merseyside ICB - 01T,DEMENTIA_REGISTER_65_PLUS,1249
31-Oct-25,SUB_ICB,01V,E38000170,NHS Cheshire and Merseyside ICB - 01V,PALLIATIVE_CARE,550
31-Oct-25,SUB_ICB,01V,E38000170,NHS Cheshire and Merseyside ICB - 01V,COMORBIDITIES,1330
31-Oct-25,SUB_ICB,01V,E38000170,NHS Cheshire and Merseyside ICB - 01V,DEMENTIA_REGISTER_65_PLUS,1881
31-Oct-25,SUB_ICB,01X,E38000172,NHS Cheshire and Merseyside ICB - 01X,PALLIATIVE_CARE,355
31-Oct-25,SUB_ICB,01X,E38000172,NHS Cheshire and Merseyside ICB - 01X,COMORBIDITIES,1355
31-Oct-25,SUB_ICB,01X,E38000172,NHS Cheshire and Merseyside ICB - 01X,DEMENTIA_REGISTER_65_PLUS,1806
31-Oct-25,SUB_ICB,02E,E38000194,NHS Cheshire and Merseyside ICB - 02E,PALLIATIVE_CARE,950
31-Oct-25,SUB_ICB,02E,E38000194,NHS Cheshire and Merseyside ICB - 02E,COMORBIDITIES,1535
31-Oct-25,SUB_ICB,02E,E38000194,NHS Cheshire and Merseyside ICB - 02E,DEMENTIA_REGISTER_65_PLUS,2105
31-Oct-25,SUB_ICB,12F,E38000208,NHS Cheshire and Merseyside ICB - 12F,PALLIATIVE_CARE,995
31-Oct-25,SUB_ICB,12F,E38000208,NHS Cheshire and Merseyside ICB - 12F,COMORBIDITIES,2460
31-Oct-25,SUB_ICB,12F,E38000208,NHS Cheshire and Merseyside ICB - 12F,DEMENTIA_REGISTER_65_PLUS,3351
31-Oct-25,SUB_ICB,27D,E38000233,NHS Cheshire and Merseyside ICB - 27D,COMORBIDITIES,5900
31-Oct-25,SUB_ICB,27D,E38000233,NHS Cheshire and Merseyside ICB - 27D,PALLIATIVE_CARE,1645
31-Oct-25,SUB_ICB,27D,E38000233,NHS Cheshire and Merseyside ICB - 27D,DEMENTIA_REGISTER_65_PLUS,8167
31-Oct-25,SUB_ICB,99A,E38000101,NHS Cheshire and Merseyside ICB - 99A,PALLIATIVE_CARE,580
31-Oct-25,SUB_ICB,99A,E38000101,NHS Cheshire and Merseyside ICB - 99A,COMORBIDITIES,2750
31-Oct-25,SUB_ICB,99A,E38000101,NHS Cheshire and Merseyside ICB - 99A,DEMENTIA_REGISTER_65_PLUS,3576
31-Oct-25,SUB_ICB,11N,E38000089,NHS Cornwall and the Isles of Scilly ICB - 11N,PALLIATIVE_CARE,380
31-Oct-25,SUB_ICB,11N,E38000089,NHS Cornwall and the Isles of Scilly ICB - 11N,COMORBIDITIES,4465
31-Oct-25,SUB_ICB,11N,E38000089,NHS Cornwall and the Isles of Scilly ICB - 11N,DEMENTIA_REGISTER_65_PLUS,6272
31-Oct-25,SUB_ICB,B2M3M,E38000251,NHS Coventry and Warwickshire ICB - B2M3M,COMORBIDITIES,5535
31-Oct-25,SUB_ICB,B2M3M,E38000251,NHS Coventry and Warwickshire ICB - B2M3M,PALLIATIVE_CARE,1105
31-Oct-25,SUB_ICB,B2M3M,E38000251,NHS Coventry and Warwickshire ICB - B2M3M,DEMENTIA_REGISTER_65_PLUS,7632
31-Oct-25,SUB_ICB,15M,E38000261,NHS Derby and Derbyshire ICB - 15M,COMORBIDITIES,7815
31-Oct-25,SUB_ICB,15M,E38000261,NHS Derby and Derbyshire ICB - 15M,PALLIATIVE_CARE,2465
31-Oct-25,SUB_ICB,15M,E38000261,NHS Derby and Derbyshire ICB - 15M,DEMENTIA_REGISTER_65_PLUS,10571
31-Oct-25,SUB_ICB,15N,E38000230,NHS Devon ICB - 15N,COMORBIDITIES,8920
31-Oct-25,SUB_ICB,15N,E38000230,NHS Devon ICB - 15N,PALLIATIVE_CARE,1285
31-Oct-25,SUB_ICB,15N,E38000230,NHS Devon ICB - 15N,DEMENTIA_REGISTER_65_PLUS,12420
31-Oct-25,SUB_ICB,11J,E38000045,NHS Dorset ICB - 11J,PALLIATIVE_CARE,2140
31-Oct-25,SUB_ICB,11J,E38000045,NHS Dorset ICB - 11J,COMORBIDITIES,6015
31-Oct-25,SUB_ICB,11J,E38000045,NHS Dorset ICB - 11J,DEMENTIA_REGISTER_65_PLUS,8584
31-Oct-25,SUB_ICB,D4U1Y,E38000252,NHS Frimley ICB - D4U1Y,PALLIATIVE_CARE,925
31-Oct-25,SUB_ICB,D4U1Y,E38000252,NHS Frimley ICB - D4U1Y,COMORBIDITIES,4540
31-Oct-25,SUB_ICB,D4U1Y,E38000252,NHS Frimley ICB - D4U1Y,DEMENTIA_REGISTER_65_PLUS,6223
31-Oct-25,SUB_ICB,11M,E38000062,NHS Gloucestershire ICB - 11M,PALLIATIVE_CARE,1175
31-Oct-25,SUB_ICB,11M,E38000062,NHS Gloucestershire ICB - 11M,COMORBIDITIES,4860
31-Oct-25,SUB_ICB,11M,E38000062,NHS Gloucestershire ICB - 11M,DEMENTIA_REGISTER_65_PLUS,6780
31-Oct-25,SUB_ICB,00T,E38000016,NHS Greater Manchester ICB - 00T,COMORBIDITIES,1810
31-Oct-25,SUB_ICB,00T,E38000016,NHS Greater Manchester ICB - 00T,PALLIATIVE_CARE,335
31-Oct-25,SUB_ICB,00T,E38000016,NHS Greater Manchester ICB - 00T,DEMENTIA_REGISTER_65_PLUS,2445
31-Oct-25,SUB_ICB,00V,E38000024,NHS Greater Manchester ICB - 00V,PALLIATIVE_CARE,290
31-Oct-25,SUB_ICB,00V,E38000024,NHS Greater Manchester ICB - 00V,COMORBIDITIES,1335
31-Oct-25,SUB_ICB,00V,E38000024,NHS Greater Manchester ICB - 00V,DEMENTIA_REGISTER_65_PLUS,1901
31-Oct-25,SUB_ICB,00Y,E38000135,NHS Greater Manchester ICB - 00Y,PALLIATIVE_CARE,290
31-Oct-25,SUB_ICB,00Y,E38000135,NHS Greater Manchester ICB - 00Y,COMORBIDITIES,1445
31-Oct-25,SUB_ICB,00Y,E38000135,NHS Greater Manchester ICB - 00Y,DEMENTIA_REGISTER_65_PLUS,1963
31-Oct-25,SUB_ICB,01D,E38000080,NHS Greater Manchester ICB - 01D,COMORBIDITIES,1415
31-Oct-25,SUB_ICB,01D,E38000080,NHS Greater Manchester ICB - 01D,PALLIATIVE_CARE,430
31-Oct-25,SUB_ICB,01D,E38000080,NHS Greater Manchester ICB - 01D,DEMENTIA_REGISTER_65_PLUS,1894
31-Oct-25,SUB_ICB,01G,E38000143,NHS Greater Manchester ICB - 01G,COMORBIDITIES,1460
31-Oct-25,SUB_ICB,01G,E38000143,NHS Greater Manchester ICB - 01G,PALLIATIVE_CARE,365
31-Oct-25,SUB_ICB,01G,E38000143,NHS Greater Manchester ICB - 01G,DEMENTIA_REGISTER_65_PLUS,1961
31-Oct-25,SUB_ICB,01W,E38000174,NHS Greater Manchester ICB - 01W,PALLIATIVE_CARE,630
31-Oct-25,SUB_ICB,01W,E38000174,NHS Greater Manchester ICB - 01W,COMORBIDITIES,2415
31-Oct-25,SUB_ICB,01W,E38000174,NHS Greater Manchester ICB - 01W,DEMENTIA_REGISTER_65_PLUS,3300
31-Oct-25,SUB_ICB,01Y,E38000263,NHS Greater Manchester ICB - 01Y,PALLIATIVE_CARE,695
31-Oct-25,SUB_ICB,01Y,E38000263,NHS Greater Manchester ICB - 01Y,COMORBIDITIES,1410
31-Oct-25,SUB_ICB,01Y,E38000263,NHS Greater Manchester ICB - 01Y,DEMENTIA_REGISTER_65_PLUS,1782
31-Oct-25,SUB_ICB,02A,E38000187,NHS Greater Manchester ICB - 02A,COMORBIDITIES,1480
31-Oct-25,SUB_ICB,02A,E38000187,NHS Greater Manchester ICB - 02A,PALLIATIVE_CARE,245
31-Oct-25,SUB_ICB,02A,E38000187,NHS Greater Manchester ICB - 02A,DEMENTIA_REGISTER_65_PLUS,2053
31-Oct-25,SUB_ICB,02H,E38000205,NHS Greater Manchester ICB - 02H,PALLIATIVE_CARE,1090
31-Oct-25,SUB_ICB,02H,E38000205,NHS Greater Manchester ICB - 02H,COMORBIDITIES,2385
31-Oct-25,SUB_ICB,02H,E38000205,NHS Greater Manchester ICB - 02H,DEMENTIA_REGISTER_65_PLUS,3095
31-Oct-25,SUB_ICB,14L,E38000217,NHS Greater Manchester ICB - 14L,PALLIATIVE_CARE,500
31-Oct-25,SUB_ICB,14L,E38000217,NHS Greater Manchester ICB - 14L,COMORBIDITIES,2320
31-Oct-25,SUB_ICB,14L,E38000217,NHS Greater Manchester ICB - 14L,DEMENTIA_REGISTER_65_PLUS,2975
31-Oct-25,SUB_ICB,10R,E38000137,NHS Hampshire and Isle of Wight ICB - 10R,COMORBIDITIES,1185
31-Oct-25,SUB_ICB,10R,E38000137,NHS Hampshire and Isle of Wight ICB - 10R,PALLIATIVE_CARE,360
31-Oct-25,SUB_ICB,10R,E38000137,NHS Hampshire and Isle of Wight ICB - 10R,DEMENTIA_REGISTER_65_PLUS,1561
31-Oct-25,SUB_ICB,D9Y0V,E38000253,NHS Hampshire and Isle of Wight ICB - D9Y0V,PALLIATIVE_CARE,2010
31-Oct-25,SUB_ICB,D9Y0V,E38000253,NHS Hampshire and Isle of Wight ICB - D9Y0V,COMORBIDITIES,11715
31-Oct-25,SUB_ICB,D9Y0V,E38000253,NHS Hampshire and Isle of Wight ICB - D9Y0V,DEMENTIA_REGISTER_65_PLUS,16343
31-Oct-25,SUB_ICB,18C,E38000236,NHS Herefordshire and Worcestershire ICB - 18C,PALLIATIVE_CARE,2075
31-Oct-25,SUB_ICB,18C,E38000236,NHS Herefordshire and Worcestershire ICB - 18C,COMORBIDITIES,5315
31-Oct-25,SUB_ICB,18C,E38000236,NHS Herefordshire and Worcestershire ICB - 18C,DEMENTIA_REGISTER_65_PLUS,7440
31-Oct-25,SUB_ICB,06K,E38000049,NHS Hertfordshire and West Essex ICB - 06K,COMORBIDITIES,3465
31-Oct-25,SUB_ICB,06K,E38000049,NHS Hertfordshire and West Essex ICB - 06K,PALLIATIVE_CARE,1745
31-Oct-25,SUB_ICB,06K,E38000049,NHS Hertfordshire and West Essex ICB - 06K,DEMENTIA_REGISTER_65_PLUS,4776
31-Oct-25,SUB_ICB,06N,E38000079,NHS Hertfordshire and West Essex ICB - 06N,COMORBIDITIES,3760
31-Oct-25,SUB_ICB,06N,E38000079,NHS Hertfordshire and West Essex ICB - 06N,PALLIATIVE_CARE,1075
31-Oct-25,SUB_ICB,06N,E38000079,NHS Hertfordshire and West Essex ICB - 06N,DEMENTIA_REGISTER_65_PLUS,5170
31-Oct-25,SUB_ICB,07H,E38000197,NHS Hertfordshire and West Essex ICB - 07H,COMORBIDITIES,2295
31-Oct-25,SUB_ICB,07H,E38000197,NHS Hertfordshire and West Essex ICB - 07H,PALLIATIVE_CARE,1030
31-Oct-25,SUB_ICB,07H,E38000197,NHS Hertfordshire and West Essex ICB - 07H,DEMENTIA_REGISTER_65_PLUS,3110
31-Oct-25,SUB_ICB,02Y,E38000052,NHS Humber and North Yorkshire ICB - 02Y,PALLIATIVE_CARE,435
31-Oct-25,SUB_ICB,02Y,E38000052,NHS Humber and North Yorkshire ICB - 02Y,COMORBIDITIES,2445
31-Oct-25,SUB_ICB,02Y,E38000052,NHS Humber and North Yorkshire ICB - 02Y,DEMENTIA_REGISTER_65_PLUS,3389
31-Oct-25,SUB_ICB,03F,E38000085,NHS Humber and North Yorkshire ICB - 03F,PALLIATIVE_CARE,235
31-Oct-25,SUB_ICB,03F,E38000085,NHS Humber and North Yorkshire ICB - 03F,COMORBIDITIES,1515
31-Oct-25,SUB_ICB,03F,E38000085,NHS Humber and North Yorkshire ICB - 03F,DEMENTIA_REGISTER_65_PLUS,1972
31-Oct-25,SUB_ICB,03H,E38000119,NHS Humber and North Yorkshire ICB - 03H,COMORBIDITIES,1285
31-Oct-25,SUB_ICB,03H,E38000119,NHS Humber and North Yorkshire ICB - 03H,PALLIATIVE_CARE,480
31-Oct-25,SUB_ICB,03H,E38000119,NHS Humber and North Yorkshire ICB - 03H,DEMENTIA_REGISTER_65_PLUS,1766
31-Oct-25,SUB_ICB,03K,E38000122,NHS Humber and North Yorkshire ICB - 03K,COMORBIDITIES,1320
31-Oct-25,SUB_ICB,03K,E38000122,NHS Humber and North Yorkshire ICB - 03K,PALLIATIVE_CARE,825
31-Oct-25,SUB_ICB,03K,E38000122,NHS Humber and North Yorkshire ICB - 03K,DEMENTIA_REGISTER_65_PLUS,1782
31-Oct-25,SUB_ICB,03Q,E38000188,NHS Humber and North Yorkshire ICB - 03Q,COMORBIDITIES,1370
31-Oct-25,SUB_ICB,03Q,E38000188,NHS Humber and North Yorkshire ICB - 03Q,PALLIATIVE_CARE,465
31-Oct-25,SUB_ICB,03Q,E38000188,NHS Humber and North Yorkshire ICB - 03Q,DEMENTIA_REGISTER_65_PLUS,1907
31-Oct-25,SUB_ICB,42D,E38000241,NHS Humber and North Yorkshire ICB - 42D,PALLIATIVE_CARE,1035
31-Oct-25,SUB_ICB,42D,E38000241,NHS Humber and North Yorkshire ICB - 42D,COMORBIDITIES,4210
31-Oct-25,SUB_ICB,42D,E38000241,NHS Humber and North Yorkshire ICB - 42D,DEMENTIA_REGISTER_65_PLUS,5851
31-Oct-25,SUB_ICB,91Q,E38000237,NHS Kent and Medway ICB - 91Q,COMORBIDITIES,11885
31-Oct-25,SUB_ICB,91Q,E38000237,NHS Kent and Medway ICB - 91Q,PALLIATIVE_CARE,2855
31-Oct-25,SUB_ICB,91Q,E38000237,NHS Kent and Medway ICB - 91Q,DEMENTIA_REGISTER_65_PLUS,16422
31-Oct-25,SUB_ICB,00Q,E38000014,NHS Lancashire and South Cumbria ICB - 00Q,COMORBIDITIES,830
31-Oct-25,SUB_ICB,00Q,E38000014,NHS Lancashire and South Cumbria ICB - 00Q,PALLIATIVE_CARE,195
31-Oct-25,SUB_ICB,00Q,E38000014,NHS Lancashire and South Cumbria ICB - 00Q,DEMENTIA_REGISTER_65_PLUS,1042
31-Oct-25,SUB_ICB,00R,E38000015,NHS Lancashire and South Cumbria ICB - 00R,PALLIATIVE_CARE,600
31-Oct-25,SUB_ICB,00R,E38000015,NHS Lancashire and South Cumbria ICB - 00R,COMORBIDITIES,1190
31-Oct-25,SUB_ICB,00R,E38000015,NHS Lancashire and South Cumbria ICB - 00R,DEMENTIA_REGISTER_65_PLUS,1594
31-Oct-25,SUB_ICB,00X,E38000034,NHS Lancashire and South Cumbria ICB - 00X,PALLIATIVE_CARE,430
31-Oct-25,SUB_ICB,00X,E38000034,NHS Lancashire and South Cumbria ICB - 00X,COMORBIDITIES,1410
31-Oct-25,SUB_ICB,00X,E38000034,NHS Lancashire and South Cumbria ICB - 00X,DEMENTIA_REGISTER_65_PLUS,1898
31-Oct-25,SUB_ICB,01A,E38000050,NHS Lancashire and South Cumbria ICB - 01A,PALLIATIVE_CARE,805
31-Oct-25,SUB_ICB,01A,E38000050,NHS Lancashire and South Cumbria ICB - 01A,COMORBIDITIES,2185
31-Oct-25,SUB_ICB,01A,E38000050,NHS Lancashire and South Cumbria ICB - 01A,DEMENTIA_REGISTER_65_PLUS,3012
31-Oct-25,SUB_ICB,01E,E38000227,NHS Lancashire and South Cumbria ICB - 01E,COMORBIDITIES,1350
31-Oct-25,SUB_ICB,01E,E38000227,NHS Lancashire and South Cumbria ICB - 01E,PALLIATIVE_CARE,500
31-Oct-25,SUB_ICB,01E,E38000227,NHS Lancashire and South Cumbria ICB - 01E,DEMENTIA_REGISTER_65_PLUS,1828
31-Oct-25,SUB_ICB,01K,E38000228,NHS Lancashire and South Cumbria ICB - 01K,COMORBIDITIES,2745
31-Oct-25,SUB_ICB,01K,E38000228,NHS Lancashire and South Cumbria ICB - 01K,PALLIATIVE_CARE,780
31-Oct-25,SUB_ICB,01K,E38000228,NHS Lancashire and South Cumbria ICB - 01K,DEMENTIA_REGISTER_65_PLUS,3816
31-Oct-25,SUB_ICB,02G,E38000200,NHS Lancashire and South Cumbria ICB - 02G,PALLIATIVE_CARE,125
31-Oct-25,SUB_ICB,02G,E38000200,NHS Lancashire and South Cumbria ICB - 02G,COMORBIDITIES,820
31-Oct-25,SUB_ICB,02G,E38000200,NHS Lancashire and South Cumbria ICB - 02G,DEMENTIA_REGISTER_65_PLUS,1184
31-Oct-25,SUB_ICB,02M,E38000226,NHS Lancashire and South Cumbria ICB - 02M,PALLIATIVE_CARE,945
31-Oct-25,SUB_ICB,02M,E38000226,NHS Lancashire and South Cumbria ICB - 02M,COMORBIDITIES,1750
31-Oct-25,SUB_ICB,02M,E38000226,NHS Lancashire and South Cumbria ICB - 02M,DEMENTIA_REGISTER_65_PLUS,2423
31-Oct-25,SUB_ICB,03W,E38000051,"NHS Leicester, Leicestershire and Rutland ICB - 03W",COMORBIDITIES,2360
31-Oct-25,SUB_ICB,03W,E38000051,"NHS Leicester, Leicestershire and Rutland ICB - 03W",PALLIATIVE_CARE,935
31-Oct-25,SUB_ICB,03W,E38000051,"NHS Leicester, Leicestershire and Rutland ICB - 03W",DEMENTIA_REGISTER_65_PLUS,3303
31-Oct-25,SUB_ICB,04C,E38000097,"NHS Leicester, Leicestershire and Rutland ICB - 04C",COMORBIDITIES,1915
31-Oct-25,SUB_ICB,04C,E38000097,"NHS Leicester, Leicestershire and Rutland ICB - 04C",PALLIATIVE_CARE,635
31-Oct-25,SUB_ICB,04C,E38000097,"NHS Leicester, Leicestershire and Rutland ICB - 04C",DEMENTIA_REGISTER_65_PLUS,2424
31-Oct-25,SUB_ICB,04V,E38000201,"NHS Leicester, Leicestershire and Rutland ICB - 04V",COMORBIDITIES,2465
31-Oct-25,SUB_ICB,04V,E38000201,"NHS Leicester, Leicestershire and Rutland ICB - 04V",PALLIATIVE_CARE,810
31-Oct-25,SUB_ICB,04V,E38000201,"NHS Leicester, Leicestershire and Rutland ICB - 04V",DEMENTIA_REGISTER_65_PLUS,3411
31-Oct-25,SUB_ICB,71E,E38000238,NHS Lincolnshire ICB - 71E,COMORBIDITIES,6660
31-Oct-25,SUB_ICB,71E,E38000238,NHS Lincolnshire ICB - 71E,PALLIATIVE_CARE,2005
31-Oct-25,SUB_ICB,71E,E38000238,NHS Lincolnshire ICB - 71E,DEMENTIA_REGISTER_65_PLUS,8944
31-Oct-25,SUB_ICB,06Q,E38000106,NHS Mid and South Essex ICB - 06Q,COMORBIDITIES,2715
31-Oct-25,SUB_ICB,06Q,E38000106,NHS Mid and South Essex ICB - 06Q,PALLIATIVE_CARE,475
31-Oct-25,SUB_ICB,06Q,E38000106,NHS Mid and South Essex ICB - 06Q,DEMENTIA_REGISTER_65_PLUS,3805
31-Oct-25,SUB_ICB,07G,E38000185,NHS Mid and South Essex ICB - 07G,COMORBIDITIES,825
31-Oct-25,SUB_ICB,07G,E38000185,NHS Mid and South Essex ICB - 07G,PALLIATIVE_CARE,355
31-Oct-25,SUB_ICB,07G,E38000185,NHS Mid and South Essex ICB - 07G,DEMENTIA_REGISTER_65_PLUS,1058
31-Oct-25,SUB_ICB,99E,E38000007,NHS Mid and South Essex ICB - 99E,COMORBIDITIES,1600
31-Oct-25,SUB_ICB,99E,E38000007,NHS Mid and South Essex ICB - 99E,PALLIATIVE_CARE,550
31-Oct-25,SUB_ICB,99E,E38000007,NHS Mid and South Essex ICB - 99E,DEMENTIA_REGISTER_65_PLUS,2159
31-Oct-25,SUB_ICB,99F,E38000030,NHS Mid and South Essex ICB - 99F,COMORBIDITIES,1625
31-Oct-25,SUB_ICB,99F,E38000030,NHS Mid and South Essex ICB - 99F,PALLIATIVE_CARE,550
31-Oct-25,SUB_ICB,99F,E38000030,NHS Mid and South Essex ICB - 99F,DEMENTIA_REGISTER_65_PLUS,2232
31-Oct-25,SUB_ICB,99G,E38000168,NHS Mid and South Essex ICB - 99G,COMORBIDITIES,1545
31-Oct-25,SUB_ICB,99G,E38000168,NHS Mid and South Essex ICB - 99G,PALLIATIVE_CARE,680
31-Oct-25,SUB_ICB,99G,E38000168,NHS Mid and South Essex ICB - 99G,DEMENTIA_REGISTER_65_PLUS,2113
31-Oct-25,SUB_ICB,26A,E38000239,NHS Norfolk and Waveney ICB - 26A,COMORBIDITIES,8680
31-Oct-25,SUB_ICB,26A,E38000239,NHS Norfolk and Waveney ICB - 26A,PALLIATIVE_CARE,1200
31-Oct-25,SUB_ICB,26A,E38000239,NHS Norfolk and Waveney ICB - 26A,DEMENTIA_REGISTER_65_PLUS,11926
31-Oct-25,SUB_ICB,93C,E38000240,NHS North Central London ICB - 93C,PALLIATIVE_CARE,1450
31-Oct-25,SUB_ICB,93C,E38000240,NHS North Central London ICB - 93C,COMORBIDITIES,7055
31-Oct-25,SUB_ICB,93C,E38000240,NHS North Central London ICB - 93C,DEMENTIA_REGISTER_65_PLUS,9153
31-Oct-25,SUB_ICB,A3A8R,E38000255,NHS North East London ICB - A3A8R,COMORBIDITIES,7030
31-Oct-25,SUB_ICB,A3A8R,E38000255,NHS North East London ICB - A3A8R,PALLIATIVE_CARE,2445
31-Oct-25,SUB_ICB,A3A8R,E38000255,NHS North East London ICB - A3A8R,DEMENTIA_REGISTER_65_PLUS,8833
31-Oct-25,SUB_ICB,00L,E38000130,NHS North East and North Cumbria ICB - 00L,COMORBIDITIES,2685
31-Oct-25,SUB_ICB,00L,E38000130,NHS North East and North Cumbria ICB - 00L,PALLIATIVE_CARE,540
31-Oct-25,SUB_ICB,00L,E38000130,NHS North East and North Cumbria ICB - 00L,DEMENTIA_REGISTER_65_PLUS,3680
31-Oct-25,SUB_ICB,00N,E38000163,NHS North East and North Cumbria ICB - 00N,COMORBIDITIES,1130
31-Oct-25,SUB_ICB,00N,E38000163,NHS North East and North Cumbria ICB - 00N,PALLIATIVE_CARE,355
31-Oct-25,SUB_ICB,00N,E38000163,NHS North East and North Cumbria ICB - 00N,DEMENTIA_REGISTER_65_PLUS,1522
31-Oct-25,SUB_ICB,00P,E38000176,NHS North East and North Cumbria ICB - 00P,COMORBIDITIES,1900
31-Oct-25,SUB_ICB,00P,E38000176,NHS North East and North Cumbria ICB - 00P,PALLIATIVE_CARE,325
31-Oct-25,SUB_ICB,00P,E38000176,NHS North East and North Cumbria ICB - 00P,DEMENTIA_REGISTER_65_PLUS,2547
31-Oct-25,SUB_ICB,01H,E38000215,NHS North East and North Cumbria ICB - 01H,COMORBIDITIES,2290
31-Oct-25,SUB_ICB,01H,E38000215,NHS North East and North Cumbria ICB - 01H,PALLIATIVE_CARE,440
31-Oct-25,SUB_ICB,01H,E38000215,NHS North East and North Cumbria ICB - 01H,DEMENTIA_REGISTER_65_PLUS,3058
31-Oct-25,SUB_ICB,13T,E38000212,NHS North East and North Cumbria ICB - 13T,PALLIATIVE_CARE,665
31-Oct-25,SUB_ICB,13T,E38000212,NHS North East and North Cumbria ICB - 13T,COMORBIDITIES,3170
31-Oct-25,SUB_ICB,13T,E38000212,NHS North East and North Cumbria ICB - 13T,DEMENTIA_REGISTER_65_PLUS,4197
31-Oct-25,SUB_ICB,16C,E38000247,NHS North East and North Cumbria ICB - 16C,PALLIATIVE_CARE,1035
31-Oct-25,SUB_ICB,16C,E38000247,NHS North East and North Cumbria ICB - 16C,COMORBIDITIES,5075
31-Oct-25,SUB_ICB,16C,E38000247,NHS North East and North Cumbria ICB - 16C,DEMENTIA_REGISTER_65_PLUS,6693
31-Oct-25,SUB_ICB,84H,E38000234,NHS North East and North Cumbria ICB - 84H,PALLIATIVE_CARE,1230
31-Oct-25,SUB_ICB,84H,E38000234,NHS North East and North Cumbria ICB - 84H,COMORBIDITIES,4320
31-Oct-25,SUB_ICB,84H,E38000234,NHS North East and North Cumbria ICB - 84H,DEMENTIA_REGISTER_65_PLUS,5504
31-Oct-25,SUB_ICB,99C,E38000127,NHS North East and North Cumbria ICB - 99C,PALLIATIVE_CARE,500
31-Oct-25,SUB_ICB,99C,E38000127,NHS North East and North Cumbria ICB - 99C,COMORBIDITIES,1660
31-Oct-25,SUB_ICB,99C,E38000127,NHS North East and North Cumbria ICB - 99C,DEMENTIA_REGISTER_65_PLUS,2204
31-Oct-25,SUB_ICB,W2U3Z,E38000256,NHS North West London ICB - W2U3Z,COMORBIDITIES,10525
31-Oct-25,SUB_ICB,W2U3Z,E38000256,NHS North West London ICB - W2U3Z,PALLIATIVE_CARE,3260
31-Oct-25,SUB_ICB,W2U3Z,E38000256,NHS North West London ICB - W2U3Z,DEMENTIA_REGISTER_65_PLUS,13241
31-Oct-25,SUB_ICB,78H,E38000262,NHS Northamptonshire ICB - 78H,COMORBIDITIES,4705
31-Oct-25,SUB_ICB,78H,E38000262,NHS Northamptonshire ICB - 78H,PALLIATIVE_CARE,545
31-Oct-25,SUB_ICB,78H,E38000262,NHS Northamptonshire ICB - 78H,DEMENTIA_REGISTER_65_PLUS,6224
31-Oct-25,SUB_ICB,02Q,E38000008,NHS Nottingham and Nottinghamshire ICB - 02Q,PALLIATIVE_CARE,380
31-Oct-25,SUB_ICB,02Q,E38000008,NHS Nottingham and Nottinghamshire ICB - 02Q,COMORBIDITIES,995
31-Oct-25,SUB_ICB,02Q,E38000008,NHS Nottingham and Nottinghamshire ICB - 02Q,DEMENTIA_REGISTER_65_PLUS,1386
31-Oct-25,SUB_ICB,52R,E38000243,NHS Nottingham and Nottinghamshire ICB - 52R,COMORBIDITIES,6685
31-Oct-25,SUB_ICB,52R,E38000243,NHS Nottingham and Nottinghamshire ICB - 52R,PALLIATIVE_CARE,3285
31-Oct-25,SUB_ICB,52R,E38000243,NHS Nottingham and Nottinghamshire ICB - 52R,DEMENTIA_REGISTER_65_PLUS,9228
31-Oct-25,SUB_ICB,M2L0M,E38000257,"NHS Shropshire, Telford and Wrekin ICB - M2L0M",COMORBIDITIES,3670
31-Oct-25,SUB_ICB,M2L0M,E38000257,"NHS Shropshire, Telford and Wrekin ICB - M2L0M",PALLIATIVE_CARE,505
31-Oct-25,SUB_ICB,M2L0M,E38000257,"NHS Shropshire, Telford and Wrekin ICB - M2L0M",DEMENTIA_REGISTER_65_PLUS,5086
31-Oct-25,SUB_ICB,11X,E38000150,NHS Somerset ICB - 11X,PALLIATIVE_CARE,575
31-Oct-25,SUB_ICB,11X,E38000150,NHS Somerset ICB - 11X,COMORBIDITIES,4200
31-Oct-25,SUB_ICB,11X,E38000150,NHS Somerset ICB - 11X,DEMENTIA_REGISTER_65_PLUS,5776
31-Oct-25,SUB_ICB,72Q,E38000244,NHS South East London ICB - 72Q,PALLIATIVE_CARE,2350
31-Oct-25,SUB_ICB,72Q,E38000244,NHS South East London ICB - 72Q,COMORBIDITIES,8460
31-Oct-25,SUB_ICB,72Q,E38000244,NHS South East London ICB - 72Q,DEMENTIA_REGISTER_65_PLUS,11069
31-Oct-25,SUB_ICB,36L,E38000245,NHS South West London ICB - 36L,PALLIATIVE_CARE,2265
31-Oct-25,SUB_ICB,36L,E38000245,NHS South West London ICB - 36L,COMORBIDITIES,8145
31-Oct-25,SUB_ICB,36L,E38000245,NHS South West London ICB - 36L,DEMENTIA_REGISTER_65_PLUS,11079
31-Oct-25,SUB_ICB,02P,E38000006,NHS South Yorkshire ICB - 02P,PALLIATIVE_CARE,470
31-Oct-25,SUB_ICB,02P,E38000006,NHS South Yorkshire ICB - 02P,COMORBIDITIES,1760
31-Oct-25,SUB_ICB,02P,E38000006,NHS South Yorkshire ICB - 02P,DEMENTIA_REGISTER_65_PLUS,2375
31-Oct-25,SUB_ICB,02X,E38000044,NHS South Yorkshire ICB - 02X,PALLIATIVE_CARE,360
31-Oct-25,SUB_ICB,02X,E38000044,NHS South Yorkshire ICB - 02X,COMORBIDITIES,2055
31-Oct-25,SUB_ICB,02X,E38000044,NHS South Yorkshire ICB - 02X,DEMENTIA_REGISTER_65_PLUS,2730
31-Oct-25,SUB_ICB,03L,E38000141,NHS South Yorkshire ICB - 03L,COMORBIDITIES,2315
31-Oct-25,SUB_ICB,03L,E38000141,NHS South Yorkshire ICB - 03L,PALLIATIVE_CARE,265
31-Oct-25,SUB_ICB,03L,E38000141,NHS South Yorkshire ICB - 03L,DEMENTIA_REGISTER_65_PLUS,3035
31-Oct-25,SUB_ICB,03N,E38000146,NHS South Yorkshire ICB - 03N,PALLIATIVE_CARE,1120
31-Oct-25,SUB_ICB,03N,E38000146,NHS South Yorkshire ICB - 03N,COMORBIDITIES,3665
31-Oct-25,SUB_ICB,03N,E38000146,NHS South Yorkshire ICB - 03N,DEMENTIA_REGISTER_65_PLUS,4841
31-Oct-25,SUB_ICB,04Y,E38000028,NHS Staffordshire and Stoke-on-Trent ICB - 04Y,COMORBIDITIES,1075
31-Oct-25,SUB_ICB,04Y,E38000028,NHS Staffordshire and Stoke-on-Trent ICB - 04Y,PALLIATIVE_CARE,395
31-Oct-25,SUB_ICB,04Y,E38000028,NHS Staffordshire and Stoke-on-Trent ICB - 04Y,DEMENTIA_REGISTER_65_PLUS,1453
31-Oct-25,SUB_ICB,05D,E38000053,NHS Staffordshire and Stoke-on-Trent ICB - 05D,COMORBIDITIES,870
31-Oct-25,SUB_ICB,05D,E38000053,NHS Staffordshire and Stoke-on-Trent ICB - 05D,PALLIATIVE_CARE,455
31-Oct-25,SUB_ICB,05D,E38000053,NHS Staffordshire and Stoke-on-Trent ICB - 05D,DEMENTIA_REGISTER_65_PLUS,1206
31-Oct-25,SUB_ICB,05G,E38000126,NHS Staffordshire and Stoke-on-Trent ICB - 05G,COMORBIDITIES,2050
31-Oct-25,SUB_ICB,05G,E38000126,NHS Staffordshire and Stoke-on-Trent ICB - 05G,PALLIATIVE_CARE,550
31-Oct-25,SUB_ICB,05G,E38000126,NHS Staffordshire and Stoke-on-Trent ICB - 05G,DEMENTIA_REGISTER_65_PLUS,2704
31-Oct-25,SUB_ICB,05Q,E38000153,NHS Staffordshire and Stoke-on-Trent ICB - 05Q,COMORBIDITIES,1565
31-Oct-25,SUB_ICB,05Q,E38000153,NHS Staffordshire and Stoke-on-Trent ICB - 05Q,PALLIATIVE_CARE,615
31-Oct-25,SUB_ICB,05Q,E38000153,NHS Staffordshire and Stoke-on-Trent ICB - 05Q,DEMENTIA_REGISTER_65_PLUS,2183
31-Oct-25,SUB_ICB,05V,E38000173,NHS Staffordshire and Stoke-on-Trent ICB - 05V,COMORBIDITIES,1095
31-Oct-25,SUB_ICB,05V,E38000173,NHS Staffordshire and Stoke-on-Trent ICB - 05V,PALLIATIVE_CARE,430
31-Oct-25,SUB_ICB,05V,E38000173,NHS Staffordshire and Stoke-on-Trent ICB - 05V,DEMENTIA_REGISTER_65_PLUS,1502
31-Oct-25,SUB_ICB,05W,E38000175,NHS Staffordshire and Stoke-on-Trent ICB - 05W,COMORBIDITIES,2500
31-Oct-25,SUB_ICB,05W,E38000175,NHS Staffordshire and Stoke-on-Trent ICB - 05W,PALLIATIVE_CARE,755
31-Oct-25,SUB_ICB,05W,E38000175,NHS Staffordshire and Stoke-on-Trent ICB - 05W,DEMENTIA_REGISTER_65_PLUS,3154
31-Oct-25,SUB_ICB,06L,E38000086,NHS Suffolk and North East Essex ICB - 06L,COMORBIDITIES,2890
31-Oct-25,SUB_ICB,06L,E38000086,NHS Suffolk and North East Essex ICB - 06L,PALLIATIVE_CARE,540
31-Oct-25,SUB_ICB,06L,E38000086,NHS Suffolk and North East Essex ICB - 06L,DEMENTIA_REGISTER_65_PLUS,3980
31-Oct-25,SUB_ICB,06T,E38000117,NHS Suffolk and North East Essex ICB - 06T,COMORBIDITIES,2815
31-Oct-25,SUB_ICB,06T,E38000117,NHS Suffolk and North East Essex ICB - 06T,PALLIATIVE_CARE,1485
31-Oct-25,SUB_ICB,06T,E38000117,NHS Suffolk and North East Essex ICB - 06T,DEMENTIA_REGISTER_65_PLUS,3873
31-Oct-25,SUB_ICB,07K,E38000204,NHS Suffolk and North East Essex ICB - 07K,PALLIATIVE_CARE,300
31-Oct-25,SUB_ICB,07K,E38000204,NHS Suffolk and North East Essex ICB - 07K,COMORBIDITIES,1650
31-Oct-25,SUB_ICB,07K,E38000204,NHS Suffolk and North East Essex ICB - 07K,DEMENTIA_REGISTER_65_PLUS,2320
31-Oct-25,SUB_ICB,92A,E38000264,NHS Surrey Heartlands ICB - 92A,COMORBIDITIES,7340
31-Oct-25,SUB_ICB,92A,E38000264,NHS Surrey Heartlands ICB - 92A,PALLIATIVE_CARE,1070
31-Oct-25,SUB_ICB,92A,E38000264,NHS Surrey Heartlands ICB - 92A,DEMENTIA_REGISTER_65_PLUS,10517
31-Oct-25,SUB_ICB,09D,E38000021,NHS Sussex ICB - 09D,COMORBIDITIES,1305
31-Oct-25,SUB_ICB,09D,E38000021,NHS Sussex ICB - 09D,PALLIATIVE_CARE,210
31-Oct-25,SUB_ICB,09D,E38000021,NHS Sussex ICB - 09D,DEMENTIA_REGISTER_65_PLUS,1905
31-Oct-25,SUB_ICB,70F,E38000265,NHS Sussex ICB - 70F,PALLIATIVE_CARE,1425
31-Oct-25,SUB_ICB,70F,E38000265,NHS Sussex ICB - 70F,COMORBIDITIES,6885
31-Oct-25,SUB_ICB,70F,E38000265,NHS Sussex ICB - 70F,DEMENTIA_REGISTER_65_PLUS,9970
31-Oct-25,SUB_ICB,97R,E38000235,NHS Sussex ICB - 97R,PALLIATIVE_CARE,835
31-Oct-25,SUB_ICB,97R,E38000235,NHS Sussex ICB - 97R,COMORBIDITIES,4345
31-Oct-25,SUB_ICB,97R,E38000235,NHS Sussex ICB - 97R,DEMENTIA_REGISTER_65_PLUS,6340
31-Oct-25,SUB_ICB,02T,E38000025,NHS West Yorkshire ICB - 02T,PALLIATIVE_CARE,405
31-Oct-25,SUB_ICB,02T,E38000025,NHS West Yorkshire ICB - 02T,COMORBIDITIES,1310
31-Oct-25,SUB_ICB,02T,E38000025,NHS West Yorkshire ICB - 02T,DEMENTIA_REGISTER_65_PLUS,1819
31-Oct-25,SUB_ICB,03R,E38000190,NHS West Yorkshire ICB - 03R,PALLIATIVE_CARE,695
31-Oct-25,SUB_ICB,03R,E38000190,NHS West Yorkshire ICB - 03R,COMORBIDITIES,2330
31-Oct-25,SUB_ICB,03R,E38000190,NHS West Yorkshire ICB - 03R,DEMENTIA_REGISTER_65_PLUS,3120
31-Oct-25,SUB_ICB,15F,E38000225,NHS West Yorkshire ICB - 15F,PALLIATIVE_CARE,1290
31-Oct-25,SUB_ICB,15F,E38000225,NHS West Yorkshire ICB - 15F,COMORBIDITIES,5165
31-Oct-25,SUB_ICB,15F,E38000225,NHS West Yorkshire ICB - 15F,DEMENTIA_REGISTER_65_PLUS,6860
31-Oct-25,SUB_ICB,36J,E38000232,NHS West Yorkshire ICB - 36J,COMORBIDITIES,3760
31-Oct-25,SUB_ICB,36J,E38000232,NHS West Yorkshire ICB - 36J,PALLIATIVE_CARE,1665
31-Oct-25,SUB_ICB,36J,E38000232,NHS West Yorkshire ICB - 36J,DEMENTIA_REGISTER_65_PLUS,5039
31-Oct-25,SUB_ICB,X2C4Y,E38000254,NHS West Yorkshire ICB - X2C4Y,COMORBIDITIES,2485
31-Oct-25,SUB_ICB,X2C4Y,E38000254,NHS West Yorkshire ICB - X2C4Y,PALLIATIVE_CARE,890
31-Oct-25,SUB_ICB,X2C4Y,E38000254,NHS West Yorkshire ICB - X2C4Y,DEMENTIA_REGISTER_65_PLUS,3399
30-Sep-25,COUNTRY,ENG,E92000001,ENGLAND,COMORBIDITIES,364741
30-Sep-25,COUNTRY,ENG,E92000001,ENGLAND,PALLIATIVE_CARE,96706
30-Sep-25,COUNTRY,ENG,E92000001,ENGLAND,DEMENTIA_REGISTER_65_PLUS,495453
30-Sep-25,ICB,QOX,E54000040,"NHS Bath and North East Somerset, Swindon and Wiltshire Integrated Care Board",COMORBIDITIES,6310
30-Sep-25,ICB,QOX,E54000040,"NHS Bath and North East Somerset, Swindon and Wiltshire Integrated Care Board",PALLIATIVE_CARE,748
30-Sep-25,ICB,QOX,E54000040,"NHS Bath and North East Somerset, Swindon and Wiltshire Integrated Care Board",DEMENTIA_REGISTER_65_PLUS,8706
30-Sep-25,ICB,QHG,E54000024,"NHS Bedfordshire, Luton and Milton Keynes Integrated Care Board",PALLIATIVE_CARE,1062
30-Sep-25,ICB,QHG,E54000024,"NHS Bedfordshire, Luton and Milton Keynes Integrated Care Board",COMORBIDITIES,5733
30-Sep-25,ICB,QHG,E54000024,"NHS Bedfordshire, Luton and Milton Keynes Integrated Care Board",DEMENTIA_REGISTER_65_PLUS,7564
30-Sep-25,ICB,QHL,E54000055,NHS Birmingham and Solihull Integrated Care Board,COMORBIDITIES,7122
30-Sep-25,ICB,QHL,E54000055,NHS Birmingham and Solihull Integrated Care Board,PALLIATIVE_CARE,2148
30-Sep-25,ICB,QHL,E54000055,NHS Birmingham and Solihull Integrated Care Board,DEMENTIA_REGISTER_65_PLUS,9452
30-Sep-25,ICB,QUA,E54000062,NHS Black Country Integrated Care Board,PALLIATIVE_CARE,2919
30-Sep-25,ICB,QUA,E54000062,NHS Black Country Integrated Care Board,COMORBIDITIES,7670
30-Sep-25,ICB,QUA,E54000062,NHS Black Country Integrated Care Board,DEMENTIA_REGISTER_65_PLUS,9914
30-Sep-25,ICB,QUY,E54000039,"NHS Bristol, North Somerset and South Gloucestershire Integrated Care Board",COMORBIDITIES,6355
30-Sep-25,ICB,QUY,E54000039,"NHS Bristol, North Somerset and South Gloucestershire Integrated Care Board",PALLIATIVE_CARE,1007
30-Sep-25,ICB,QUY,E54000039,"NHS Bristol, North Somerset and South Gloucestershire Integrated Care Board",DEMENTIA_REGISTER_65_PLUS,8710
30-Sep-25,ICB,QU9,E54000044,"NHS Buckinghamshire, Oxfordshire and Berkshire West Integrated Care Board",COMORBIDITIES,10598
30-Sep-25,ICB,QU9,E54000044,"NHS Buckinghamshire, Oxfordshire and Berkshire West Integrated Care Board",PALLIATIVE_CARE,2150
30-Sep-25,ICB,QU9,E54000044,"NHS Buckinghamshire, Oxfordshire and Berkshire West Integrated Care Board",DEMENTIA_REGISTER_65_PLUS,15019
30-Sep-25,ICB,QUE,E54000056,NHS Cambridgeshire and Peterborough Integrated Care Board,PALLIATIVE_CARE,1047
30-Sep-25,ICB,QUE,E54000056,NHS Cambridgeshire and Peterborough Integrated Care Board,COMORBIDITIES,5227
30-Sep-25,ICB,QUE,E54000056,NHS Cambridgeshire and Peterborough Integrated Care Board,DEMENTIA_REGISTER_65_PLUS,7053
30-Sep-25,ICB,QYG,E54000008,NHS Cheshire and Merseyside Integrated Care Board,COMORBIDITIES,17845
30-Sep-25,ICB,QYG,E54000008,NHS Cheshire and Merseyside Integrated Care Board,PALLIATIVE_CARE,5909
30-Sep-25,ICB,QYG,E54000008,NHS Cheshire and Merseyside Integrated Care Board,DEMENTIA_REGISTER_65_PLUS,24157
30-Sep-25,ICB,QT6,E54000036,NHS Cornwall and the Isles of Scilly Integrated Care Board,PALLIATIVE_CARE,387
30-Sep-25,ICB,QT6,E54000036,NHS Cornwall and the Isles of Scilly Integrated Care Board,COMORBIDITIES,4458
30-Sep-25,ICB,QT6,E54000036,NHS Cornwall and the Isles of Scilly Integrated Care Board,DEMENTIA_REGISTER_65_PLUS,6252
30-Sep-25,ICB,QWU,E54000018,NHS Coventry and Warwickshire Integrated Care Board,PALLIATIVE_CARE,1112
30-Sep-25,ICB,QWU,E54000018,NHS Coventry and Warwickshire Integrated Care Board,COMORBIDITIES,5498
30-Sep-25,ICB,QWU,E54000018,NHS Coventry and Warwickshire Integrated Care Board,DEMENTIA_REGISTER_65_PLUS,7578
30-Sep-25,ICB,QJ2,E54000058,NHS Derby and Derbyshire Integrated Care Board,COMORBIDITIES,7776
30-Sep-25,ICB,QJ2,E54000058,NHS Derby and Derbyshire Integrated Care Board,PALLIATIVE_CARE,2465
30-Sep-25,ICB,QJ2,E54000058,NHS Derby and Derbyshire Integrated Care Board,DEMENTIA_REGISTER_65_PLUS,10513
30-Sep-25,ICB,QJK,E54000037,NHS Devon Integrated Care Board,COMORBIDITIES,8899
30-Sep-25,ICB,QJK,E54000037,NHS Devon Integrated Care Board,PALLIATIVE_CARE,1288
30-Sep-25,ICB,QJK,E54000037,NHS Devon Integrated Care Board,DEMENTIA_REGISTER_65_PLUS,12379
30-Sep-25,ICB,QVV,E54000041,NHS Dorset Integrated Care Board,PALLIATIVE_CARE,2138
30-Sep-25,ICB,QVV,E54000041,NHS Dorset Integrated Care Board,COMORBIDITIES,5981
30-Sep-25,ICB,QVV,E54000041,NHS Dorset Integrated Care Board,DEMENTIA_REGISTER_65_PLUS,8546
30-Sep-25,ICB,QNQ,E54000034,NHS Frimley Integrated Care Board,COMORBIDITIES,4547
30-Sep-25,ICB,QNQ,E54000034,NHS Frimley Integrated Care Board,PALLIATIVE_CARE,926
30-Sep-25,ICB,QNQ,E54000034,NHS Frimley Integrated Care Board,DEMENTIA_REGISTER_65_PLUS,6232
30-Sep-25,ICB,QR1,E54000043,NHS Gloucestershire Integrated Care Board,COMORBIDITIES,4826
30-Sep-25,ICB,QR1,E54000043,NHS Gloucestershire Integrated Care Board,PALLIATIVE_CARE,1178
30-Sep-25,ICB,QR1,E54000043,NHS Gloucestershire Integrated Care Board,DEMENTIA_REGISTER_65_PLUS,6745
30-Sep-25,ICB,QOP,E54000057,NHS Greater Manchester Integrated Care Board,COMORBIDITIES,17408
30-Sep-25,ICB,QOP,E54000057,NHS Greater Manchester Integrated Care Board,PALLIATIVE_CARE,4806
30-Sep-25,ICB,QOP,E54000057,NHS Greater Manchester Integrated Care Board,DEMENTIA_REGISTER_65_PLUS,23277
30-Sep-25,ICB,QRL,E54000042,NHS Hampshire and Isle of Wight Integrated Care Board,PALLIATIVE_CARE,2374
30-Sep-25,ICB,QRL,E54000042,NHS Hampshire and Isle of Wight Integrated Care Board,COMORBIDITIES,12914
30-Sep-25,ICB,QRL,E54000042,NHS Hampshire and Isle of Wight Integrated Care Board,DEMENTIA_REGISTER_65_PLUS,17927
30-Sep-25,ICB,QGH,E54000019,NHS Herefordshire and Worcestershire Integrated Care Board,PALLIATIVE_CARE,2050
30-Sep-25,ICB,QGH,E54000019,NHS Herefordshire and Worcestershire Integrated Care Board,COMORBIDITIES,5246
30-Sep-25,ICB,QGH,E54000019,NHS Herefordshire and Worcestershire Integrated Care Board,DEMENTIA_REGISTER_65_PLUS,7363
30-Sep-25,ICB,QM7,E54000025,NHS Hertfordshire and West Essex Integrated Care Board,PALLIATIVE_CARE,3805
30-Sep-25,ICB,QM7,E54000025,NHS Hertfordshire and West Essex Integrated Care Board,COMORBIDITIES,9488
30-Sep-25,ICB,QM7,E54000025,NHS Hertfordshire and West Essex Integrated Care Board,DEMENTIA_REGISTER_65_PLUS,13042
30-Sep-25,ICB,QOQ,E54000051,NHS Humber and North Yorkshire Integrated Care Board,PALLIATIVE_CARE,3424
30-Sep-25,ICB,QOQ,E54000051,NHS Humber and North Yorkshire Integrated Care Board,COMORBIDITIES,12005
30-Sep-25,ICB,QOQ,E54000051,NHS Humber and North Yorkshire Integrated Care Board,DEMENTIA_REGISTER_65_PLUS,16496
30-Sep-25,ICB,QKS,E54000032,NHS Kent and Medway Integrated Care Board,PALLIATIVE_CARE,2850
30-Sep-25,ICB,QKS,E54000032,NHS Kent and Medway Integrated Care Board,COMORBIDITIES,11830
30-Sep-25,ICB,QKS,E54000032,NHS Kent and Medway Integrated Care Board,DEMENTIA_REGISTER_65_PLUS,16357
30-Sep-25,ICB,QE1,E54000048,NHS Lancashire and South Cumbria Integrated Care Board,PALLIATIVE_CARE,4357
30-Sep-25,ICB,QE1,E54000048,NHS Lancashire and South Cumbria Integrated Care Board,COMORBIDITIES,12240
30-Sep-25,ICB,QE1,E54000048,NHS Lancashire and South Cumbria Integrated Care Board,DEMENTIA_REGISTER_65_PLUS,16768
30-Sep-25,ICB,QK1,E54000015,"NHS Leicester, Leicestershire and Rutland Integrated Care Board",PALLIATIVE_CARE,2358
30-Sep-25,ICB,QK1,E54000015,"NHS Leicester, Leicestershire and Rutland Integrated Care Board",COMORBIDITIES,6731
30-Sep-25,ICB,QK1,E54000015,"NHS Leicester, Leicestershire and Rutland Integrated Care Board",DEMENTIA_REGISTER_65_PLUS,9127
30-Sep-25,ICB,QJM,E54000013,NHS Lincolnshire Integrated Care Board,COMORBIDITIES,6633
30-Sep-25,ICB,QJM,E54000013,NHS Lincolnshire Integrated Care Board,PALLIATIVE_CARE,2007
30-Sep-25,ICB,QJM,E54000013,NHS Lincolnshire Integrated Care Board,DEMENTIA_REGISTER_65_PLUS,8914
30-Sep-25,ICB,QH8,E54000026,NHS Mid and South Essex Integrated Care Board,PALLIATIVE_CARE,2585
30-Sep-25,ICB,QH8,E54000026,NHS Mid and South Essex Integrated Care Board,COMORBIDITIES,8309
30-Sep-25,ICB,QH8,E54000026,NHS Mid and South Essex Integrated Care Board,DEMENTIA_REGISTER_65_PLUS,11352
30-Sep-25,ICB,QMM,E54000022,NHS Norfolk and Waveney Integrated Care Board,COMORBIDITIES,8601
30-Sep-25,ICB,QMM,E54000022,NHS Norfolk and Waveney Integrated Care Board,PALLIATIVE_CARE,1177
30-Sep-25,ICB,QMM,E54000022,NHS Norfolk and Waveney Integrated Care Board,DEMENTIA_REGISTER_65_PLUS,11809
30-Sep-25,ICB,QMJ,E54000028,NHS North Central London Integrated Care Board,COMORBIDITIES,7025
30-Sep-25,ICB,QMJ,E54000028,NHS North Central London Integrated Care Board,PALLIATIVE_CARE,1462
30-Sep-25,ICB,QMJ,E54000028,NHS North Central London Integrated Care Board,DEMENTIA_REGISTER_65_PLUS,9103
30-Sep-25,ICB,QMF,E54000029,NHS North East London Integrated Care Board,PALLIATIVE_CARE,2449
30-Sep-25,ICB,QMF,E54000029,NHS North East London Integrated Care Board,COMORBIDITIES,6988
30-Sep-25,ICB,QMF,E54000029,NHS North East London Integrated Care Board,DEMENTIA_REGISTER_65_PLUS,8789
30-Sep-25,ICB,QHM,E54000050,NHS North East and North Cumbria Integrated Care Board,COMORBIDITIES,22121
30-Sep-25,ICB,QHM,E54000050,NHS North East and North Cumbria Integrated Care Board,PALLIATIVE_CARE,5120
30-Sep-25,ICB,QHM,E54000050,NHS North East and North Cumbria Integrated Care Board,DEMENTIA_REGISTER_65_PLUS,29274
30-Sep-25,ICB,QRV,E54000027,NHS North West London Integrated Care Board,COMORBIDITIES,10498
30-Sep-25,ICB,QRV,E54000027,NHS North West London Integrated Care Board,PALLIATIVE_CARE,3249
30-Sep-25,ICB,QRV,E54000027,NHS North West London Integrated Care Board,DEMENTIA_REGISTER_65_PLUS,13220
30-Sep-25,ICB,QPM,E54000059,NHS Northamptonshire Integrated Care Board,COMORBIDITIES,4715
30-Sep-25,ICB,QPM,E54000059,NHS Northamptonshire Integrated Care Board,PALLIATIVE_CARE,544
30-Sep-25,ICB,QPM,E54000059,NHS Northamptonshire Integrated Care Board,DEMENTIA_REGISTER_65_PLUS,6233
30-Sep-25,ICB,QT1,E54000060,NHS Nottingham and Nottinghamshire Integrated Care Board,COMORBIDITIES,7650
30-Sep-25,ICB,QT1,E54000060,NHS Nottingham and Nottinghamshire Integrated Care Board,PALLIATIVE_CARE,3641
30-Sep-25,ICB,QT1,E54000060,NHS Nottingham and Nottinghamshire Integrated Care Board,DEMENTIA_REGISTER_65_PLUS,10563
30-Sep-25,ICB,QOC,E54000011,"NHS Shropshire, Telford and Wrekin Integrated Care Board",COMORBIDITIES,3671
30-Sep-25,ICB,QOC,E54000011,"NHS Shropshire, Telford and Wrekin Integrated Care Board",PALLIATIVE_CARE,494
30-Sep-25,ICB,QOC,E54000011,"NHS Shropshire, Telford and Wrekin Integrated Care Board",DEMENTIA_REGISTER_65_PLUS,5074
30-Sep-25,ICB,QSL,E54000038,NHS Somerset Integrated Care Board,COMORBIDITIES,4214
30-Sep-25,ICB,QSL,E54000038,NHS Somerset Integrated Care Board,PALLIATIVE_CARE,583
30-Sep-25,ICB,QSL,E54000038,NHS Somerset Integrated Care Board,DEMENTIA_REGISTER_65_PLUS,5804
30-Sep-25,ICB,QKK,E54000030,NHS South East London Integrated Care Board,COMORBIDITIES,8483
30-Sep-25,ICB,QKK,E54000030,NHS South East London Integrated Care Board,PALLIATIVE_CARE,2419
30-Sep-25,ICB,QKK,E54000030,NHS South East London Integrated Care Board,DEMENTIA_REGISTER_65_PLUS,11087
30-Sep-25,ICB,QWE,E54000031,NHS South West London Integrated Care Board,PALLIATIVE_CARE,2260
30-Sep-25,ICB,QWE,E54000031,NHS South West London Integrated Care Board,COMORBIDITIES,8103
30-Sep-25,ICB,QWE,E54000031,NHS South West London Integrated Care Board,DEMENTIA_REGISTER_65_PLUS,11009
30-Sep-25,ICB,QF7,E54000061,NHS South Yorkshire Integrated Care Board,COMORBIDITIES,9739
30-Sep-25,ICB,QF7,E54000061,NHS South Yorkshire Integrated Care Board,PALLIATIVE_CARE,2210
30-Sep-25,ICB,QF7,E54000061,NHS South Yorkshire Integrated Care Board,DEMENTIA_REGISTER_65_PLUS,12934
30-Sep-25,ICB,QNC,E54000010,NHS Staffordshire and Stoke-on-Trent Integrated Care Board,COMORBIDITIES,9132
30-Sep-25,ICB,QNC,E54000010,NHS Staffordshire and Stoke-on-Trent Integrated Care Board,PALLIATIVE_CARE,3191
30-Sep-25,ICB,QNC,E54000010,NHS Staffordshire and Stoke-on-Trent Integrated Care Board,DEMENTIA_REGISTER_65_PLUS,12159
30-Sep-25,ICB,QJG,E54000023,NHS Suffolk and North East Essex Integrated Care Board,COMORBIDITIES,7363
30-Sep-25,ICB,QJG,E54000023,NHS Suffolk and North East Essex Integrated Care Board,PALLIATIVE_CARE,2295
30-Sep-25,ICB,QJG,E54000023,NHS Suffolk and North East Essex Integrated Care Board,DEMENTIA_REGISTER_65_PLUS,10177
30-Sep-25,ICB,QXU,E54000063,NHS Surrey Heartlands ICB,PALLIATIVE_CARE,1058
30-Sep-25,ICB,QXU,E54000063,NHS Surrey Heartlands ICB,COMORBIDITIES,7265
30-Sep-25,ICB,QXU,E54000063,NHS Surrey Heartlands ICB,DEMENTIA_REGISTER_65_PLUS,10427
30-Sep-25,ICB,QNX,E54000064,NHS Sussex ICB,COMORBIDITIES,12507
30-Sep-25,ICB,QNX,E54000064,NHS Sussex ICB,PALLIATIVE_CARE,2487
30-Sep-25,ICB,QNX,E54000064,NHS Sussex ICB,DEMENTIA_REGISTER_65_PLUS,18167
30-Sep-25,ICB,QWO,E54000054,NHS West Yorkshire Integrated Care Board,PALLIATIVE_CARE,4967
30-Sep-25,ICB,QWO,E54000054,NHS West Yorkshire Integrated Care Board,COMORBIDITIES,15017
30-Sep-25,ICB,QWO,E54000054,NHS West Yorkshire Integrated Care Board,DEMENTIA_REGISTER_65_PLUS,20181
30-Sep-25,REGION,Y61,E40000013,East of England,PALLIATIVE_CARE,11971
30-Sep-25,REGION,Y61,E40000013,East of England,COMORBIDITIES,44721
30-Sep-25,REGION,Y61,E40000013,East of England,DEMENTIA_REGISTER_65_PLUS,60997
30-Sep-25,REGION,Y56,E40000003,London,COMORBIDITIES,41097
30-Sep-25,REGION,Y56,E40000003,London,PALLIATIVE_CARE,11839
30-Sep-25,REGION,Y56,E40000003,London,DEMENTIA_REGISTER_65_PLUS,53208
30-Sep-25,REGION,Y60,E40000011,Midlands,COMORBIDITIES,71844
30-Sep-25,REGION,Y60,E40000011,Midlands,PALLIATIVE_CARE,22929
30-Sep-25,REGION,Y60,E40000011,Midlands,DEMENTIA_REGISTER_65_PLUS,96890
30-Sep-25,REGION,Y63,E40000012,North East and Yorkshire,PALLIATIVE_CARE,15721
30-Sep-25,REGION,Y63,E40000012,North East and Yorkshire,COMORBIDITIES,58882
30-Sep-25,REGION,Y63,E40000012,North East and Yorkshire,DEMENTIA_REGISTER_65_PLUS,78885
30-Sep-25,REGION,Y62,E40000014,North West,COMORBIDITIES,47493
30-Sep-25,REGION,Y62,E40000014,North West,PALLIATIVE_CARE,15072
30-Sep-25,REGION,Y62,E40000014,North West,DEMENTIA_REGISTER_65_PLUS,64202
30-Sep-25,REGION,Y59,E40000005,South East,COMORBIDITIES,59661
30-Sep-25,REGION,Y59,E40000005,South East,PALLIATIVE_CARE,11845
30-Sep-25,REGION,Y59,E40000005,South East,DEMENTIA_REGISTER_65_PLUS,84129
30-Sep-25,REGION,Y58,E40000006,South West,PALLIATIVE_CARE,7329
30-Sep-25,REGION,Y58,E40000006,South West,COMORBIDITIES,41043
30-Sep-25,REGION,Y58,E40000006,South West,DEMENTIA_REGISTER_65_PLUS,57142
30-Sep-25,SUB_ICB,92G,E38000231,"NHS Bath and North East Somerset, Swindon and Wiltshire ICB - 92G",COMORBIDITIES,6310
30-Sep-25,SUB_ICB,92G,E38000231,"NHS Bath and North East Somerset, Swindon and Wiltshire ICB - 92G",PALLIATIVE_CARE,750
30-Sep-25,SUB_ICB,92G,E38000231,"NHS Bath and North East Somerset, Swindon and Wiltshire ICB - 92G",DEMENTIA_REGISTER_65_PLUS,8706
30-Sep-25,SUB_ICB,M1J4Y,E38000249,"NHS Bedfordshire, Luton and Milton Keynes ICB - M1J4Y",PALLIATIVE_CARE,1060
30-Sep-25,SUB_ICB,M1J4Y,E38000249,"NHS Bedfordshire, Luton and Milton Keynes ICB - M1J4Y",COMORBIDITIES,5735
30-Sep-25,SUB_ICB,M1J4Y,E38000249,"NHS Bedfordshire, Luton and Milton Keynes ICB - M1J4Y",DEMENTIA_REGISTER_65_PLUS,7564
30-Sep-25,SUB_ICB,15E,E38000258,NHS Birmingham and Solihull ICB - 15E,PALLIATIVE_CARE,2150
30-Sep-25,SUB_ICB,15E,E38000258,NHS Birmingham and Solihull ICB - 15E,COMORBIDITIES,7120
30-Sep-25,SUB_ICB,15E,E38000258,NHS Birmingham and Solihull ICB - 15E,DEMENTIA_REGISTER_65_PLUS,9452
30-Sep-25,SUB_ICB,D2P2L,E38000259,NHS Black Country ICB - D2P2L,PALLIATIVE_CARE,2920
30-Sep-25,SUB_ICB,D2P2L,E38000259,NHS Black Country ICB - D2P2L,COMORBIDITIES,7670
30-Sep-25,SUB_ICB,D2P2L,E38000259,NHS Black Country ICB - D2P2L,DEMENTIA_REGISTER_65_PLUS,9914
30-Sep-25,SUB_ICB,15C,E38000222,"NHS Bristol, North Somerset and South Gloucestershire ICB - 15C",COMORBIDITIES,6355
30-Sep-25,SUB_ICB,15C,E38000222,"NHS Bristol, North Somerset and South Gloucestershire ICB - 15C",PALLIATIVE_CARE,1005
30-Sep-25,SUB_ICB,15C,E38000222,"NHS Bristol, North Somerset and South Gloucestershire ICB - 15C",DEMENTIA_REGISTER_65_PLUS,8710
30-Sep-25,SUB_ICB,10Q,E38000136,"NHS Buckinghamshire, Oxfordshire and Berkshire West ICB - 10Q",COMORBIDITIES,4420
30-Sep-25,SUB_ICB,10Q,E38000136,"NHS Buckinghamshire, Oxfordshire and Berkshire West ICB - 10Q",PALLIATIVE_CARE,700
30-Sep-25,SUB_ICB,10Q,E38000136,"NHS Buckinghamshire, Oxfordshire and Berkshire West ICB - 10Q",DEMENTIA_REGISTER_65_PLUS,6390
30-Sep-25,SUB_ICB,14Y,E38000223,"NHS Buckinghamshire, Oxfordshire and Berkshire West ICB - 14Y",COMORBIDITIES,3240
30-Sep-25,SUB_ICB,14Y,E38000223,"NHS Buckinghamshire, Oxfordshire and Berkshire West ICB - 14Y",PALLIATIVE_CARE,685
30-Sep-25,SUB_ICB,14Y,E38000223,"NHS Buckinghamshire, Oxfordshire and Berkshire West ICB - 14Y",DEMENTIA_REGISTER_65_PLUS,4546
30-Sep-25,SUB_ICB,15A,E38000221,"NHS Buckinghamshire, Oxfordshire and Berkshire West ICB - 15A",COMORBIDITIES,2940
30-Sep-25,SUB_ICB,15A,E38000221,"NHS Buckinghamshire, Oxfordshire and Berkshire West ICB - 15A",PALLIATIVE_CARE,765
30-Sep-25,SUB_ICB,15A,E38000221,"NHS Buckinghamshire, Oxfordshire and Berkshire West ICB - 15A",DEMENTIA_REGISTER_65_PLUS,4083
30-Sep-25,SUB_ICB,06H,E38000260,NHS Cambridgeshire and Peterborough ICB - 06H,PALLIATIVE_CARE,1045
30-Sep-25,SUB_ICB,06H,E38000260,NHS Cambridgeshire and Peterborough ICB - 06H,COMORBIDITIES,5225
30-Sep-25,SUB_ICB,06H,E38000260,NHS Cambridgeshire and Peterborough ICB - 06H,DEMENTIA_REGISTER_65_PLUS,7053
30-Sep-25,SUB_ICB,01F,E38000068,NHS Cheshire and Merseyside ICB - 01F,COMORBIDITIES,770
30-Sep-25,SUB_ICB,01F,E38000068,NHS Cheshire and Merseyside ICB - 01F,PALLIATIVE_CARE,165
30-Sep-25,SUB_ICB,01F,E38000068,NHS Cheshire and Merseyside ICB - 01F,DEMENTIA_REGISTER_65_PLUS,1001
30-Sep-25,SUB_ICB,01J,E38000091,NHS Cheshire and Merseyside ICB - 01J,PALLIATIVE_CARE,325
30-Sep-25,SUB_ICB,01J,E38000091,NHS Cheshire and Merseyside ICB - 01J,COMORBIDITIES,905
30-Sep-25,SUB_ICB,01J,E38000091,NHS Cheshire and Merseyside ICB - 01J,DEMENTIA_REGISTER_65_PLUS,1154
30-Sep-25,SUB_ICB,01T,E38000161,NHS Cheshire and Merseyside ICB - 01T,COMORBIDITIES,905
30-Sep-25,SUB_ICB,01T,E38000161,NHS Cheshire and Merseyside ICB - 01T,PALLIATIVE_CARE,410
30-Sep-25,SUB_ICB,01T,E38000161,NHS Cheshire and Merseyside ICB - 01T,DEMENTIA_REGISTER_65_PLUS,1230
30-Sep-25,SUB_ICB,01V,E38000170,NHS Cheshire and Merseyside ICB - 01V,COMORBIDITIES,1330
30-Sep-25,SUB_ICB,01V,E38000170,NHS Cheshire and Merseyside ICB - 01V,PALLIATIVE_CARE,560
30-Sep-25,SUB_ICB,01V,E38000170,NHS Cheshire and Merseyside ICB - 01V,DEMENTIA_REGISTER_65_PLUS,1888
30-Sep-25,SUB_ICB,01X,E38000172,NHS Cheshire and Merseyside ICB - 01X,COMORBIDITIES,1350
30-Sep-25,SUB_ICB,01X,E38000172,NHS Cheshire and Merseyside ICB - 01X,PALLIATIVE_CARE,340
30-Sep-25,SUB_ICB,01X,E38000172,NHS Cheshire and Merseyside ICB - 01X,DEMENTIA_REGISTER_65_PLUS,1798
30-Sep-25,SUB_ICB,02E,E38000194,NHS Cheshire and Merseyside ICB - 02E,PALLIATIVE_CARE,955
30-Sep-25,SUB_ICB,02E,E38000194,NHS Cheshire and Merseyside ICB - 02E,COMORBIDITIES,1545
30-Sep-25,SUB_ICB,02E,E38000194,NHS Cheshire and Merseyside ICB - 02E,DEMENTIA_REGISTER_65_PLUS,2104
30-Sep-25,SUB_ICB,12F,E38000208,NHS Cheshire and Merseyside ICB - 12F,COMORBIDITIES,2435
30-Sep-25,SUB_ICB,12F,E38000208,NHS Cheshire and Merseyside ICB - 12F,PALLIATIVE_CARE,1000
30-Sep-25,SUB_ICB,12F,E38000208,NHS Cheshire and Merseyside ICB - 12F,DEMENTIA_REGISTER_65_PLUS,3315
30-Sep-25,SUB_ICB,27D,E38000233,NHS Cheshire and Merseyside ICB - 27D,COMORBIDITIES,5870
30-Sep-25,SUB_ICB,27D,E38000233,NHS Cheshire and Merseyside ICB - 27D,PALLIATIVE_CARE,1615
30-Sep-25,SUB_ICB,27D,E38000233,NHS Cheshire and Merseyside ICB - 27D,DEMENTIA_REGISTER_65_PLUS,8125
30-Sep-25,SUB_ICB,99A,E38000101,NHS Cheshire and Merseyside ICB - 99A,PALLIATIVE_CARE,540
30-Sep-25,SUB_ICB,99A,E38000101,NHS Cheshire and Merseyside ICB - 99A,COMORBIDITIES,2730
30-Sep-25,SUB_ICB,99A,E38000101,NHS Cheshire and Merseyside ICB - 99A,DEMENTIA_REGISTER_65_PLUS,3542
30-Sep-25,SUB_ICB,11N,E38000089,NHS Cornwall and the Isles of Scilly ICB - 11N,PALLIATIVE_CARE,385
30-Sep-25,SUB_ICB,11N,E38000089,NHS Cornwall and the Isles of Scilly ICB - 11N,COMORBIDITIES,4460
30-Sep-25,SUB_ICB,11N,E38000089,NHS Cornwall and the Isles of Scilly ICB - 11N,DEMENTIA_REGISTER_65_PLUS,6252
30-Sep-25,SUB_ICB,B2M3M,E38000251,NHS Coventry and Warwickshire ICB - B2M3M,PALLIATIVE_CARE,1110
30-Sep-25,SUB_ICB,B2M3M,E38000251,NHS Coventry and Warwickshire ICB - B2M3M,COMORBIDITIES,5500
30-Sep-25,SUB_ICB,B2M3M,E38000251,NHS Coventry and Warwickshire ICB - B2M3M,DEMENTIA_REGISTER_65_PLUS,7578
30-Sep-25,SUB_ICB,15M,E38000261,NHS Derby and Derbyshire ICB - 15M,COMORBIDITIES,7775
30-Sep-25,SUB_ICB,15M,E38000261,NHS Derby and Derbyshire ICB - 15M,PALLIATIVE_CARE,2465
30-Sep-25,SUB_ICB,15M,E38000261,NHS Derby and Derbyshire ICB - 15M,DEMENTIA_REGISTER_65_PLUS,10513
30-Sep-25,SUB_ICB,15N,E38000230,NHS Devon ICB - 15N,PALLIATIVE_CARE,1290
30-Sep-25,SUB_ICB,15N,E38000230,NHS Devon ICB - 15N,COMORBIDITIES,8900
30-Sep-25,SUB_ICB,15N,E38000230,NHS Devon ICB - 15N,DEMENTIA_REGISTER_65_PLUS,12379
30-Sep-25,SUB_ICB,11J,E38000045,NHS Dorset ICB - 11J,COMORBIDITIES,5980
30-Sep-25,SUB_ICB,11J,E38000045,NHS Dorset ICB - 11J,PALLIATIVE_CARE,2140
30-Sep-25,SUB_ICB,11J,E38000045,NHS Dorset ICB - 11J,DEMENTIA_REGISTER_65_PLUS,8546
30-Sep-25,SUB_ICB,D4U1Y,E38000252,NHS Frimley ICB - D4U1Y,PALLIATIVE_CARE,925
30-Sep-25,SUB_ICB,D4U1Y,E38000252,NHS Frimley ICB - D4U1Y,COMORBIDITIES,4545
30-Sep-25,SUB_ICB,D4U1Y,E38000252,NHS Frimley ICB - D4U1Y,DEMENTIA_REGISTER_65_PLUS,6232
30-Sep-25,SUB_ICB,11M,E38000062,NHS Gloucestershire ICB - 11M,PALLIATIVE_CARE,1180
30-Sep-25,SUB_ICB,11M,E38000062,NHS Gloucestershire ICB - 11M,COMORBIDITIES,4825
30-Sep-25,SUB_ICB,11M,E38000062,NHS Gloucestershire ICB - 11M,DEMENTIA_REGISTER_65_PLUS,6745
30-Sep-25,SUB_ICB,00T,E38000016,NHS Greater Manchester ICB - 00T,PALLIATIVE_CARE,335
30-Sep-25,SUB_ICB,00T,E38000016,NHS Greater Manchester ICB - 00T,COMORBIDITIES,1800
30-Sep-25,SUB_ICB,00T,E38000016,NHS Greater Manchester ICB - 00T,DEMENTIA_REGISTER_65_PLUS,2436
30-Sep-25,SUB_ICB,00V,E38000024,NHS Greater Manchester ICB - 00V,PALLIATIVE_CARE,275
30-Sep-25,SUB_ICB,00V,E38000024,NHS Greater Manchester ICB - 00V,COMORBIDITIES,1340
30-Sep-25,SUB_ICB,00V,E38000024,NHS Greater Manchester ICB - 00V,DEMENTIA_REGISTER_65_PLUS,1894
30-Sep-25,SUB_ICB,00Y,E38000135,NHS Greater Manchester ICB - 00Y,COMORBIDITIES,1455
30-Sep-25,SUB_ICB,00Y,E38000135,NHS Greater Manchester ICB - 00Y,PALLIATIVE_CARE,295
30-Sep-25,SUB_ICB,00Y,E38000135,NHS Greater Manchester ICB - 00Y,DEMENTIA_REGISTER_65_PLUS,1972
30-Sep-25,SUB_ICB,01D,E38000080,NHS Greater Manchester ICB - 01D,COMORBIDITIES,1425
30-Sep-25,SUB_ICB,01D,E38000080,NHS Greater Manchester ICB - 01D,PALLIATIVE_CARE,405
30-Sep-25,SUB_ICB,01D,E38000080,NHS Greater Manchester ICB - 01D,DEMENTIA_REGISTER_65_PLUS,1899
30-Sep-25,SUB_ICB,01G,E38000143,NHS Greater Manchester ICB - 01G,COMORBIDITIES,1445
30-Sep-25,SUB_ICB,01G,E38000143,NHS Greater Manchester ICB - 01G,PALLIATIVE_CARE,365
30-Sep-25,SUB_ICB,01G,E38000143,NHS Greater Manchester ICB - 01G,DEMENTIA_REGISTER_65_PLUS,1932
30-Sep-25,SUB_ICB,01W,E38000174,NHS Greater Manchester ICB - 01W,COMORBIDITIES,2420
30-Sep-25,SUB_ICB,01W,E38000174,NHS Greater Manchester ICB - 01W,PALLIATIVE_CARE,620
30-Sep-25,SUB_ICB,01W,E38000174,NHS Greater Manchester ICB - 01W,DEMENTIA_REGISTER_65_PLUS,3297
30-Sep-25,SUB_ICB,01Y,E38000263,NHS Greater Manchester ICB - 01Y,COMORBIDITIES,1395
30-Sep-25,SUB_ICB,01Y,E38000263,NHS Greater Manchester ICB - 01Y,PALLIATIVE_CARE,685
30-Sep-25,SUB_ICB,01Y,E38000263,NHS Greater Manchester ICB - 01Y,DEMENTIA_REGISTER_65_PLUS,1766
30-Sep-25,SUB_ICB,02A,E38000187,NHS Greater Manchester ICB - 02A,PALLIATIVE_CARE,245
30-Sep-25,SUB_ICB,02A,E38000187,NHS Greater Manchester ICB - 02A,COMORBIDITIES,1455
30-Sep-25,SUB_ICB,02A,E38000187,NHS Greater Manchester ICB - 02A,DEMENTIA_REGISTER_65_PLUS,2030
30-Sep-25,SUB_ICB,02H,E38000205,NHS Greater Manchester ICB - 02H,COMORBIDITIES,2390
30-Sep-25,SUB_ICB,02H,E38000205,NHS Greater Manchester ICB - 02H,PALLIATIVE_CARE,1100
30-Sep-25,SUB_ICB,02H,E38000205,NHS Greater Manchester ICB - 02H,DEMENTIA_REGISTER_65_PLUS,3111
30-Sep-25,SUB_ICB,14L,E38000217,NHS Greater Manchester ICB - 14L,COMORBIDITIES,2285
30-Sep-25,SUB_ICB,14L,E38000217,NHS Greater Manchester ICB - 14L,PALLIATIVE_CARE,485
30-Sep-25,SUB_ICB,14L,E38000217,NHS Greater Manchester ICB - 14L,DEMENTIA_REGISTER_65_PLUS,2940
30-Sep-25,SUB_ICB,10R,E38000137,NHS Hampshire and Isle of Wight ICB - 10R,PALLIATIVE_CARE,360
30-Sep-25,SUB_ICB,10R,E38000137,NHS Hampshire and Isle of Wight ICB - 10R,COMORBIDITIES,1195
30-Sep-25,SUB_ICB,10R,E38000137,NHS Hampshire and Isle of Wight ICB - 10R,DEMENTIA_REGISTER_65_PLUS,1573
30-Sep-25,SUB_ICB,D9Y0V,E38000253,NHS Hampshire and Isle of Wight ICB - D9Y0V,COMORBIDITIES,11720
30-Sep-25,SUB_ICB,D9Y0V,E38000253,NHS Hampshire and Isle of Wight ICB - D9Y0V,PALLIATIVE_CARE,2015
30-Sep-25,SUB_ICB,D9Y0V,E38000253,NHS Hampshire and Isle of Wight ICB - D9Y0V,DEMENTIA_REGISTER_65_PLUS,16354
30-Sep-25,SUB_ICB,18C,E38000236,NHS Herefordshire and Worcestershire ICB - 18C,COMORBIDITIES,5245
30-Sep-25,SUB_ICB,18C,E38000236,NHS Herefordshire and Worcestershire ICB - 18C,PALLIATIVE_CARE,2050
30-Sep-25,SUB_ICB,18C,E38000236,NHS Herefordshire and Worcestershire ICB - 18C,DEMENTIA_REGISTER_65_PLUS,7363
30-Sep-25,SUB_ICB,06K,E38000049,NHS Hertfordshire and West Essex ICB - 06K,PALLIATIVE_CARE,1705
30-Sep-25,SUB_ICB,06K,E38000049,NHS Hertfordshire and West Essex ICB - 06K,COMORBIDITIES,3460
30-Sep-25,SUB_ICB,06K,E38000049,NHS Hertfordshire and West Essex ICB - 06K,DEMENTIA_REGISTER_65_PLUS,4792
30-Sep-25,SUB_ICB,06N,E38000079,NHS Hertfordshire and West Essex ICB - 06N,COMORBIDITIES,3740
30-Sep-25,SUB_ICB,06N,E38000079,NHS Hertfordshire and West Essex ICB - 06N,PALLIATIVE_CARE,1075
30-Sep-25,SUB_ICB,06N,E38000079,NHS Hertfordshire and West Essex ICB - 06N,DEMENTIA_REGISTER_65_PLUS,5138
30-Sep-25,SUB_ICB,07H,E38000197,NHS Hertfordshire and West Essex ICB - 07H,COMORBIDITIES,2290
30-Sep-25,SUB_ICB,07H,E38000197,NHS Hertfordshire and West Essex ICB - 07H,PALLIATIVE_CARE,1025
30-Sep-25,SUB_ICB,07H,E38000197,NHS Hertfordshire and West Essex ICB - 07H,DEMENTIA_REGISTER_65_PLUS,3112
30-Sep-25,SUB_ICB,02Y,E38000052,NHS Humber and North Yorkshire ICB - 02Y,PALLIATIVE_CARE,440
30-Sep-25,SUB_ICB,02Y,E38000052,NHS Humber and North Yorkshire ICB - 02Y,COMORBIDITIES,2415
30-Sep-25,SUB_ICB,02Y,E38000052,NHS Humber and North Yorkshire ICB - 02Y,DEMENTIA_REGISTER_65_PLUS,3352
30-Sep-25,SUB_ICB,03F,E38000085,NHS Humber and North Yorkshire ICB - 03F,PALLIATIVE_CARE,225
30-Sep-25,SUB_ICB,03F,E38000085,NHS Humber and North Yorkshire ICB - 03F,COMORBIDITIES,1490
30-Sep-25,SUB_ICB,03F,E38000085,NHS Humber and North Yorkshire ICB - 03F,DEMENTIA_REGISTER_65_PLUS,1945
30-Sep-25,SUB_ICB,03H,E38000119,NHS Humber and North Yorkshire ICB - 03H,COMORBIDITIES,1265
30-Sep-25,SUB_ICB,03H,E38000119,NHS Humber and North Yorkshire ICB - 03H,PALLIATIVE_CARE,465
30-Sep-25,SUB_ICB,03H,E38000119,NHS Humber and North Yorkshire ICB - 03H,DEMENTIA_REGISTER_65_PLUS,1748
30-Sep-25,SUB_ICB,03K,E38000122,NHS Humber and North Yorkshire ICB - 03K,COMORBIDITIES,1305
30-Sep-25,SUB_ICB,03K,E38000122,NHS Humber and North Yorkshire ICB - 03K,PALLIATIVE_CARE,815
30-Sep-25,SUB_ICB,03K,E38000122,NHS Humber and North Yorkshire ICB - 03K,DEMENTIA_REGISTER_65_PLUS,1756
30-Sep-25,SUB_ICB,03Q,E38000188,NHS Humber and North Yorkshire ICB - 03Q,PALLIATIVE_CARE,470
30-Sep-25,SUB_ICB,03Q,E38000188,NHS Humber and North Yorkshire ICB - 03Q,COMORBIDITIES,1365
30-Sep-25,SUB_ICB,03Q,E38000188,NHS Humber and North Yorkshire ICB - 03Q,DEMENTIA_REGISTER_65_PLUS,1888
30-Sep-25,SUB_ICB,42D,E38000241,NHS Humber and North Yorkshire ICB - 42D,PALLIATIVE_CARE,1005
30-Sep-25,SUB_ICB,42D,E38000241,NHS Humber and North Yorkshire ICB - 42D,COMORBIDITIES,4165
30-Sep-25,SUB_ICB,42D,E38000241,NHS Humber and North Yorkshire ICB - 42D,DEMENTIA_REGISTER_65_PLUS,5807
30-Sep-25,SUB_ICB,91Q,E38000237,NHS Kent and Medway ICB - 91Q,PALLIATIVE_CARE,2850
30-Sep-25,SUB_ICB,91Q,E38000237,NHS Kent and Medway ICB - 91Q,COMORBIDITIES,11830
30-Sep-25,SUB_ICB,91Q,E38000237,NHS Kent and Medway ICB - 91Q,DEMENTIA_REGISTER_65_PLUS,16357
30-Sep-25,SUB_ICB,00Q,E38000014,NHS Lancashire and South Cumbria ICB - 00Q,PALLIATIVE_CARE,180
30-Sep-25,SUB_ICB,00Q,E38000014,NHS Lancashire and South Cumbria ICB - 00Q,COMORBIDITIES,820
30-Sep-25,SUB_ICB,00Q,E38000014,NHS Lancashire and South Cumbria ICB - 00Q,DEMENTIA_REGISTER_65_PLUS,1032
30-Sep-25,SUB_ICB,00R,E38000015,NHS Lancashire and South Cumbria ICB - 00R,PALLIATIVE_CARE,600
30-Sep-25,SUB_ICB,00R,E38000015,NHS Lancashire and South Cumbria ICB - 00R,COMORBIDITIES,1200
30-Sep-25,SUB_ICB,00R,E38000015,NHS Lancashire and South Cumbria ICB - 00R,DEMENTIA_REGISTER_65_PLUS,1607
30-Sep-25,SUB_ICB,00X,E38000034,NHS Lancashire and South Cumbria ICB - 00X,COMORBIDITIES,1405
30-Sep-25,SUB_ICB,00X,E38000034,NHS Lancashire and South Cumbria ICB - 00X,PALLIATIVE_CARE,430
30-Sep-25,SUB_ICB,00X,E38000034,NHS Lancashire and South Cumbria ICB - 00X,DEMENTIA_REGISTER_65_PLUS,1898
30-Sep-25,SUB_ICB,01A,E38000050,NHS Lancashire and South Cumbria ICB - 01A,PALLIATIVE_CARE,800
30-Sep-25,SUB_ICB,01A,E38000050,NHS Lancashire and South Cumbria ICB - 01A,COMORBIDITIES,2180
30-Sep-25,SUB_ICB,01A,E38000050,NHS Lancashire and South Cumbria ICB - 01A,DEMENTIA_REGISTER_65_PLUS,2995
30-Sep-25,SUB_ICB,01E,E38000227,NHS Lancashire and South Cumbria ICB - 01E,PALLIATIVE_CARE,480
30-Sep-25,SUB_ICB,01E,E38000227,NHS Lancashire and South Cumbria ICB - 01E,COMORBIDITIES,1345
30-Sep-25,SUB_ICB,01E,E38000227,NHS Lancashire and South Cumbria ICB - 01E,DEMENTIA_REGISTER_65_PLUS,1831
30-Sep-25,SUB_ICB,01K,E38000228,NHS Lancashire and South Cumbria ICB - 01K,COMORBIDITIES,2740
30-Sep-25,SUB_ICB,01K,E38000228,NHS Lancashire and South Cumbria ICB - 01K,PALLIATIVE_CARE,795
30-Sep-25,SUB_ICB,01K,E38000228,NHS Lancashire and South Cumbria ICB - 01K,DEMENTIA_REGISTER_65_PLUS,3819
30-Sep-25,SUB_ICB,02G,E38000200,NHS Lancashire and South Cumbria ICB - 02G,COMORBIDITIES,810
30-Sep-25,SUB_ICB,02G,E38000200,NHS Lancashire and South Cumbria ICB - 02G,PALLIATIVE_CARE,130
30-Sep-25,SUB_ICB,02G,E38000200,NHS Lancashire and South Cumbria ICB - 02G,DEMENTIA_REGISTER_65_PLUS,1175
30-Sep-25,SUB_ICB,02M,E38000226,NHS Lancashire and South Cumbria ICB - 02M,COMORBIDITIES,1740
30-Sep-25,SUB_ICB,02M,E38000226,NHS Lancashire and South Cumbria ICB - 02M,PALLIATIVE_CARE,950
30-Sep-25,SUB_ICB,02M,E38000226,NHS Lancashire and South Cumbria ICB - 02M,DEMENTIA_REGISTER_65_PLUS,2411
30-Sep-25,SUB_ICB,03W,E38000051,"NHS Leicester, Leicestershire and Rutland ICB - 03W",COMORBIDITIES,2375
30-Sep-25,SUB_ICB,03W,E38000051,"NHS Leicester, Leicestershire and Rutland ICB - 03W",PALLIATIVE_CARE,945
30-Sep-25,SUB_ICB,03W,E38000051,"NHS Leicester, Leicestershire and Rutland ICB - 03W",DEMENTIA_REGISTER_65_PLUS,3324
30-Sep-25,SUB_ICB,04C,E38000097,"NHS Leicester, Leicestershire and Rutland ICB - 04C",COMORBIDITIES,1910
30-Sep-25,SUB_ICB,04C,E38000097,"NHS Leicester, Leicestershire and Rutland ICB - 04C",PALLIATIVE_CARE,625
30-Sep-25,SUB_ICB,04C,E38000097,"NHS Leicester, Leicestershire and Rutland ICB - 04C",DEMENTIA_REGISTER_65_PLUS,2413
30-Sep-25,SUB_ICB,04V,E38000201,"NHS Leicester, Leicestershire and Rutland ICB - 04V",COMORBIDITIES,2445
30-Sep-25,SUB_ICB,04V,E38000201,"NHS Leicester, Leicestershire and Rutland ICB - 04V",PALLIATIVE_CARE,790
30-Sep-25,SUB_ICB,04V,E38000201,"NHS Leicester, Leicestershire and Rutland ICB - 04V",DEMENTIA_REGISTER_65_PLUS,3390
30-Sep-25,SUB_ICB,71E,E38000238,NHS Lincolnshire ICB - 71E,PALLIATIVE_CARE,2005
30-Sep-25,SUB_ICB,71E,E38000238,NHS Lincolnshire ICB - 71E,COMORBIDITIES,6635
30-Sep-25,SUB_ICB,71E,E38000238,NHS Lincolnshire ICB - 71E,DEMENTIA_REGISTER_65_PLUS,8914
30-Sep-25,SUB_ICB,06Q,E38000106,NHS Mid and South Essex ICB - 06Q,PALLIATIVE_CARE,475
30-Sep-25,SUB_ICB,06Q,E38000106,NHS Mid and South Essex ICB - 06Q,COMORBIDITIES,2685
30-Sep-25,SUB_ICB,06Q,E38000106,NHS Mid and South Essex ICB - 06Q,DEMENTIA_REGISTER_65_PLUS,3774
30-Sep-25,SUB_ICB,07G,E38000185,NHS Mid and South Essex ICB - 07G,COMORBIDITIES,825
30-Sep-25,SUB_ICB,07G,E38000185,NHS Mid and South Essex ICB - 07G,PALLIATIVE_CARE,345
30-Sep-25,SUB_ICB,07G,E38000185,NHS Mid and South Essex ICB - 07G,DEMENTIA_REGISTER_65_PLUS,1065
30-Sep-25,SUB_ICB,99E,E38000007,NHS Mid and South Essex ICB - 99E,COMORBIDITIES,1595
30-Sep-25,SUB_ICB,99E,E38000007,NHS Mid and South Essex ICB - 99E,PALLIATIVE_CARE,550
30-Sep-25,SUB_ICB,99E,E38000007,NHS Mid and South Essex ICB - 99E,DEMENTIA_REGISTER_65_PLUS,2154
30-Sep-25,SUB_ICB,99F,E38000030,NHS Mid and South Essex ICB - 99F,PALLIATIVE_CARE,550
30-Sep-25,SUB_ICB,99F,E38000030,NHS Mid and South Essex ICB - 99F,COMORBIDITIES,1635
30-Sep-25,SUB_ICB,99F,E38000030,NHS Mid and South Essex ICB - 99F,DEMENTIA_REGISTER_65_PLUS,2231
30-Sep-25,SUB_ICB,99G,E38000168,NHS Mid and South Essex ICB - 99G,PALLIATIVE_CARE,670
30-Sep-25,SUB_ICB,99G,E38000168,NHS Mid and South Essex ICB - 99G,COMORBIDITIES,1565
30-Sep-25,SUB_ICB,99G,E38000168,NHS Mid and South Essex ICB - 99G,DEMENTIA_REGISTER_65_PLUS,2128
30-Sep-25,SUB_ICB,26A,E38000239,NHS Norfolk and Waveney ICB - 26A,PALLIATIVE_CARE,1175
30-Sep-25,SUB_ICB,26A,E38000239,NHS Norfolk and Waveney ICB - 26A,COMORBIDITIES,8600
30-Sep-25,SUB_ICB,26A,E38000239,NHS Norfolk and Waveney ICB - 26A,DEMENTIA_REGISTER_65_PLUS,11809
30-Sep-25,SUB_ICB,93C,E38000240,NHS North Central London ICB - 93C,PALLIATIVE_CARE,1460
30-Sep-25,SUB_ICB,93C,E38000240,NHS North Central London ICB - 93C,COMORBIDITIES,7025
30-Sep-25,SUB_ICB,93C,E38000240,NHS North Central London ICB - 93C,DEMENTIA_REGISTER_65_PLUS,9103
30-Sep-25,SUB_ICB,A3A8R,E38000255,NHS North East London ICB - A3A8R,PALLIATIVE_CARE,2450
30-Sep-25,SUB_ICB,A3A8R,E38000255,NHS North East London ICB - A3A8R,COMORBIDITIES,6990
30-Sep-25,SUB_ICB,A3A8R,E38000255,NHS North East London ICB - A3A8R,DEMENTIA_REGISTER_65_PLUS,8789
30-Sep-25,SUB_ICB,00L,E38000130,NHS North East and North Cumbria ICB - 00L,PALLIATIVE_CARE,545
30-Sep-25,SUB_ICB,00L,E38000130,NHS North East and North Cumbria ICB - 00L,COMORBIDITIES,2670
30-Sep-25,SUB_ICB,00L,E38000130,NHS North East and North Cumbria ICB - 00L,DEMENTIA_REGISTER_65_PLUS,3653
30-Sep-25,SUB_ICB,00N,E38000163,NHS North East and North Cumbria ICB - 00N,COMORBIDITIES,1120
30-Sep-25,SUB_ICB,00N,E38000163,NHS North East and North Cumbria ICB - 00N,PALLIATIVE_CARE,355
30-Sep-25,SUB_ICB,00N,E38000163,NHS North East and North Cumbria ICB - 00N,DEMENTIA_REGISTER_65_PLUS,1507
30-Sep-25,SUB_ICB,00P,E38000176,NHS North East and North Cumbria ICB - 00P,COMORBIDITIES,1905
30-Sep-25,SUB_ICB,00P,E38000176,NHS North East and North Cumbria ICB - 00P,PALLIATIVE_CARE,340
30-Sep-25,SUB_ICB,00P,E38000176,NHS North East and North Cumbria ICB - 00P,DEMENTIA_REGISTER_65_PLUS,2546
30-Sep-25,SUB_ICB,01H,E38000215,NHS North East and North Cumbria ICB - 01H,COMORBIDITIES,2290
30-Sep-25,SUB_ICB,01H,E38000215,NHS North East and North Cumbria ICB - 01H,PALLIATIVE_CARE,485
30-Sep-25,SUB_ICB,01H,E38000215,NHS North East and North Cumbria ICB - 01H,DEMENTIA_REGISTER_65_PLUS,3051
30-Sep-25,SUB_ICB,13T,E38000212,NHS North East and North Cumbria ICB - 13T,PALLIATIVE_CARE,650
30-Sep-25,SUB_ICB,13T,E38000212,NHS North East and North Cumbria ICB - 13T,COMORBIDITIES,3155
30-Sep-25,SUB_ICB,13T,E38000212,NHS North East and North Cumbria ICB - 13T,DEMENTIA_REGISTER_65_PLUS,4180
30-Sep-25,SUB_ICB,16C,E38000247,NHS North East and North Cumbria ICB - 16C,PALLIATIVE_CARE,1015
30-Sep-25,SUB_ICB,16C,E38000247,NHS North East and North Cumbria ICB - 16C,COMORBIDITIES,5045
30-Sep-25,SUB_ICB,16C,E38000247,NHS North East and North Cumbria ICB - 16C,DEMENTIA_REGISTER_65_PLUS,6657
30-Sep-25,SUB_ICB,84H,E38000234,NHS North East and North Cumbria ICB - 84H,PALLIATIVE_CARE,1230
30-Sep-25,SUB_ICB,84H,E38000234,NHS North East and North Cumbria ICB - 84H,COMORBIDITIES,4295
30-Sep-25,SUB_ICB,84H,E38000234,NHS North East and North Cumbria ICB - 84H,DEMENTIA_REGISTER_65_PLUS,5486
30-Sep-25,SUB_ICB,99C,E38000127,NHS North East and North Cumbria ICB - 99C,COMORBIDITIES,1645
30-Sep-25,SUB_ICB,99C,E38000127,NHS North East and North Cumbria ICB - 99C,PALLIATIVE_CARE,495
30-Sep-25,SUB_ICB,99C,E38000127,NHS North East and North Cumbria ICB - 99C,DEMENTIA_REGISTER_65_PLUS,2194
30-Sep-25,SUB_ICB,W2U3Z,E38000256,NHS North West London ICB - W2U3Z,PALLIATIVE_CARE,3250
30-Sep-25,SUB_ICB,W2U3Z,E38000256,NHS North West London ICB - W2U3Z,COMORBIDITIES,10500
30-Sep-25,SUB_ICB,W2U3Z,E38000256,NHS North West London ICB - W2U3Z,DEMENTIA_REGISTER_65_PLUS,13220
30-Sep-25,SUB_ICB,78H,E38000262,NHS Northamptonshire ICB - 78H,PALLIATIVE_CARE,545
30-Sep-25,SUB_ICB,78H,E38000262,NHS Northamptonshire ICB - 78H,COMORBIDITIES,4715
30-Sep-25,SUB_ICB,78H,E38000262,NHS Northamptonshire ICB - 78H,DEMENTIA_REGISTER_65_PLUS,6233
30-Sep-25,SUB_ICB,02Q,E38000008,NHS Nottingham and Nottinghamshire ICB - 02Q,COMORBIDITIES,990
30-Sep-25,SUB_ICB,02Q,E38000008,NHS Nottingham and Nottinghamshire ICB - 02Q,PALLIATIVE_CARE,380
30-Sep-25,SUB_ICB,02Q,E38000008,NHS Nottingham and Nottinghamshire ICB - 02Q,DEMENTIA_REGISTER_65_PLUS,1380
30-Sep-25,SUB_ICB,52R,E38000243,NHS Nottingham and Nottinghamshire ICB - 52R,PALLIATIVE_CARE,3260
30-Sep-25,SUB_ICB,52R,E38000243,NHS Nottingham and Nottinghamshire ICB - 52R,COMORBIDITIES,6660
30-Sep-25,SUB_ICB,52R,E38000243,NHS Nottingham and Nottinghamshire ICB - 52R,DEMENTIA_REGISTER_65_PLUS,9183
30-Sep-25,SUB_ICB,M2L0M,E38000257,"NHS Shropshire, Telford and Wrekin ICB - M2L0M",PALLIATIVE_CARE,495
30-Sep-25,SUB_ICB,M2L0M,E38000257,"NHS Shropshire, Telford and Wrekin ICB - M2L0M",COMORBIDITIES,3670
30-Sep-25,SUB_ICB,M2L0M,E38000257,"NHS Shropshire, Telford and Wrekin ICB - M2L0M",DEMENTIA_REGISTER_65_PLUS,5074
30-Sep-25,SUB_ICB,11X,E38000150,NHS Somerset ICB - 11X,PALLIATIVE_CARE,585
30-Sep-25,SUB_ICB,11X,E38000150,NHS Somerset ICB - 11X,COMORBIDITIES,4215
30-Sep-25,SUB_ICB,11X,E38000150,NHS Somerset ICB - 11X,DEMENTIA_REGISTER_65_PLUS,5804
30-Sep-25,SUB_ICB,72Q,E38000244,NHS South East London ICB - 72Q,PALLIATIVE_CARE,2420
30-Sep-25,SUB_ICB,72Q,E38000244,NHS South East London ICB - 72Q,COMORBIDITIES,8485
30-Sep-25,SUB_ICB,72Q,E38000244,NHS South East London ICB - 72Q,DEMENTIA_REGISTER_65_PLUS,11087
30-Sep-25,SUB_ICB,36L,E38000245,NHS South West London ICB - 36L,PALLIATIVE_CARE,2260
30-Sep-25,SUB_ICB,36L,E38000245,NHS South West London ICB - 36L,COMORBIDITIES,8105
30-Sep-25,SUB_ICB,36L,E38000245,NHS South West London ICB - 36L,DEMENTIA_REGISTER_65_PLUS,11009
30-Sep-25,SUB_ICB,02P,E38000006,NHS South Yorkshire ICB - 02P,PALLIATIVE_CARE,475
30-Sep-25,SUB_ICB,02P,E38000006,NHS South Yorkshire ICB - 02P,COMORBIDITIES,1735
30-Sep-25,SUB_ICB,02P,E38000006,NHS South Yorkshire ICB - 02P,DEMENTIA_REGISTER_65_PLUS,2358
30-Sep-25,SUB_ICB,02X,E38000044,NHS South Yorkshire ICB - 02X,COMORBIDITIES,2050
30-Sep-25,SUB_ICB,02X,E38000044,NHS South Yorkshire ICB - 02X,PALLIATIVE_CARE,365
30-Sep-25,SUB_ICB,02X,E38000044,NHS South Yorkshire ICB - 02X,DEMENTIA_REGISTER_65_PLUS,2729
30-Sep-25,SUB_ICB,03L,E38000141,NHS South Yorkshire ICB - 03L,COMORBIDITIES,2315
30-Sep-25,SUB_ICB,03L,E38000141,NHS South Yorkshire ICB - 03L,PALLIATIVE_CARE,280
30-Sep-25,SUB_ICB,03L,E38000141,NHS South Yorkshire ICB - 03L,DEMENTIA_REGISTER_65_PLUS,3028
30-Sep-25,SUB_ICB,03N,E38000146,NHS South Yorkshire ICB - 03N,COMORBIDITIES,3640
30-Sep-25,SUB_ICB,03N,E38000146,NHS South Yorkshire ICB - 03N,PALLIATIVE_CARE,1090
30-Sep-25,SUB_ICB,03N,E38000146,NHS South Yorkshire ICB - 03N,DEMENTIA_REGISTER_65_PLUS,4819
30-Sep-25,SUB_ICB,04Y,E38000028,NHS Staffordshire and Stoke-on-Trent ICB - 04Y,PALLIATIVE_CARE,395
30-Sep-25,SUB_ICB,04Y,E38000028,NHS Staffordshire and Stoke-on-Trent ICB - 04Y,COMORBIDITIES,1075
30-Sep-25,SUB_ICB,04Y,E38000028,NHS Staffordshire and Stoke-on-Trent ICB - 04Y,DEMENTIA_REGISTER_65_PLUS,1453
30-Sep-25,SUB_ICB,05D,E38000053,NHS Staffordshire and Stoke-on-Trent ICB - 05D,COMORBIDITIES,860
30-Sep-25,SUB_ICB,05D,E38000053,NHS Staffordshire and Stoke-on-Trent ICB - 05D,PALLIATIVE_CARE,425
30-Sep-25,SUB_ICB,05D,E38000053,NHS Staffordshire and Stoke-on-Trent ICB - 05D,DEMENTIA_REGISTER_65_PLUS,1199
30-Sep-25,SUB_ICB,05G,E38000126,NHS Staffordshire and Stoke-on-Trent ICB - 05G,COMORBIDITIES,2080
30-Sep-25,SUB_ICB,05G,E38000126,NHS Staffordshire and Stoke-on-Trent ICB - 05G,PALLIATIVE_CARE,560
30-Sep-25,SUB_ICB,05G,E38000126,NHS Staffordshire and Stoke-on-Trent ICB - 05G,DEMENTIA_REGISTER_65_PLUS,2735
30-Sep-25,SUB_ICB,05Q,E38000153,NHS Staffordshire and Stoke-on-Trent ICB - 05Q,PALLIATIVE_CARE,620
30-Sep-25,SUB_ICB,05Q,E38000153,NHS Staffordshire and Stoke-on-Trent ICB - 05Q,COMORBIDITIES,1555
30-Sep-25,SUB_ICB,05Q,E38000153,NHS Staffordshire and Stoke-on-Trent ICB - 05Q,DEMENTIA_REGISTER_65_PLUS,2174
30-Sep-25,SUB_ICB,05V,E38000173,NHS Staffordshire and Stoke-on-Trent ICB - 05V,PALLIATIVE_CARE,430
30-Sep-25,SUB_ICB,05V,E38000173,NHS Staffordshire and Stoke-on-Trent ICB - 05V,COMORBIDITIES,1080
30-Sep-25,SUB_ICB,05V,E38000173,NHS Staffordshire and Stoke-on-Trent ICB - 05V,DEMENTIA_REGISTER_65_PLUS,1483
30-Sep-25,SUB_ICB,05W,E38000175,NHS Staffordshire and Stoke-on-Trent ICB - 05W,PALLIATIVE_CARE,760
30-Sep-25,SUB_ICB,05W,E38000175,NHS Staffordshire and Stoke-on-Trent ICB - 05W,COMORBIDITIES,2485
30-Sep-25,SUB_ICB,05W,E38000175,NHS Staffordshire and Stoke-on-Trent ICB - 05W,DEMENTIA_REGISTER_65_PLUS,3115
30-Sep-25,SUB_ICB,06L,E38000086,NHS Suffolk and North East Essex ICB - 06L,PALLIATIVE_CARE,540
30-Sep-25,SUB_ICB,06L,E38000086,NHS Suffolk and North East Essex ICB - 06L,COMORBIDITIES,2910
30-Sep-25,SUB_ICB,06L,E38000086,NHS Suffolk and North East Essex ICB - 06L,DEMENTIA_REGISTER_65_PLUS,3998
30-Sep-25,SUB_ICB,06T,E38000117,NHS Suffolk and North East Essex ICB - 06T,COMORBIDITIES,2790
30-Sep-25,SUB_ICB,06T,E38000117,NHS Suffolk and North East Essex ICB - 06T,PALLIATIVE_CARE,1465
30-Sep-25,SUB_ICB,06T,E38000117,NHS Suffolk and North East Essex ICB - 06T,DEMENTIA_REGISTER_65_PLUS,3853
30-Sep-25,SUB_ICB,07K,E38000204,NHS Suffolk and North East Essex ICB - 07K,COMORBIDITIES,1660
30-Sep-25,SUB_ICB,07K,E38000204,NHS Suffolk and North East Essex ICB - 07K,PALLIATIVE_CARE,290
30-Sep-25,SUB_ICB,07K,E38000204,NHS Suffolk and North East Essex ICB - 07K,DEMENTIA_REGISTER_65_PLUS,2326
30-Sep-25,SUB_ICB,92A,E38000264,NHS Surrey Heartlands ICB - 92A,COMORBIDITIES,7265
30-Sep-25,SUB_ICB,92A,E38000264,NHS Surrey Heartlands ICB - 92A,PALLIATIVE_CARE,1060
30-Sep-25,SUB_ICB,92A,E38000264,NHS Surrey Heartlands ICB - 92A,DEMENTIA_REGISTER_65_PLUS,10427
30-Sep-25,SUB_ICB,09D,E38000021,NHS Sussex ICB - 09D,PALLIATIVE_CARE,210
30-Sep-25,SUB_ICB,09D,E38000021,NHS Sussex ICB - 09D,COMORBIDITIES,1310
30-Sep-25,SUB_ICB,09D,E38000021,NHS Sussex ICB - 09D,DEMENTIA_REGISTER_65_PLUS,1910
30-Sep-25,SUB_ICB,70F,E38000265,NHS Sussex ICB - 70F,COMORBIDITIES,6850
30-Sep-25,SUB_ICB,70F,E38000265,NHS Sussex ICB - 70F,PALLIATIVE_CARE,1430
30-Sep-25,SUB_ICB,70F,E38000265,NHS Sussex ICB - 70F,DEMENTIA_REGISTER_65_PLUS,9924
30-Sep-25,SUB_ICB,97R,E38000235,NHS Sussex ICB - 97R,COMORBIDITIES,4345
30-Sep-25,SUB_ICB,97R,E38000235,NHS Sussex ICB - 97R,PALLIATIVE_CARE,845
30-Sep-25,SUB_ICB,97R,E38000235,NHS Sussex ICB - 97R,DEMENTIA_REGISTER_65_PLUS,6333
30-Sep-25,SUB_ICB,02T,E38000025,NHS West Yorkshire ICB - 02T,PALLIATIVE_CARE,415
30-Sep-25,SUB_ICB,02T,E38000025,NHS West Yorkshire ICB - 02T,COMORBIDITIES,1315
30-Sep-25,SUB_ICB,02T,E38000025,NHS West Yorkshire ICB - 02T,DEMENTIA_REGISTER_65_PLUS,1823
30-Sep-25,SUB_ICB,03R,E38000190,NHS West Yorkshire ICB - 03R,COMORBIDITIES,2320
30-Sep-25,SUB_ICB,03R,E38000190,NHS West Yorkshire ICB - 03R,PALLIATIVE_CARE,685
30-Sep-25,SUB_ICB,03R,E38000190,NHS West Yorkshire ICB - 03R,DEMENTIA_REGISTER_65_PLUS,3111
30-Sep-25,SUB_ICB,15F,E38000225,NHS West Yorkshire ICB - 15F,PALLIATIVE_CARE,1315
30-Sep-25,SUB_ICB,15F,E38000225,NHS West Yorkshire ICB - 15F,COMORBIDITIES,5165
30-Sep-25,SUB_ICB,15F,E38000225,NHS West Yorkshire ICB - 15F,DEMENTIA_REGISTER_65_PLUS,6863
30-Sep-25,SUB_ICB,36J,E38000232,NHS West Yorkshire ICB - 36J,PALLIATIVE_CARE,1670
30-Sep-25,SUB_ICB,36J,E38000232,NHS West Yorkshire ICB - 36J,COMORBIDITIES,3740
30-Sep-25,SUB_ICB,36J,E38000232,NHS West Yorkshire ICB - 36J,DEMENTIA_REGISTER_65_PLUS,5011
30-Sep-25,SUB_ICB,X2C4Y,E38000254,NHS West Yorkshire ICB - X2C4Y,COMORBIDITIES,2470
30-Sep-25,SUB_ICB,X2C4Y,E38000254,NHS West Yorkshire ICB - X2C4Y,PALLIATIVE_CARE,880
30-Sep-25,SUB_ICB,X2C4Y,E38000254,NHS West Yorkshire ICB - X2C4Y,DEMENTIA_REGISTER_65_PLUS,3373
31-Aug-25,COUNTRY,ENG,E92000001,ENGLAND,PALLIATIVE_CARE,96278
31-Aug-25,COUNTRY,ENG,E92000001,ENGLAND,COMORBIDITIES,363044
31-Aug-25,COUNTRY,ENG,E92000001,ENGLAND,DEMENTIA_REGISTER_65_PLUS,493433
31-Aug-25,ICB,QOX,E54000040,"NHS Bath and North East Somerset, Swindon and Wiltshire Integrated Care Board",PALLIATIVE_CARE,750
31-Aug-25,ICB,QOX,E54000040,"NHS Bath and North East Somerset, Swindon and Wiltshire Integrated Care Board",COMORBIDITIES,6277
31-Aug-25,ICB,QOX,E54000040,"NHS Bath and North East Somerset, Swindon and Wiltshire Integrated Care Board",DEMENTIA_REGISTER_65_PLUS,8669
31-Aug-25,ICB,QHG,E54000024,"NHS Bedfordshire, Luton and Milton Keynes Integrated Care Board",COMORBIDITIES,5727
31-Aug-25,ICB,QHG,E54000024,"NHS Bedfordshire, Luton and Milton Keynes Integrated Care Board",PALLIATIVE_CARE,1106
31-Aug-25,ICB,QHG,E54000024,"NHS Bedfordshire, Luton and Milton Keynes Integrated Care Board",DEMENTIA_REGISTER_65_PLUS,7549
31-Aug-25,ICB,QHL,E54000055,NHS Birmingham and Solihull Integrated Care Board,COMORBIDITIES,7075
31-Aug-25,ICB,QHL,E54000055,NHS Birmingham and Solihull Integrated Care Board,PALLIATIVE_CARE,2161
31-Aug-25,ICB,QHL,E54000055,NHS Birmingham and Solihull Integrated Care Board,DEMENTIA_REGISTER_65_PLUS,9394
31-Aug-25,ICB,QUA,E54000062,NHS Black Country Integrated Care Board,COMORBIDITIES,7619
31-Aug-25,ICB,QUA,E54000062,NHS Black Country Integrated Care Board,PALLIATIVE_CARE,2922
31-Aug-25,ICB,QUA,E54000062,NHS Black Country Integrated Care Board,DEMENTIA_REGISTER_65_PLUS,9839
31-Aug-25,ICB,QUY,E54000039,"NHS Bristol, North Somerset and South Gloucestershire Integrated Care Board",PALLIATIVE_CARE,1001
31-Aug-25,ICB,QUY,E54000039,"NHS Bristol, North Somerset and South Gloucestershire Integrated Care Board",COMORBIDITIES,6318
31-Aug-25,ICB,QUY,E54000039,"NHS Bristol, North Somerset and South Gloucestershire Integrated Care Board",DEMENTIA_REGISTER_65_PLUS,8662
31-Aug-25,ICB,QU9,E54000044,"NHS Buckinghamshire, Oxfordshire and Berkshire West Integrated Care Board",COMORBIDITIES,10531
31-Aug-25,ICB,QU9,E54000044,"NHS Buckinghamshire, Oxfordshire and Berkshire West Integrated Care Board",PALLIATIVE_CARE,2172
31-Aug-25,ICB,QU9,E54000044,"NHS Buckinghamshire, Oxfordshire and Berkshire West Integrated Care Board",DEMENTIA_REGISTER_65_PLUS,14958
31-Aug-25,ICB,QUE,E54000056,NHS Cambridgeshire and Peterborough Integrated Care Board,COMORBIDITIES,5206
31-Aug-25,ICB,QUE,E54000056,NHS Cambridgeshire and Peterborough Integrated Care Board,PALLIATIVE_CARE,1050
31-Aug-25,ICB,QUE,E54000056,NHS Cambridgeshire and Peterborough Integrated Care Board,DEMENTIA_REGISTER_65_PLUS,7038
31-Aug-25,ICB,QYG,E54000008,NHS Cheshire and Merseyside Integrated Care Board,COMORBIDITIES,17795
31-Aug-25,ICB,QYG,E54000008,NHS Cheshire and Merseyside Integrated Care Board,PALLIATIVE_CARE,5879
31-Aug-25,ICB,QYG,E54000008,NHS Cheshire and Merseyside Integrated Care Board,DEMENTIA_REGISTER_65_PLUS,24130
31-Aug-25,ICB,QT6,E54000036,NHS Cornwall and the Isles of Scilly Integrated Care Board,PALLIATIVE_CARE,391
31-Aug-25,ICB,QT6,E54000036,NHS Cornwall and the Isles of Scilly Integrated Care Board,COMORBIDITIES,4423
31-Aug-25,ICB,QT6,E54000036,NHS Cornwall and the Isles of Scilly Integrated Care Board,DEMENTIA_REGISTER_65_PLUS,6229
31-Aug-25,ICB,QWU,E54000018,NHS Coventry and Warwickshire Integrated Care Board,COMORBIDITIES,5466
31-Aug-25,ICB,QWU,E54000018,NHS Coventry and Warwickshire Integrated Care Board,PALLIATIVE_CARE,1110
31-Aug-25,ICB,QWU,E54000018,NHS Coventry and Warwickshire Integrated Care Board,DEMENTIA_REGISTER_65_PLUS,7547
31-Aug-25,ICB,QJ2,E54000058,NHS Derby and Derbyshire Integrated Care Board,PALLIATIVE_CARE,2468
31-Aug-25,ICB,QJ2,E54000058,NHS Derby and Derbyshire Integrated Care Board,COMORBIDITIES,7749
31-Aug-25,ICB,QJ2,E54000058,NHS Derby and Derbyshire Integrated Care Board,DEMENTIA_REGISTER_65_PLUS,10478
31-Aug-25,ICB,QJK,E54000037,NHS Devon Integrated Care Board,PALLIATIVE_CARE,1275
31-Aug-25,ICB,QJK,E54000037,NHS Devon Integrated Care Board,COMORBIDITIES,8892
31-Aug-25,ICB,QJK,E54000037,NHS Devon Integrated Care Board,DEMENTIA_REGISTER_65_PLUS,12386
31-Aug-25,ICB,QVV,E54000041,NHS Dorset Integrated Care Board,PALLIATIVE_CARE,2152
31-Aug-25,ICB,QVV,E54000041,NHS Dorset Integrated Care Board,COMORBIDITIES,5921
31-Aug-25,ICB,QVV,E54000041,NHS Dorset Integrated Care Board,DEMENTIA_REGISTER_65_PLUS,8472
31-Aug-25,ICB,QNQ,E54000034,NHS Frimley Integrated Care Board,PALLIATIVE_CARE,908
31-Aug-25,ICB,QNQ,E54000034,NHS Frimley Integrated Care Board,COMORBIDITIES,4522
31-Aug-25,ICB,QNQ,E54000034,NHS Frimley Integrated Care Board,DEMENTIA_REGISTER_65_PLUS,6186
31-Aug-25,ICB,QR1,E54000043,NHS Gloucestershire Integrated Care Board,PALLIATIVE_CARE,1180
31-Aug-25,ICB,QR1,E54000043,NHS Gloucestershire Integrated Care Board,COMORBIDITIES,4835
31-Aug-25,ICB,QR1,E54000043,NHS Gloucestershire Integrated Care Board,DEMENTIA_REGISTER_65_PLUS,6746
31-Aug-25,ICB,QOP,E54000057,NHS Greater Manchester Integrated Care Board,COMORBIDITIES,17293
31-Aug-25,ICB,QOP,E54000057,NHS Greater Manchester Integrated Care Board,PALLIATIVE_CARE,4769
31-Aug-25,ICB,QOP,E54000057,NHS Greater Manchester Integrated Care Board,DEMENTIA_REGISTER_65_PLUS,23163
31-Aug-25,ICB,QRL,E54000042,NHS Hampshire and Isle of Wight Integrated Care Board,PALLIATIVE_CARE,2373
31-Aug-25,ICB,QRL,E54000042,NHS Hampshire and Isle of Wight Integrated Care Board,COMORBIDITIES,12851
31-Aug-25,ICB,QRL,E54000042,NHS Hampshire and Isle of Wight Integrated Care Board,DEMENTIA_REGISTER_65_PLUS,17827
31-Aug-25,ICB,QGH,E54000019,NHS Herefordshire and Worcestershire Integrated Care Board,COMORBIDITIES,5230
31-Aug-25,ICB,QGH,E54000019,NHS Herefordshire and Worcestershire Integrated Care Board,PALLIATIVE_CARE,2062
31-Aug-25,ICB,QGH,E54000019,NHS Herefordshire and Worcestershire Integrated Care Board,DEMENTIA_REGISTER_65_PLUS,7375
31-Aug-25,ICB,QM7,E54000025,NHS Hertfordshire and West Essex Integrated Care Board,COMORBIDITIES,9450
31-Aug-25,ICB,QM7,E54000025,NHS Hertfordshire and West Essex Integrated Care Board,PALLIATIVE_CARE,3695
31-Aug-25,ICB,QM7,E54000025,NHS Hertfordshire and West Essex Integrated Care Board,DEMENTIA_REGISTER_65_PLUS,12998
31-Aug-25,ICB,QOQ,E54000051,NHS Humber and North Yorkshire Integrated Care Board,PALLIATIVE_CARE,3436
31-Aug-25,ICB,QOQ,E54000051,NHS Humber and North Yorkshire Integrated Care Board,COMORBIDITIES,11884
31-Aug-25,ICB,QOQ,E54000051,NHS Humber and North Yorkshire Integrated Care Board,DEMENTIA_REGISTER_65_PLUS,16369
31-Aug-25,ICB,QKS,E54000032,NHS Kent and Medway Integrated Care Board,COMORBIDITIES,11787
31-Aug-25,ICB,QKS,E54000032,NHS Kent and Medway Integrated Care Board,PALLIATIVE_CARE,2820
31-Aug-25,ICB,QKS,E54000032,NHS Kent and Medway Integrated Care Board,DEMENTIA_REGISTER_65_PLUS,16321
31-Aug-25,ICB,QE1,E54000048,NHS Lancashire and South Cumbria Integrated Care Board,COMORBIDITIES,12165
31-Aug-25,ICB,QE1,E54000048,NHS Lancashire and South Cumbria Integrated Care Board,PALLIATIVE_CARE,4268
31-Aug-25,ICB,QE1,E54000048,NHS Lancashire and South Cumbria Integrated Care Board,DEMENTIA_REGISTER_65_PLUS,16681
31-Aug-25,ICB,QK1,E54000015,"NHS Leicester, Leicestershire and Rutland Integrated Care Board",COMORBIDITIES,6717
31-Aug-25,ICB,QK1,E54000015,"NHS Leicester, Leicestershire and Rutland Integrated Care Board",PALLIATIVE_CARE,2349
31-Aug-25,ICB,QK1,E54000015,"NHS Leicester, Leicestershire and Rutland Integrated Care Board",DEMENTIA_REGISTER_65_PLUS,9124
31-Aug-25,ICB,QJM,E54000013,NHS Lincolnshire Integrated Care Board,COMORBIDITIES,6602
31-Aug-25,ICB,QJM,E54000013,NHS Lincolnshire Integrated Care Board,PALLIATIVE_CARE,1996
31-Aug-25,ICB,QJM,E54000013,NHS Lincolnshire Integrated Care Board,DEMENTIA_REGISTER_65_PLUS,8882
31-Aug-25,ICB,QH8,E54000026,NHS Mid and South Essex Integrated Care Board,PALLIATIVE_CARE,2555
31-Aug-25,ICB,QH8,E54000026,NHS Mid and South Essex Integrated Care Board,COMORBIDITIES,8274
31-Aug-25,ICB,QH8,E54000026,NHS Mid and South Essex Integrated Care Board,DEMENTIA_REGISTER_65_PLUS,11301
31-Aug-25,ICB,QMM,E54000022,NHS Norfolk and Waveney Integrated Care Board,PALLIATIVE_CARE,1156
31-Aug-25,ICB,QMM,E54000022,NHS Norfolk and Waveney Integrated Care Board,COMORBIDITIES,8531
31-Aug-25,ICB,QMM,E54000022,NHS Norfolk and Waveney Integrated Care Board,DEMENTIA_REGISTER_65_PLUS,11716
31-Aug-25,ICB,QMJ,E54000028,NHS North Central London Integrated Care Board,PALLIATIVE_CARE,1472
31-Aug-25,ICB,QMJ,E54000028,NHS North Central London Integrated Care Board,COMORBIDITIES,7031
31-Aug-25,ICB,QMJ,E54000028,NHS North Central London Integrated Care Board,DEMENTIA_REGISTER_65_PLUS,9103
31-Aug-25,ICB,QMF,E54000029,NHS North East London Integrated Care Board,PALLIATIVE_CARE,2434
31-Aug-25,ICB,QMF,E54000029,NHS North East London Integrated Care Board,COMORBIDITIES,6932
31-Aug-25,ICB,QMF,E54000029,NHS North East London Integrated Care Board,DEMENTIA_REGISTER_65_PLUS,8717
31-Aug-25,ICB,QHM,E54000050,NHS North East and North Cumbria Integrated Care Board,COMORBIDITIES,22013
31-Aug-25,ICB,QHM,E54000050,NHS North East and North Cumbria Integrated Care Board,PALLIATIVE_CARE,5076
31-Aug-25,ICB,QHM,E54000050,NHS North East and North Cumbria Integrated Care Board,DEMENTIA_REGISTER_65_PLUS,29138
31-Aug-25,ICB,QRV,E54000027,NHS North West London Integrated Care Board,PALLIATIVE_CARE,3199
31-Aug-25,ICB,QRV,E54000027,NHS North West London Integrated Care Board,COMORBIDITIES,10485
31-Aug-25,ICB,QRV,E54000027,NHS North West London Integrated Care Board,DEMENTIA_REGISTER_65_PLUS,13183
31-Aug-25,ICB,QPM,E54000059,NHS Northamptonshire Integrated Care Board,PALLIATIVE_CARE,530
31-Aug-25,ICB,QPM,E54000059,NHS Northamptonshire Integrated Care Board,COMORBIDITIES,4663
31-Aug-25,ICB,QPM,E54000059,NHS Northamptonshire Integrated Care Board,DEMENTIA_REGISTER_65_PLUS,6168
31-Aug-25,ICB,QT1,E54000060,NHS Nottingham and Nottinghamshire Integrated Care Board,PALLIATIVE_CARE,3590
31-Aug-25,ICB,QT1,E54000060,NHS Nottingham and Nottinghamshire Integrated Care Board,COMORBIDITIES,7621
31-Aug-25,ICB,QT1,E54000060,NHS Nottingham and Nottinghamshire Integrated Care Board,DEMENTIA_REGISTER_65_PLUS,10535
31-Aug-25,ICB,QOC,E54000011,"NHS Shropshire, Telford and Wrekin Integrated Care Board",COMORBIDITIES,3663
31-Aug-25,ICB,QOC,E54000011,"NHS Shropshire, Telford and Wrekin Integrated Care Board",PALLIATIVE_CARE,500
31-Aug-25,ICB,QOC,E54000011,"NHS Shropshire, Telford and Wrekin Integrated Care Board",DEMENTIA_REGISTER_65_PLUS,5064
31-Aug-25,ICB,QSL,E54000038,NHS Somerset Integrated Care Board,PALLIATIVE_CARE,578
31-Aug-25,ICB,QSL,E54000038,NHS Somerset Integrated Care Board,COMORBIDITIES,4154
31-Aug-25,ICB,QSL,E54000038,NHS Somerset Integrated Care Board,DEMENTIA_REGISTER_65_PLUS,5725
31-Aug-25,ICB,QKK,E54000030,NHS South East London Integrated Care Board,COMORBIDITIES,8457
31-Aug-25,ICB,QKK,E54000030,NHS South East London Integrated Care Board,PALLIATIVE_CARE,2375
31-Aug-25,ICB,QKK,E54000030,NHS South East London Integrated Care Board,DEMENTIA_REGISTER_65_PLUS,11038
31-Aug-25,ICB,QWE,E54000031,NHS South West London Integrated Care Board,PALLIATIVE_CARE,2262
31-Aug-25,ICB,QWE,E54000031,NHS South West London Integrated Care Board,COMORBIDITIES,8085
31-Aug-25,ICB,QWE,E54000031,NHS South West London Integrated Care Board,DEMENTIA_REGISTER_65_PLUS,10955
31-Aug-25,ICB,QF7,E54000061,NHS South Yorkshire Integrated Care Board,COMORBIDITIES,9675
31-Aug-25,ICB,QF7,E54000061,NHS South Yorkshire Integrated Care Board,PALLIATIVE_CARE,2194
31-Aug-25,ICB,QF7,E54000061,NHS South Yorkshire Integrated Care Board,DEMENTIA_REGISTER_65_PLUS,12886
31-Aug-25,ICB,QNC,E54000010,NHS Staffordshire and Stoke-on-Trent Integrated Care Board,PALLIATIVE_CARE,3172
31-Aug-25,ICB,QNC,E54000010,NHS Staffordshire and Stoke-on-Trent Integrated Care Board,COMORBIDITIES,9054
31-Aug-25,ICB,QNC,E54000010,NHS Staffordshire and Stoke-on-Trent Integrated Care Board,DEMENTIA_REGISTER_65_PLUS,12082
31-Aug-25,ICB,QJG,E54000023,NHS Suffolk and North East Essex Integrated Care Board,PALLIATIVE_CARE,2297
31-Aug-25,ICB,QJG,E54000023,NHS Suffolk and North East Essex Integrated Care Board,COMORBIDITIES,7347
31-Aug-25,ICB,QJG,E54000023,NHS Suffolk and North East Essex Integrated Care Board,DEMENTIA_REGISTER_65_PLUS,10163
31-Aug-25,ICB,QXU,E54000063,NHS Surrey Heartlands ICB,COMORBIDITIES,7254
31-Aug-25,ICB,QXU,E54000063,NHS Surrey Heartlands ICB,PALLIATIVE_CARE,1070
31-Aug-25,ICB,QXU,E54000063,NHS Surrey Heartlands ICB,DEMENTIA_REGISTER_65_PLUS,10404
31-Aug-25,ICB,QNX,E54000064,NHS Sussex ICB,COMORBIDITIES,12499
31-Aug-25,ICB,QNX,E54000064,NHS Sussex ICB,PALLIATIVE_CARE,2578
31-Aug-25,ICB,QNX,E54000064,NHS Sussex ICB,DEMENTIA_REGISTER_65_PLUS,18118
31-Aug-25,ICB,QWO,E54000054,NHS West Yorkshire Integrated Care Board,PALLIATIVE_CARE,4947
31-Aug-25,ICB,QWO,E54000054,NHS West Yorkshire Integrated Care Board,COMORBIDITIES,14971
31-Aug-25,ICB,QWO,E54000054,NHS West Yorkshire Integrated Care Board,DEMENTIA_REGISTER_65_PLUS,20114
31-Aug-25,REGION,Y61,E40000013,East of England,PALLIATIVE_CARE,11859
31-Aug-25,REGION,Y61,E40000013,East of England,COMORBIDITIES,44535
31-Aug-25,REGION,Y61,E40000013,East of England,DEMENTIA_REGISTER_65_PLUS,60765
31-Aug-25,REGION,Y56,E40000003,London,COMORBIDITIES,40990
31-Aug-25,REGION,Y56,E40000003,London,PALLIATIVE_CARE,11742
31-Aug-25,REGION,Y56,E40000003,London,DEMENTIA_REGISTER_65_PLUS,52996
31-Aug-25,REGION,Y60,E40000011,Midlands,PALLIATIVE_CARE,22860
31-Aug-25,REGION,Y60,E40000011,Midlands,COMORBIDITIES,71459
31-Aug-25,REGION,Y60,E40000011,Midlands,DEMENTIA_REGISTER_65_PLUS,96488
31-Aug-25,REGION,Y63,E40000012,North East and Yorkshire,COMORBIDITIES,58543
31-Aug-25,REGION,Y63,E40000012,North East and Yorkshire,PALLIATIVE_CARE,15653
31-Aug-25,REGION,Y63,E40000012,North East and Yorkshire,DEMENTIA_REGISTER_65_PLUS,78507
31-Aug-25,REGION,Y62,E40000014,North West,COMORBIDITIES,47253
31-Aug-25,REGION,Y62,E40000014,North West,PALLIATIVE_CARE,14916
31-Aug-25,REGION,Y62,E40000014,North West,DEMENTIA_REGISTER_65_PLUS,63974
31-Aug-25,REGION,Y59,E40000005,South East,PALLIATIVE_CARE,11921
31-Aug-25,REGION,Y59,E40000005,South East,COMORBIDITIES,59444
31-Aug-25,REGION,Y59,E40000005,South East,DEMENTIA_REGISTER_65_PLUS,83814
31-Aug-25,REGION,Y58,E40000006,South West,COMORBIDITIES,40820
31-Aug-25,REGION,Y58,E40000006,South West,PALLIATIVE_CARE,7327
31-Aug-25,REGION,Y58,E40000006,South West,DEMENTIA_REGISTER_65_PLUS,56889
31-Aug-25,SUB_ICB,92G,E38000231,"NHS Bath and North East Somerset, Swindon and Wiltshire ICB - 92G",PALLIATIVE_CARE,750
31-Aug-25,SUB_ICB,92G,E38000231,"NHS Bath and North East Somerset, Swindon and Wiltshire ICB - 92G",COMORBIDITIES,6275
31-Aug-25,SUB_ICB,92G,E38000231,"NHS Bath and North East Somerset, Swindon and Wiltshire ICB - 92G",DEMENTIA_REGISTER_65_PLUS,8669
31-Aug-25,SUB_ICB,M1J4Y,E38000249,"NHS Bedfordshire, Luton and Milton Keynes ICB - M1J4Y",COMORBIDITIES,5725
31-Aug-25,SUB_ICB,M1J4Y,E38000249,"NHS Bedfordshire, Luton and Milton Keynes ICB - M1J4Y",PALLIATIVE_CARE,1105
31-Aug-25,SUB_ICB,M1J4Y,E38000249,"NHS Bedfordshire, Luton and Milton Keynes ICB - M1J4Y",DEMENTIA_REGISTER_65_PLUS,7549
31-Aug-25,SUB_ICB,15E,E38000258,NHS Birmingham and Solihull ICB - 15E,PALLIATIVE_CARE,2160
31-Aug-25,SUB_ICB,15E,E38000258,NHS Birmingham and Solihull ICB - 15E,COMORBIDITIES,7075
31-Aug-25,SUB_ICB,15E,E38000258,NHS Birmingham and Solihull ICB - 15E,DEMENTIA_REGISTER_65_PLUS,9394
31-Aug-25,SUB_ICB,D2P2L,E38000259,NHS Black Country ICB - D2P2L,COMORBIDITIES,7620
31-Aug-25,SUB_ICB,D2P2L,E38000259,NHS Black Country ICB - D2P2L,PALLIATIVE_CARE,2920
31-Aug-25,SUB_ICB,D2P2L,E38000259,NHS Black Country ICB - D2P2L,DEMENTIA_REGISTER_65_PLUS,9839
31-Aug-25,SUB_ICB,15C,E38000222,"NHS Bristol, North Somerset and South Gloucestershire ICB - 15C",COMORBIDITIES,6320
31-Aug-25,SUB_ICB,15C,E38000222,"NHS Bristol, North Somerset and South Gloucestershire ICB - 15C",PALLIATIVE_CARE,1000
31-Aug-25,SUB_ICB,15C,E38000222,"NHS Bristol, North Somerset and South Gloucestershire ICB - 15C",DEMENTIA_REGISTER_65_PLUS,8662
31-Aug-25,SUB_ICB,10Q,E38000136,"NHS Buckinghamshire, Oxfordshire and Berkshire West ICB - 10Q",COMORBIDITIES,4380
31-Aug-25,SUB_ICB,10Q,E38000136,"NHS Buckinghamshire, Oxfordshire and Berkshire West ICB - 10Q",PALLIATIVE_CARE,705
31-Aug-25,SUB_ICB,10Q,E38000136,"NHS Buckinghamshire, Oxfordshire and Berkshire West ICB - 10Q",DEMENTIA_REGISTER_65_PLUS,6344
31-Aug-25,SUB_ICB,14Y,E38000223,"NHS Buckinghamshire, Oxfordshire and Berkshire West ICB - 14Y",PALLIATIVE_CARE,705
31-Aug-25,SUB_ICB,14Y,E38000223,"NHS Buckinghamshire, Oxfordshire and Berkshire West ICB - 14Y",COMORBIDITIES,3220
31-Aug-25,SUB_ICB,14Y,E38000223,"NHS Buckinghamshire, Oxfordshire and Berkshire West ICB - 14Y",DEMENTIA_REGISTER_65_PLUS,4542
31-Aug-25,SUB_ICB,15A,E38000221,"NHS Buckinghamshire, Oxfordshire and Berkshire West ICB - 15A",COMORBIDITIES,2930
31-Aug-25,SUB_ICB,15A,E38000221,"NHS Buckinghamshire, Oxfordshire and Berkshire West ICB - 15A",PALLIATIVE_CARE,760
31-Aug-25,SUB_ICB,15A,E38000221,"NHS Buckinghamshire, Oxfordshire and Berkshire West ICB - 15A",DEMENTIA_REGISTER_65_PLUS,4072
31-Aug-25,SUB_ICB,06H,E38000260,NHS Cambridgeshire and Peterborough ICB - 06H,COMORBIDITIES,5205
31-Aug-25,SUB_ICB,06H,E38000260,NHS Cambridgeshire and Peterborough ICB - 06H,PALLIATIVE_CARE,1050
31-Aug-25,SUB_ICB,06H,E38000260,NHS Cambridgeshire and Peterborough ICB - 06H,DEMENTIA_REGISTER_65_PLUS,7038
31-Aug-25,SUB_ICB,01F,E38000068,NHS Cheshire and Merseyside ICB - 01F,PALLIATIVE_CARE,160
31-Aug-25,SUB_ICB,01F,E38000068,NHS Cheshire and Merseyside ICB - 01F,COMORBIDITIES,770
31-Aug-25,SUB_ICB,01F,E38000068,NHS Cheshire and Merseyside ICB - 01F,DEMENTIA_REGISTER_65_PLUS,1001
31-Aug-25,SUB_ICB,01J,E38000091,NHS Cheshire and Merseyside ICB - 01J,COMORBIDITIES,900
31-Aug-25,SUB_ICB,01J,E38000091,NHS Cheshire and Merseyside ICB - 01J,PALLIATIVE_CARE,325
31-Aug-25,SUB_ICB,01J,E38000091,NHS Cheshire and Merseyside ICB - 01J,DEMENTIA_REGISTER_65_PLUS,1150
31-Aug-25,SUB_ICB,01T,E38000161,NHS Cheshire and Merseyside ICB - 01T,COMORBIDITIES,905
31-Aug-25,SUB_ICB,01T,E38000161,NHS Cheshire and Merseyside ICB - 01T,PALLIATIVE_CARE,410
31-Aug-25,SUB_ICB,01T,E38000161,NHS Cheshire and Merseyside ICB - 01T,DEMENTIA_REGISTER_65_PLUS,1233
31-Aug-25,SUB_ICB,01V,E38000170,NHS Cheshire and Merseyside ICB - 01V,PALLIATIVE_CARE,580
31-Aug-25,SUB_ICB,01V,E38000170,NHS Cheshire and Merseyside ICB - 01V,COMORBIDITIES,1315
31-Aug-25,SUB_ICB,01V,E38000170,NHS Cheshire and Merseyside ICB - 01V,DEMENTIA_REGISTER_65_PLUS,1878
31-Aug-25,SUB_ICB,01X,E38000172,NHS Cheshire and Merseyside ICB - 01X,PALLIATIVE_CARE,345
31-Aug-25,SUB_ICB,01X,E38000172,NHS Cheshire and Merseyside ICB - 01X,COMORBIDITIES,1350
31-Aug-25,SUB_ICB,01X,E38000172,NHS Cheshire and Merseyside ICB - 01X,DEMENTIA_REGISTER_65_PLUS,1798
31-Aug-25,SUB_ICB,02E,E38000194,NHS Cheshire and Merseyside ICB - 02E,COMORBIDITIES,1540
31-Aug-25,SUB_ICB,02E,E38000194,NHS Cheshire and Merseyside ICB - 02E,PALLIATIVE_CARE,945
31-Aug-25,SUB_ICB,02E,E38000194,NHS Cheshire and Merseyside ICB - 02E,DEMENTIA_REGISTER_65_PLUS,2095
31-Aug-25,SUB_ICB,12F,E38000208,NHS Cheshire and Merseyside ICB - 12F,COMORBIDITIES,2420
31-Aug-25,SUB_ICB,12F,E38000208,NHS Cheshire and Merseyside ICB - 12F,PALLIATIVE_CARE,980
31-Aug-25,SUB_ICB,12F,E38000208,NHS Cheshire and Merseyside ICB - 12F,DEMENTIA_REGISTER_65_PLUS,3306
31-Aug-25,SUB_ICB,27D,E38000233,NHS Cheshire and Merseyside ICB - 27D,COMORBIDITIES,5860
31-Aug-25,SUB_ICB,27D,E38000233,NHS Cheshire and Merseyside ICB - 27D,PALLIATIVE_CARE,1595
31-Aug-25,SUB_ICB,27D,E38000233,NHS Cheshire and Merseyside ICB - 27D,DEMENTIA_REGISTER_65_PLUS,8118
31-Aug-25,SUB_ICB,99A,E38000101,NHS Cheshire and Merseyside ICB - 99A,COMORBIDITIES,2735
31-Aug-25,SUB_ICB,99A,E38000101,NHS Cheshire and Merseyside ICB - 99A,PALLIATIVE_CARE,540
31-Aug-25,SUB_ICB,99A,E38000101,NHS Cheshire and Merseyside ICB - 99A,DEMENTIA_REGISTER_65_PLUS,3551
31-Aug-25,SUB_ICB,11N,E38000089,NHS Cornwall and the Isles of Scilly ICB - 11N,COMORBIDITIES,4425
31-Aug-25,SUB_ICB,11N,E38000089,NHS Cornwall and the Isles of Scilly ICB - 11N,PALLIATIVE_CARE,390
31-Aug-25,SUB_ICB,11N,E38000089,NHS Cornwall and the Isles of Scilly ICB - 11N,DEMENTIA_REGISTER_65_PLUS,6229
31-Aug-25,SUB_ICB,B2M3M,E38000251,NHS Coventry and Warwickshire ICB - B2M3M,PALLIATIVE_CARE,1110
31-Aug-25,SUB_ICB,B2M3M,E38000251,NHS Coventry and Warwickshire ICB - B2M3M,COMORBIDITIES,5465
31-Aug-25,SUB_ICB,B2M3M,E38000251,NHS Coventry and Warwickshire ICB - B2M3M,DEMENTIA_REGISTER_65_PLUS,7547
31-Aug-25,SUB_ICB,15M,E38000261,NHS Derby and Derbyshire ICB - 15M,COMORBIDITIES,7750
31-Aug-25,SUB_ICB,15M,E38000261,NHS Derby and Derbyshire ICB - 15M,PALLIATIVE_CARE,2470
31-Aug-25,SUB_ICB,15M,E38000261,NHS Derby and Derbyshire ICB - 15M,DEMENTIA_REGISTER_65_PLUS,10478
31-Aug-25,SUB_ICB,15N,E38000230,NHS Devon ICB - 15N,COMORBIDITIES,8890
31-Aug-25,SUB_ICB,15N,E38000230,NHS Devon ICB - 15N,PALLIATIVE_CARE,1275
31-Aug-25,SUB_ICB,15N,E38000230,NHS Devon ICB - 15N,DEMENTIA_REGISTER_65_PLUS,12386
31-Aug-25,SUB_ICB,11J,E38000045,NHS Dorset ICB - 11J,PALLIATIVE_CARE,2150
31-Aug-25,SUB_ICB,11J,E38000045,NHS Dorset ICB - 11J,COMORBIDITIES,5920
31-Aug-25,SUB_ICB,11J,E38000045,NHS Dorset ICB - 11J,DEMENTIA_REGISTER_65_PLUS,8472
31-Aug-25,SUB_ICB,D4U1Y,E38000252,NHS Frimley ICB - D4U1Y,COMORBIDITIES,4520
31-Aug-25,SUB_ICB,D4U1Y,E38000252,NHS Frimley ICB - D4U1Y,PALLIATIVE_CARE,910
31-Aug-25,SUB_ICB,D4U1Y,E38000252,NHS Frimley ICB - D4U1Y,DEMENTIA_REGISTER_65_PLUS,6186
31-Aug-25,SUB_ICB,11M,E38000062,NHS Gloucestershire ICB - 11M,COMORBIDITIES,4835
31-Aug-25,SUB_ICB,11M,E38000062,NHS Gloucestershire ICB - 11M,PALLIATIVE_CARE,1180
31-Aug-25,SUB_ICB,11M,E38000062,NHS Gloucestershire ICB - 11M,DEMENTIA_REGISTER_65_PLUS,6746
31-Aug-25,SUB_ICB,00T,E38000016,NHS Greater Manchester ICB - 00T,COMORBIDITIES,1800
31-Aug-25,SUB_ICB,00T,E38000016,NHS Greater Manchester ICB - 00T,PALLIATIVE_CARE,340
31-Aug-25,SUB_ICB,00T,E38000016,NHS Greater Manchester ICB - 00T,DEMENTIA_REGISTER_65_PLUS,2436
31-Aug-25,SUB_ICB,00V,E38000024,NHS Greater Manchester ICB - 00V,COMORBIDITIES,1320
31-Aug-25,SUB_ICB,00V,E38000024,NHS Greater Manchester ICB - 00V,PALLIATIVE_CARE,280
31-Aug-25,SUB_ICB,00V,E38000024,NHS Greater Manchester ICB - 00V,DEMENTIA_REGISTER_65_PLUS,1884
31-Aug-25,SUB_ICB,00Y,E38000135,NHS Greater Manchester ICB - 00Y,PALLIATIVE_CARE,290
31-Aug-25,SUB_ICB,00Y,E38000135,NHS Greater Manchester ICB - 00Y,COMORBIDITIES,1445
31-Aug-25,SUB_ICB,00Y,E38000135,NHS Greater Manchester ICB - 00Y,DEMENTIA_REGISTER_65_PLUS,1958
31-Aug-25,SUB_ICB,01D,E38000080,NHS Greater Manchester ICB - 01D,COMORBIDITIES,1420
31-Aug-25,SUB_ICB,01D,E38000080,NHS Greater Manchester ICB - 01D,PALLIATIVE_CARE,400
31-Aug-25,SUB_ICB,01D,E38000080,NHS Greater Manchester ICB - 01D,DEMENTIA_REGISTER_65_PLUS,1889
31-Aug-25,SUB_ICB,01G,E38000143,NHS Greater Manchester ICB - 01G,PALLIATIVE_CARE,365
31-Aug-25,SUB_ICB,01G,E38000143,NHS Greater Manchester ICB - 01G,COMORBIDITIES,1445
31-Aug-25,SUB_ICB,01G,E38000143,NHS Greater Manchester ICB - 01G,DEMENTIA_REGISTER_65_PLUS,1931
31-Aug-25,SUB_ICB,01W,E38000174,NHS Greater Manchester ICB - 01W,PALLIATIVE_CARE,615
31-Aug-25,SUB_ICB,01W,E38000174,NHS Greater Manchester ICB - 01W,COMORBIDITIES,2405
31-Aug-25,SUB_ICB,01W,E38000174,NHS Greater Manchester ICB - 01W,DEMENTIA_REGISTER_65_PLUS,3295
31-Aug-25,SUB_ICB,01Y,E38000263,NHS Greater Manchester ICB - 01Y,PALLIATIVE_CARE,680
31-Aug-25,SUB_ICB,01Y,E38000263,NHS Greater Manchester ICB - 01Y,COMORBIDITIES,1395
31-Aug-25,SUB_ICB,01Y,E38000263,NHS Greater Manchester ICB - 01Y,DEMENTIA_REGISTER_65_PLUS,1765
31-Aug-25,SUB_ICB,02A,E38000187,NHS Greater Manchester ICB - 02A,PALLIATIVE_CARE,240
31-Aug-25,SUB_ICB,02A,E38000187,NHS Greater Manchester ICB - 02A,COMORBIDITIES,1445
31-Aug-25,SUB_ICB,02A,E38000187,NHS Greater Manchester ICB - 02A,DEMENTIA_REGISTER_65_PLUS,2016
31-Aug-25,SUB_ICB,02H,E38000205,NHS Greater Manchester ICB - 02H,PALLIATIVE_CARE,1075
31-Aug-25,SUB_ICB,02H,E38000205,NHS Greater Manchester ICB - 02H,COMORBIDITIES,2365
31-Aug-25,SUB_ICB,02H,E38000205,NHS Greater Manchester ICB - 02H,DEMENTIA_REGISTER_65_PLUS,3080
31-Aug-25,SUB_ICB,14L,E38000217,NHS Greater Manchester ICB - 14L,COMORBIDITIES,2260
31-Aug-25,SUB_ICB,14L,E38000217,NHS Greater Manchester ICB - 14L,PALLIATIVE_CARE,485
31-Aug-25,SUB_ICB,14L,E38000217,NHS Greater Manchester ICB - 14L,DEMENTIA_REGISTER_65_PLUS,2909
31-Aug-25,SUB_ICB,10R,E38000137,NHS Hampshire and Isle of Wight ICB - 10R,COMORBIDITIES,1210
31-Aug-25,SUB_ICB,10R,E38000137,NHS Hampshire and Isle of Wight ICB - 10R,PALLIATIVE_CARE,365
31-Aug-25,SUB_ICB,10R,E38000137,NHS Hampshire and Isle of Wight ICB - 10R,DEMENTIA_REGISTER_65_PLUS,1587
31-Aug-25,SUB_ICB,D9Y0V,E38000253,NHS Hampshire and Isle of Wight ICB - D9Y0V,COMORBIDITIES,11640
31-Aug-25,SUB_ICB,D9Y0V,E38000253,NHS Hampshire and Isle of Wight ICB - D9Y0V,PALLIATIVE_CARE,2005
31-Aug-25,SUB_ICB,D9Y0V,E38000253,NHS Hampshire and Isle of Wight ICB - D9Y0V,DEMENTIA_REGISTER_65_PLUS,16240
31-Aug-25,SUB_ICB,18C,E38000236,NHS Herefordshire and Worcestershire ICB - 18C,PALLIATIVE_CARE,2060
31-Aug-25,SUB_ICB,18C,E38000236,NHS Herefordshire and Worcestershire ICB - 18C,COMORBIDITIES,5230
31-Aug-25,SUB_ICB,18C,E38000236,NHS Herefordshire and Worcestershire ICB - 18C,DEMENTIA_REGISTER_65_PLUS,7375
31-Aug-25,SUB_ICB,06K,E38000049,NHS Hertfordshire and West Essex ICB - 06K,COMORBIDITIES,3445
31-Aug-25,SUB_ICB,06K,E38000049,NHS Hertfordshire and West Essex ICB - 06K,PALLIATIVE_CARE,1640
31-Aug-25,SUB_ICB,06K,E38000049,NHS Hertfordshire and West Essex ICB - 06K,DEMENTIA_REGISTER_65_PLUS,4771
31-Aug-25,SUB_ICB,06N,E38000079,NHS Hertfordshire and West Essex ICB - 06N,COMORBIDITIES,3705
31-Aug-25,SUB_ICB,06N,E38000079,NHS Hertfordshire and West Essex ICB - 06N,PALLIATIVE_CARE,1040
31-Aug-25,SUB_ICB,06N,E38000079,NHS Hertfordshire and West Essex ICB - 06N,DEMENTIA_REGISTER_65_PLUS,5090
31-Aug-25,SUB_ICB,07H,E38000197,NHS Hertfordshire and West Essex ICB - 07H,PALLIATIVE_CARE,1015
31-Aug-25,SUB_ICB,07H,E38000197,NHS Hertfordshire and West Essex ICB - 07H,COMORBIDITIES,2300
31-Aug-25,SUB_ICB,07H,E38000197,NHS Hertfordshire and West Essex ICB - 07H,DEMENTIA_REGISTER_65_PLUS,3137
31-Aug-25,SUB_ICB,02Y,E38000052,NHS Humber and North Yorkshire ICB - 02Y,PALLIATIVE_CARE,435
31-Aug-25,SUB_ICB,02Y,E38000052,NHS Humber and North Yorkshire ICB - 02Y,COMORBIDITIES,2380
31-Aug-25,SUB_ICB,02Y,E38000052,NHS Humber and North Yorkshire ICB - 02Y,DEMENTIA_REGISTER_65_PLUS,3323
31-Aug-25,SUB_ICB,03F,E38000085,NHS Humber and North Yorkshire ICB - 03F,COMORBIDITIES,1470
31-Aug-25,SUB_ICB,03F,E38000085,NHS Humber and North Yorkshire ICB - 03F,PALLIATIVE_CARE,220
31-Aug-25,SUB_ICB,03F,E38000085,NHS Humber and North Yorkshire ICB - 03F,DEMENTIA_REGISTER_65_PLUS,1926
31-Aug-25,SUB_ICB,03H,E38000119,NHS Humber and North Yorkshire ICB - 03H,COMORBIDITIES,1240
31-Aug-25,SUB_ICB,03H,E38000119,NHS Humber and North Yorkshire ICB - 03H,PALLIATIVE_CARE,465
31-Aug-25,SUB_ICB,03H,E38000119,NHS Humber and North Yorkshire ICB - 03H,DEMENTIA_REGISTER_65_PLUS,1722
31-Aug-25,SUB_ICB,03K,E38000122,NHS Humber and North Yorkshire ICB - 03K,PALLIATIVE_CARE,810
31-Aug-25,SUB_ICB,03K,E38000122,NHS Humber and North Yorkshire ICB - 03K,COMORBIDITIES,1285
31-Aug-25,SUB_ICB,03K,E38000122,NHS Humber and North Yorkshire ICB - 03K,DEMENTIA_REGISTER_65_PLUS,1739
31-Aug-25,SUB_ICB,03Q,E38000188,NHS Humber and North Yorkshire ICB - 03Q,COMORBIDITIES,1355
31-Aug-25,SUB_ICB,03Q,E38000188,NHS Humber and North Yorkshire ICB - 03Q,PALLIATIVE_CARE,475
31-Aug-25,SUB_ICB,03Q,E38000188,NHS Humber and North Yorkshire ICB - 03Q,DEMENTIA_REGISTER_65_PLUS,1878
31-Aug-25,SUB_ICB,42D,E38000241,NHS Humber and North Yorkshire ICB - 42D,PALLIATIVE_CARE,1030
31-Aug-25,SUB_ICB,42D,E38000241,NHS Humber and North Yorkshire ICB - 42D,COMORBIDITIES,4150
31-Aug-25,SUB_ICB,42D,E38000241,NHS Humber and North Yorkshire ICB - 42D,DEMENTIA_REGISTER_65_PLUS,5781
31-Aug-25,SUB_ICB,91Q,E38000237,NHS Kent and Medway ICB - 91Q,PALLIATIVE_CARE,2820
31-Aug-25,SUB_ICB,91Q,E38000237,NHS Kent and Medway ICB - 91Q,COMORBIDITIES,11785
31-Aug-25,SUB_ICB,91Q,E38000237,NHS Kent and Medway ICB - 91Q,DEMENTIA_REGISTER_65_PLUS,16321
31-Aug-25,SUB_ICB,00Q,E38000014,NHS Lancashire and South Cumbria ICB - 00Q,COMORBIDITIES,810
31-Aug-25,SUB_ICB,00Q,E38000014,NHS Lancashire and South Cumbria ICB - 00Q,PALLIATIVE_CARE,180
31-Aug-25,SUB_ICB,00Q,E38000014,NHS Lancashire and South Cumbria ICB - 00Q,DEMENTIA_REGISTER_65_PLUS,1028
31-Aug-25,SUB_ICB,00R,E38000015,NHS Lancashire and South Cumbria ICB - 00R,COMORBIDITIES,1190
31-Aug-25,SUB_ICB,00R,E38000015,NHS Lancashire and South Cumbria ICB - 00R,PALLIATIVE_CARE,595
31-Aug-25,SUB_ICB,00R,E38000015,NHS Lancashire and South Cumbria ICB - 00R,DEMENTIA_REGISTER_65_PLUS,1595
31-Aug-25,SUB_ICB,00X,E38000034,NHS Lancashire and South Cumbria ICB - 00X,PALLIATIVE_CARE,405
31-Aug-25,SUB_ICB,00X,E38000034,NHS Lancashire and South Cumbria ICB - 00X,COMORBIDITIES,1400
31-Aug-25,SUB_ICB,00X,E38000034,NHS Lancashire and South Cumbria ICB - 00X,DEMENTIA_REGISTER_65_PLUS,1889
31-Aug-25,SUB_ICB,01A,E38000050,NHS Lancashire and South Cumbria ICB - 01A,COMORBIDITIES,2165
31-Aug-25,SUB_ICB,01A,E38000050,NHS Lancashire and South Cumbria ICB - 01A,PALLIATIVE_CARE,760
31-Aug-25,SUB_ICB,01A,E38000050,NHS Lancashire and South Cumbria ICB - 01A,DEMENTIA_REGISTER_65_PLUS,2984
31-Aug-25,SUB_ICB,01E,E38000227,NHS Lancashire and South Cumbria ICB - 01E,PALLIATIVE_CARE,485
31-Aug-25,SUB_ICB,01E,E38000227,NHS Lancashire and South Cumbria ICB - 01E,COMORBIDITIES,1350
31-Aug-25,SUB_ICB,01E,E38000227,NHS Lancashire and South Cumbria ICB - 01E,DEMENTIA_REGISTER_65_PLUS,1839
31-Aug-25,SUB_ICB,01K,E38000228,NHS Lancashire and South Cumbria ICB - 01K,PALLIATIVE_CARE,770
31-Aug-25,SUB_ICB,01K,E38000228,NHS Lancashire and South Cumbria ICB - 01K,COMORBIDITIES,2730
31-Aug-25,SUB_ICB,01K,E38000228,NHS Lancashire and South Cumbria ICB - 01K,DEMENTIA_REGISTER_65_PLUS,3800
31-Aug-25,SUB_ICB,02G,E38000200,NHS Lancashire and South Cumbria ICB - 02G,PALLIATIVE_CARE,130
31-Aug-25,SUB_ICB,02G,E38000200,NHS Lancashire and South Cumbria ICB - 02G,COMORBIDITIES,795
31-Aug-25,SUB_ICB,02G,E38000200,NHS Lancashire and South Cumbria ICB - 02G,DEMENTIA_REGISTER_65_PLUS,1156
31-Aug-25,SUB_ICB,02M,E38000226,NHS Lancashire and South Cumbria ICB - 02M,COMORBIDITIES,1720
31-Aug-25,SUB_ICB,02M,E38000226,NHS Lancashire and South Cumbria ICB - 02M,PALLIATIVE_CARE,940
31-Aug-25,SUB_ICB,02M,E38000226,NHS Lancashire and South Cumbria ICB - 02M,DEMENTIA_REGISTER_65_PLUS,2390
31-Aug-25,SUB_ICB,03W,E38000051,"NHS Leicester, Leicestershire and Rutland ICB - 03W",COMORBIDITIES,2390
31-Aug-25,SUB_ICB,03W,E38000051,"NHS Leicester, Leicestershire and Rutland ICB - 03W",PALLIATIVE_CARE,950
31-Aug-25,SUB_ICB,03W,E38000051,"NHS Leicester, Leicestershire and Rutland ICB - 03W",DEMENTIA_REGISTER_65_PLUS,3345
31-Aug-25,SUB_ICB,04C,E38000097,"NHS Leicester, Leicestershire and Rutland ICB - 04C",COMORBIDITIES,1900
31-Aug-25,SUB_ICB,04C,E38000097,"NHS Leicester, Leicestershire and Rutland ICB - 04C",PALLIATIVE_CARE,625
31-Aug-25,SUB_ICB,04C,E38000097,"NHS Leicester, Leicestershire and Rutland ICB - 04C",DEMENTIA_REGISTER_65_PLUS,2404
31-Aug-25,SUB_ICB,04V,E38000201,"NHS Leicester, Leicestershire and Rutland ICB - 04V",COMORBIDITIES,2425
31-Aug-25,SUB_ICB,04V,E38000201,"NHS Leicester, Leicestershire and Rutland ICB - 04V",PALLIATIVE_CARE,775
31-Aug-25,SUB_ICB,04V,E38000201,"NHS Leicester, Leicestershire and Rutland ICB - 04V",DEMENTIA_REGISTER_65_PLUS,3375
31-Aug-25,SUB_ICB,71E,E38000238,NHS Lincolnshire ICB - 71E,COMORBIDITIES,6600
31-Aug-25,SUB_ICB,71E,E38000238,NHS Lincolnshire ICB - 71E,PALLIATIVE_CARE,1995
31-Aug-25,SUB_ICB,71E,E38000238,NHS Lincolnshire ICB - 71E,DEMENTIA_REGISTER_65_PLUS,8882
31-Aug-25,SUB_ICB,06Q,E38000106,NHS Mid and South Essex ICB - 06Q,PALLIATIVE_CARE,480
31-Aug-25,SUB_ICB,06Q,E38000106,NHS Mid and South Essex ICB - 06Q,COMORBIDITIES,2680
31-Aug-25,SUB_ICB,06Q,E38000106,NHS Mid and South Essex ICB - 06Q,DEMENTIA_REGISTER_65_PLUS,3752
31-Aug-25,SUB_ICB,07G,E38000185,NHS Mid and South Essex ICB - 07G,COMORBIDITIES,835
31-Aug-25,SUB_ICB,07G,E38000185,NHS Mid and South Essex ICB - 07G,PALLIATIVE_CARE,340
31-Aug-25,SUB_ICB,07G,E38000185,NHS Mid and South Essex ICB - 07G,DEMENTIA_REGISTER_65_PLUS,1074
31-Aug-25,SUB_ICB,99E,E38000007,NHS Mid and South Essex ICB - 99E,PALLIATIVE_CARE,540
31-Aug-25,SUB_ICB,99E,E38000007,NHS Mid and South Essex ICB - 99E,COMORBIDITIES,1590
31-Aug-25,SUB_ICB,99E,E38000007,NHS Mid and South Essex ICB - 99E,DEMENTIA_REGISTER_65_PLUS,2152
31-Aug-25,SUB_ICB,99F,E38000030,NHS Mid and South Essex ICB - 99F,PALLIATIVE_CARE,540
31-Aug-25,SUB_ICB,99F,E38000030,NHS Mid and South Essex ICB - 99F,COMORBIDITIES,1630
31-Aug-25,SUB_ICB,99F,E38000030,NHS Mid and South Essex ICB - 99F,DEMENTIA_REGISTER_65_PLUS,2219
31-Aug-25,SUB_ICB,99G,E38000168,NHS Mid and South Essex ICB - 99G,PALLIATIVE_CARE,655
31-Aug-25,SUB_ICB,99G,E38000168,NHS Mid and South Essex ICB - 99G,COMORBIDITIES,1540
31-Aug-25,SUB_ICB,99G,E38000168,NHS Mid and South Essex ICB - 99G,DEMENTIA_REGISTER_65_PLUS,2104
31-Aug-25,SUB_ICB,26A,E38000239,NHS Norfolk and Waveney ICB - 26A,COMORBIDITIES,8530
31-Aug-25,SUB_ICB,26A,E38000239,NHS Norfolk and Waveney ICB - 26A,PALLIATIVE_CARE,1155
31-Aug-25,SUB_ICB,26A,E38000239,NHS Norfolk and Waveney ICB - 26A,DEMENTIA_REGISTER_65_PLUS,11716
31-Aug-25,SUB_ICB,93C,E38000240,NHS North Central London ICB - 93C,PALLIATIVE_CARE,1470
31-Aug-25,SUB_ICB,93C,E38000240,NHS North Central London ICB - 93C,COMORBIDITIES,7030
31-Aug-25,SUB_ICB,93C,E38000240,NHS North Central London ICB - 93C,DEMENTIA_REGISTER_65_PLUS,9103
31-Aug-25,SUB_ICB,A3A8R,E38000255,NHS North East London ICB - A3A8R,COMORBIDITIES,6930
31-Aug-25,SUB_ICB,A3A8R,E38000255,NHS North East London ICB - A3A8R,PALLIATIVE_CARE,2435
31-Aug-25,SUB_ICB,A3A8R,E38000255,NHS North East London ICB - A3A8R,DEMENTIA_REGISTER_65_PLUS,8717
31-Aug-25,SUB_ICB,00L,E38000130,NHS North East and North Cumbria ICB - 00L,COMORBIDITIES,2670
31-Aug-25,SUB_ICB,00L,E38000130,NHS North East and North Cumbria ICB - 00L,PALLIATIVE_CARE,530
31-Aug-25,SUB_ICB,00L,E38000130,NHS North East and North Cumbria ICB - 00L,DEMENTIA_REGISTER_65_PLUS,3659
31-Aug-25,SUB_ICB,00N,E38000163,NHS North East and North Cumbria ICB - 00N,COMORBIDITIES,1105
31-Aug-25,SUB_ICB,00N,E38000163,NHS North East and North Cumbria ICB - 00N,PALLIATIVE_CARE,340
31-Aug-25,SUB_ICB,00N,E38000163,NHS North East and North Cumbria ICB - 00N,DEMENTIA_REGISTER_65_PLUS,1487
31-Aug-25,SUB_ICB,00P,E38000176,NHS North East and North Cumbria ICB - 00P,COMORBIDITIES,1910
31-Aug-25,SUB_ICB,00P,E38000176,NHS North East and North Cumbria ICB - 00P,PALLIATIVE_CARE,335
31-Aug-25,SUB_ICB,00P,E38000176,NHS North East and North Cumbria ICB - 00P,DEMENTIA_REGISTER_65_PLUS,2539
31-Aug-25,SUB_ICB,01H,E38000215,NHS North East and North Cumbria ICB - 01H,COMORBIDITIES,2270
31-Aug-25,SUB_ICB,01H,E38000215,NHS North East and North Cumbria ICB - 01H,PALLIATIVE_CARE,475
31-Aug-25,SUB_ICB,01H,E38000215,NHS North East and North Cumbria ICB - 01H,DEMENTIA_REGISTER_65_PLUS,3031
31-Aug-25,SUB_ICB,13T,E38000212,NHS North East and North Cumbria ICB - 13T,PALLIATIVE_CARE,655
31-Aug-25,SUB_ICB,13T,E38000212,NHS North East and North Cumbria ICB - 13T,COMORBIDITIES,3125
31-Aug-25,SUB_ICB,13T,E38000212,NHS North East and North Cumbria ICB - 13T,DEMENTIA_REGISTER_65_PLUS,4157
31-Aug-25,SUB_ICB,16C,E38000247,NHS North East and North Cumbria ICB - 16C,COMORBIDITIES,5035
31-Aug-25,SUB_ICB,16C,E38000247,NHS North East and North Cumbria ICB - 16C,PALLIATIVE_CARE,1015
31-Aug-25,SUB_ICB,16C,E38000247,NHS North East and North Cumbria ICB - 16C,DEMENTIA_REGISTER_65_PLUS,6640
31-Aug-25,SUB_ICB,84H,E38000234,NHS North East and North Cumbria ICB - 84H,COMORBIDITIES,4275
31-Aug-25,SUB_ICB,84H,E38000234,NHS North East and North Cumbria ICB - 84H,PALLIATIVE_CARE,1230
31-Aug-25,SUB_ICB,84H,E38000234,NHS North East and North Cumbria ICB - 84H,DEMENTIA_REGISTER_65_PLUS,5463
31-Aug-25,SUB_ICB,99C,E38000127,NHS North East and North Cumbria ICB - 99C,PALLIATIVE_CARE,495
31-Aug-25,SUB_ICB,99C,E38000127,NHS North East and North Cumbria ICB - 99C,COMORBIDITIES,1625
31-Aug-25,SUB_ICB,99C,E38000127,NHS North East and North Cumbria ICB - 99C,DEMENTIA_REGISTER_65_PLUS,2162
31-Aug-25,SUB_ICB,W2U3Z,E38000256,NHS North West London ICB - W2U3Z,PALLIATIVE_CARE,3200
31-Aug-25,SUB_ICB,W2U3Z,E38000256,NHS North West London ICB - W2U3Z,COMORBIDITIES,10485
31-Aug-25,SUB_ICB,W2U3Z,E38000256,NHS North West London ICB - W2U3Z,DEMENTIA_REGISTER_65_PLUS,13183
31-Aug-25,SUB_ICB,78H,E38000262,NHS Northamptonshire ICB - 78H,COMORBIDITIES,4665
31-Aug-25,SUB_ICB,78H,E38000262,NHS Northamptonshire ICB - 78H,PALLIATIVE_CARE,530
31-Aug-25,SUB_ICB,78H,E38000262,NHS Northamptonshire ICB - 78H,DEMENTIA_REGISTER_65_PLUS,6168
31-Aug-25,SUB_ICB,02Q,E38000008,NHS Nottingham and Nottinghamshire ICB - 02Q,PALLIATIVE_CARE,375
31-Aug-25,SUB_ICB,02Q,E38000008,NHS Nottingham and Nottinghamshire ICB - 02Q,COMORBIDITIES,995
31-Aug-25,SUB_ICB,02Q,E38000008,NHS Nottingham and Nottinghamshire ICB - 02Q,DEMENTIA_REGISTER_65_PLUS,1381
31-Aug-25,SUB_ICB,52R,E38000243,NHS Nottingham and Nottinghamshire ICB - 52R,COMORBIDITIES,6630
31-Aug-25,SUB_ICB,52R,E38000243,NHS Nottingham and Nottinghamshire ICB - 52R,PALLIATIVE_CARE,3215
31-Aug-25,SUB_ICB,52R,E38000243,NHS Nottingham and Nottinghamshire ICB - 52R,DEMENTIA_REGISTER_65_PLUS,9154
31-Aug-25,SUB_ICB,M2L0M,E38000257,"NHS Shropshire, Telford and Wrekin ICB - M2L0M",COMORBIDITIES,3665
31-Aug-25,SUB_ICB,M2L0M,E38000257,"NHS Shropshire, Telford and Wrekin ICB - M2L0M",PALLIATIVE_CARE,500
31-Aug-25,SUB_ICB,M2L0M,E38000257,"NHS Shropshire, Telford and Wrekin ICB - M2L0M",DEMENTIA_REGISTER_65_PLUS,5064
31-Aug-25,SUB_ICB,11X,E38000150,NHS Somerset ICB - 11X,COMORBIDITIES,4155
31-Aug-25,SUB_ICB,11X,E38000150,NHS Somerset ICB - 11X,PALLIATIVE_CARE,580
31-Aug-25,SUB_ICB,11X,E38000150,NHS Somerset ICB - 11X,DEMENTIA_REGISTER_65_PLUS,5725
31-Aug-25,SUB_ICB,72Q,E38000244,NHS South East London ICB - 72Q,COMORBIDITIES,8455
31-Aug-25,SUB_ICB,72Q,E38000244,NHS South East London ICB - 72Q,PALLIATIVE_CARE,2375
31-Aug-25,SUB_ICB,72Q,E38000244,NHS South East London ICB - 72Q,DEMENTIA_REGISTER_65_PLUS,11038
31-Aug-25,SUB_ICB,36L,E38000245,NHS South West London ICB - 36L,COMORBIDITIES,8085
31-Aug-25,SUB_ICB,36L,E38000245,NHS South West London ICB - 36L,PALLIATIVE_CARE,2260
31-Aug-25,SUB_ICB,36L,E38000245,NHS South West London ICB - 36L,DEMENTIA_REGISTER_65_PLUS,10955
31-Aug-25,SUB_ICB,02P,E38000006,NHS South Yorkshire ICB - 02P,COMORBIDITIES,1715
31-Aug-25,SUB_ICB,02P,E38000006,NHS South Yorkshire ICB - 02P,PALLIATIVE_CARE,475
31-Aug-25,SUB_ICB,02P,E38000006,NHS South Yorkshire ICB - 02P,DEMENTIA_REGISTER_65_PLUS,2355
31-Aug-25,SUB_ICB,02X,E38000044,NHS South Yorkshire ICB - 02X,PALLIATIVE_CARE,360
31-Aug-25,SUB_ICB,02X,E38000044,NHS South Yorkshire ICB - 02X,COMORBIDITIES,2035
31-Aug-25,SUB_ICB,02X,E38000044,NHS South Yorkshire ICB - 02X,DEMENTIA_REGISTER_65_PLUS,2716
31-Aug-25,SUB_ICB,03L,E38000141,NHS South Yorkshire ICB - 03L,COMORBIDITIES,2295
31-Aug-25,SUB_ICB,03L,E38000141,NHS South Yorkshire ICB - 03L,PALLIATIVE_CARE,285
31-Aug-25,SUB_ICB,03L,E38000141,NHS South Yorkshire ICB - 03L,DEMENTIA_REGISTER_65_PLUS,3019
31-Aug-25,SUB_ICB,03N,E38000146,NHS South Yorkshire ICB - 03N,COMORBIDITIES,3625
31-Aug-25,SUB_ICB,03N,E38000146,NHS South Yorkshire ICB - 03N,PALLIATIVE_CARE,1075
31-Aug-25,SUB_ICB,03N,E38000146,NHS South Yorkshire ICB - 03N,DEMENTIA_REGISTER_65_PLUS,4796
31-Aug-25,SUB_ICB,04Y,E38000028,NHS Staffordshire and Stoke-on-Trent ICB - 04Y,PALLIATIVE_CARE,395
31-Aug-25,SUB_ICB,04Y,E38000028,NHS Staffordshire and Stoke-on-Trent ICB - 04Y,COMORBIDITIES,1070
31-Aug-25,SUB_ICB,04Y,E38000028,NHS Staffordshire and Stoke-on-Trent ICB - 04Y,DEMENTIA_REGISTER_65_PLUS,1445
31-Aug-25,SUB_ICB,05D,E38000053,NHS Staffordshire and Stoke-on-Trent ICB - 05D,COMORBIDITIES,860
31-Aug-25,SUB_ICB,05D,E38000053,NHS Staffordshire and Stoke-on-Trent ICB - 05D,PALLIATIVE_CARE,430
31-Aug-25,SUB_ICB,05D,E38000053,NHS Staffordshire and Stoke-on-Trent ICB - 05D,DEMENTIA_REGISTER_65_PLUS,1200
31-Aug-25,SUB_ICB,05G,E38000126,NHS Staffordshire and Stoke-on-Trent ICB - 05G,COMORBIDITIES,2055
31-Aug-25,SUB_ICB,05G,E38000126,NHS Staffordshire and Stoke-on-Trent ICB - 05G,PALLIATIVE_CARE,560
31-Aug-25,SUB_ICB,05G,E38000126,NHS Staffordshire and Stoke-on-Trent ICB - 05G,DEMENTIA_REGISTER_65_PLUS,2713
31-Aug-25,SUB_ICB,05Q,E38000153,NHS Staffordshire and Stoke-on-Trent ICB - 05Q,PALLIATIVE_CARE,625
31-Aug-25,SUB_ICB,05Q,E38000153,NHS Staffordshire and Stoke-on-Trent ICB - 05Q,COMORBIDITIES,1545
31-Aug-25,SUB_ICB,05Q,E38000153,NHS Staffordshire and Stoke-on-Trent ICB - 05Q,DEMENTIA_REGISTER_65_PLUS,2157
31-Aug-25,SUB_ICB,05V,E38000173,NHS Staffordshire and Stoke-on-Trent ICB - 05V,COMORBIDITIES,1070
31-Aug-25,SUB_ICB,05V,E38000173,NHS Staffordshire and Stoke-on-Trent ICB - 05V,PALLIATIVE_CARE,415
31-Aug-25,SUB_ICB,05V,E38000173,NHS Staffordshire and Stoke-on-Trent ICB - 05V,DEMENTIA_REGISTER_65_PLUS,1469
31-Aug-25,SUB_ICB,05W,E38000175,NHS Staffordshire and Stoke-on-Trent ICB - 05W,PALLIATIVE_CARE,745
31-Aug-25,SUB_ICB,05W,E38000175,NHS Staffordshire and Stoke-on-Trent ICB - 05W,COMORBIDITIES,2450
31-Aug-25,SUB_ICB,05W,E38000175,NHS Staffordshire and Stoke-on-Trent ICB - 05W,DEMENTIA_REGISTER_65_PLUS,3098
31-Aug-25,SUB_ICB,06L,E38000086,NHS Suffolk and North East Essex ICB - 06L,PALLIATIVE_CARE,530
31-Aug-25,SUB_ICB,06L,E38000086,NHS Suffolk and North East Essex ICB - 06L,COMORBIDITIES,2905
31-Aug-25,SUB_ICB,06L,E38000086,NHS Suffolk and North East Essex ICB - 06L,DEMENTIA_REGISTER_65_PLUS,3990
31-Aug-25,SUB_ICB,06T,E38000117,NHS Suffolk and North East Essex ICB - 06T,COMORBIDITIES,2785
31-Aug-25,SUB_ICB,06T,E38000117,NHS Suffolk and North East Essex ICB - 06T,PALLIATIVE_CARE,1465
31-Aug-25,SUB_ICB,06T,E38000117,NHS Suffolk and North East Essex ICB - 06T,DEMENTIA_REGISTER_65_PLUS,3848
31-Aug-25,SUB_ICB,07K,E38000204,NHS Suffolk and North East Essex ICB - 07K,COMORBIDITIES,1655
31-Aug-25,SUB_ICB,07K,E38000204,NHS Suffolk and North East Essex ICB - 07K,PALLIATIVE_CARE,300
31-Aug-25,SUB_ICB,07K,E38000204,NHS Suffolk and North East Essex ICB - 07K,DEMENTIA_REGISTER_65_PLUS,2325
31-Aug-25,SUB_ICB,92A,E38000264,NHS Surrey Heartlands ICB - 92A,COMORBIDITIES,7255
31-Aug-25,SUB_ICB,92A,E38000264,NHS Surrey Heartlands ICB - 92A,PALLIATIVE_CARE,1070
31-Aug-25,SUB_ICB,92A,E38000264,NHS Surrey Heartlands ICB - 92A,DEMENTIA_REGISTER_65_PLUS,10404
31-Aug-25,SUB_ICB,09D,E38000021,NHS Sussex ICB - 09D,COMORBIDITIES,1315
31-Aug-25,SUB_ICB,09D,E38000021,NHS Sussex ICB - 09D,PALLIATIVE_CARE,220
31-Aug-25,SUB_ICB,09D,E38000021,NHS Sussex ICB - 09D,DEMENTIA_REGISTER_65_PLUS,1914
31-Aug-25,SUB_ICB,70F,E38000265,NHS Sussex ICB - 70F,PALLIATIVE_CARE,1530
31-Aug-25,SUB_ICB,70F,E38000265,NHS Sussex ICB - 70F,COMORBIDITIES,6855
31-Aug-25,SUB_ICB,70F,E38000265,NHS Sussex ICB - 70F,DEMENTIA_REGISTER_65_PLUS,9890
31-Aug-25,SUB_ICB,97R,E38000235,NHS Sussex ICB - 97R,PALLIATIVE_CARE,830
31-Aug-25,SUB_ICB,97R,E38000235,NHS Sussex ICB - 97R,COMORBIDITIES,4325
31-Aug-25,SUB_ICB,97R,E38000235,NHS Sussex ICB - 97R,DEMENTIA_REGISTER_65_PLUS,6314
31-Aug-25,SUB_ICB,02T,E38000025,NHS West Yorkshire ICB - 02T,COMORBIDITIES,1315
31-Aug-25,SUB_ICB,02T,E38000025,NHS West Yorkshire ICB - 02T,PALLIATIVE_CARE,415
31-Aug-25,SUB_ICB,02T,E38000025,NHS West Yorkshire ICB - 02T,DEMENTIA_REGISTER_65_PLUS,1824
31-Aug-25,SUB_ICB,03R,E38000190,NHS West Yorkshire ICB - 03R,COMORBIDITIES,2325
31-Aug-25,SUB_ICB,03R,E38000190,NHS West Yorkshire ICB - 03R,PALLIATIVE_CARE,675
31-Aug-25,SUB_ICB,03R,E38000190,NHS West Yorkshire ICB - 03R,DEMENTIA_REGISTER_65_PLUS,3098
31-Aug-25,SUB_ICB,15F,E38000225,NHS West Yorkshire ICB - 15F,COMORBIDITIES,5165
31-Aug-25,SUB_ICB,15F,E38000225,NHS West Yorkshire ICB - 15F,PALLIATIVE_CARE,1310
31-Aug-25,SUB_ICB,15F,E38000225,NHS West Yorkshire ICB - 15F,DEMENTIA_REGISTER_65_PLUS,6853
31-Aug-25,SUB_ICB,36J,E38000232,NHS West Yorkshire ICB - 36J,COMORBIDITIES,3725
31-Aug-25,SUB_ICB,36J,E38000232,NHS West Yorkshire ICB - 36J,PALLIATIVE_CARE,1670
31-Aug-25,SUB_ICB,36J,E38000232,NHS West Yorkshire ICB - 36J,DEMENTIA_REGISTER_65_PLUS,4986
31-Aug-25,SUB_ICB,X2C4Y,E38000254,NHS West Yorkshire ICB - X2C4Y,PALLIATIVE_CARE,875
31-Aug-25,SUB_ICB,X2C4Y,E38000254,NHS West Yorkshire ICB - X2C4Y,COMORBIDITIES,2445
31-Aug-25,SUB_ICB,X2C4Y,E38000254,NHS West Yorkshire ICB - X2C4Y,DEMENTIA_REGISTER_65_PLUS,3353
31-Jul-25,COUNTRY,ENG,E92000001,ENGLAND,COMORBIDITIES,361545
31-Jul-25,COUNTRY,ENG,E92000001,ENGLAND,PALLIATIVE_CARE,95864
31-Jul-25,COUNTRY,ENG,E92000001,ENGLAND,DEMENTIA_REGISTER_65_PLUS,491445
31-Jul-25,ICB,QOX,E54000040,"NHS Bath and North East Somerset, Swindon and Wiltshire Integrated Care Board",PALLIATIVE_CARE,749
31-Jul-25,ICB,QOX,E54000040,"NHS Bath and North East Somerset, Swindon and Wiltshire Integrated Care Board",COMORBIDITIES,6240
31-Jul-25,ICB,QOX,E54000040,"NHS Bath and North East Somerset, Swindon and Wiltshire Integrated Care Board",DEMENTIA_REGISTER_65_PLUS,8629
31-Jul-25,ICB,QHG,E54000024,"NHS Bedfordshire, Luton and Milton Keynes Integrated Care Board",PALLIATIVE_CARE,1092
31-Jul-25,ICB,QHG,E54000024,"NHS Bedfordshire, Luton and Milton Keynes Integrated Care Board",COMORBIDITIES,5684
31-Jul-25,ICB,QHG,E54000024,"NHS Bedfordshire, Luton and Milton Keynes Integrated Care Board",DEMENTIA_REGISTER_65_PLUS,7506
31-Jul-25,ICB,QHL,E54000055,NHS Birmingham and Solihull Integrated Care Board,COMORBIDITIES,7046
31-Jul-25,ICB,QHL,E54000055,NHS Birmingham and Solihull Integrated Care Board,PALLIATIVE_CARE,2149
31-Jul-25,ICB,QHL,E54000055,NHS Birmingham and Solihull Integrated Care Board,DEMENTIA_REGISTER_65_PLUS,9365
31-Jul-25,ICB,QUA,E54000062,NHS Black Country Integrated Care Board,COMORBIDITIES,7587
31-Jul-25,ICB,QUA,E54000062,NHS Black Country Integrated Care Board,PALLIATIVE_CARE,3005
31-Jul-25,ICB,QUA,E54000062,NHS Black Country Integrated Care Board,DEMENTIA_REGISTER_65_PLUS,9793
31-Jul-25,ICB,QUY,E54000039,"NHS Bristol, North Somerset and South Gloucestershire Integrated Care Board",PALLIATIVE_CARE,1015
31-Jul-25,ICB,QUY,E54000039,"NHS Bristol, North Somerset and South Gloucestershire Integrated Care Board",COMORBIDITIES,6305
31-Jul-25,ICB,QUY,E54000039,"NHS Bristol, North Somerset and South Gloucestershire Integrated Care Board",DEMENTIA_REGISTER_65_PLUS,8639
31-Jul-25,ICB,QU9,E54000044,"NHS Buckinghamshire, Oxfordshire and Berkshire West Integrated Care Board",PALLIATIVE_CARE,2164
31-Jul-25,ICB,QU9,E54000044,"NHS Buckinghamshire, Oxfordshire and Berkshire West Integrated Care Board",COMORBIDITIES,10476
31-Jul-25,ICB,QU9,E54000044,"NHS Buckinghamshire, Oxfordshire and Berkshire West Integrated Care Board",DEMENTIA_REGISTER_65_PLUS,14863
31-Jul-25,ICB,QUE,E54000056,NHS Cambridgeshire and Peterborough Integrated Care Board,PALLIATIVE_CARE,1055
31-Jul-25,ICB,QUE,E54000056,NHS Cambridgeshire and Peterborough Integrated Care Board,COMORBIDITIES,5180
31-Jul-25,ICB,QUE,E54000056,NHS Cambridgeshire and Peterborough Integrated Care Board,DEMENTIA_REGISTER_65_PLUS,7001
31-Jul-25,ICB,QYG,E54000008,NHS Cheshire and Merseyside Integrated Care Board,COMORBIDITIES,17684
31-Jul-25,ICB,QYG,E54000008,NHS Cheshire and Merseyside Integrated Care Board,PALLIATIVE_CARE,5806
31-Jul-25,ICB,QYG,E54000008,NHS Cheshire and Merseyside Integrated Care Board,DEMENTIA_REGISTER_65_PLUS,23998
31-Jul-25,ICB,QT6,E54000036,NHS Cornwall and the Isles of Scilly Integrated Care Board,PALLIATIVE_CARE,392
31-Jul-25,ICB,QT6,E54000036,NHS Cornwall and the Isles of Scilly Integrated Care Board,COMORBIDITIES,4400
31-Jul-25,ICB,QT6,E54000036,NHS Cornwall and the Isles of Scilly Integrated Care Board,DEMENTIA_REGISTER_65_PLUS,6194
31-Jul-25,ICB,QWU,E54000018,NHS Coventry and Warwickshire Integrated Care Board,COMORBIDITIES,5478
31-Jul-25,ICB,QWU,E54000018,NHS Coventry and Warwickshire Integrated Care Board,PALLIATIVE_CARE,1137
31-Jul-25,ICB,QWU,E54000018,NHS Coventry and Warwickshire Integrated Care Board,DEMENTIA_REGISTER_65_PLUS,7556
31-Jul-25,ICB,QJ2,E54000058,NHS Derby and Derbyshire Integrated Care Board,COMORBIDITIES,7770
31-Jul-25,ICB,QJ2,E54000058,NHS Derby and Derbyshire Integrated Care Board,PALLIATIVE_CARE,2510
31-Jul-25,ICB,QJ2,E54000058,NHS Derby and Derbyshire Integrated Care Board,DEMENTIA_REGISTER_65_PLUS,10508
31-Jul-25,ICB,QJK,E54000037,NHS Devon Integrated Care Board,COMORBIDITIES,8894
31-Jul-25,ICB,QJK,E54000037,NHS Devon Integrated Care Board,PALLIATIVE_CARE,1289
31-Jul-25,ICB,QJK,E54000037,NHS Devon Integrated Care Board,DEMENTIA_REGISTER_65_PLUS,12384
31-Jul-25,ICB,QVV,E54000041,NHS Dorset Integrated Care Board,PALLIATIVE_CARE,2148
31-Jul-25,ICB,QVV,E54000041,NHS Dorset Integrated Care Board,COMORBIDITIES,5915
31-Jul-25,ICB,QVV,E54000041,NHS Dorset Integrated Care Board,DEMENTIA_REGISTER_65_PLUS,8471
31-Jul-25,ICB,QNQ,E54000034,NHS Frimley Integrated Care Board,PALLIATIVE_CARE,911
31-Jul-25,ICB,QNQ,E54000034,NHS Frimley Integrated Care Board,COMORBIDITIES,4493
31-Jul-25,ICB,QNQ,E54000034,NHS Frimley Integrated Care Board,DEMENTIA_REGISTER_65_PLUS,6161
31-Jul-25,ICB,QR1,E54000043,NHS Gloucestershire Integrated Care Board,PALLIATIVE_CARE,1170
31-Jul-25,ICB,QR1,E54000043,NHS Gloucestershire Integrated Care Board,COMORBIDITIES,4790
31-Jul-25,ICB,QR1,E54000043,NHS Gloucestershire Integrated Care Board,DEMENTIA_REGISTER_65_PLUS,6702
31-Jul-25,ICB,QOP,E54000057,NHS Greater Manchester Integrated Care Board,PALLIATIVE_CARE,4713
31-Jul-25,ICB,QOP,E54000057,NHS Greater Manchester Integrated Care Board,COMORBIDITIES,17254
31-Jul-25,ICB,QOP,E54000057,NHS Greater Manchester Integrated Care Board,DEMENTIA_REGISTER_65_PLUS,23110
31-Jul-25,ICB,QRL,E54000042,NHS Hampshire and Isle of Wight Integrated Care Board,COMORBIDITIES,12778
31-Jul-25,ICB,QRL,E54000042,NHS Hampshire and Isle of Wight Integrated Care Board,PALLIATIVE_CARE,2361
31-Jul-25,ICB,QRL,E54000042,NHS Hampshire and Isle of Wight Integrated Care Board,DEMENTIA_REGISTER_65_PLUS,17724
31-Jul-25,ICB,QGH,E54000019,NHS Herefordshire and Worcestershire Integrated Care Board,COMORBIDITIES,5199
31-Jul-25,ICB,QGH,E54000019,NHS Herefordshire and Worcestershire Integrated Care Board,PALLIATIVE_CARE,2054
31-Jul-25,ICB,QGH,E54000019,NHS Herefordshire and Worcestershire Integrated Care Board,DEMENTIA_REGISTER_65_PLUS,7324
31-Jul-25,ICB,QM7,E54000025,NHS Hertfordshire and West Essex Integrated Care Board,PALLIATIVE_CARE,3641
31-Jul-25,ICB,QM7,E54000025,NHS Hertfordshire and West Essex Integrated Care Board,COMORBIDITIES,9405
31-Jul-25,ICB,QM7,E54000025,NHS Hertfordshire and West Essex Integrated Care Board,DEMENTIA_REGISTER_65_PLUS,12936
31-Jul-25,ICB,QOQ,E54000051,NHS Humber and North Yorkshire Integrated Care Board,COMORBIDITIES,11811
31-Jul-25,ICB,QOQ,E54000051,NHS Humber and North Yorkshire Integrated Care Board,PALLIATIVE_CARE,3406
31-Jul-25,ICB,QOQ,E54000051,NHS Humber and North Yorkshire Integrated Care Board,DEMENTIA_REGISTER_65_PLUS,16294
31-Jul-25,ICB,QKS,E54000032,NHS Kent and Medway Integrated Care Board,COMORBIDITIES,11726
31-Jul-25,ICB,QKS,E54000032,NHS Kent and Medway Integrated Care Board,PALLIATIVE_CARE,2803
31-Jul-25,ICB,QKS,E54000032,NHS Kent and Medway Integrated Care Board,DEMENTIA_REGISTER_65_PLUS,16246
31-Jul-25,ICB,QE1,E54000048,NHS Lancashire and South Cumbria Integrated Care Board,COMORBIDITIES,12109
31-Jul-25,ICB,QE1,E54000048,NHS Lancashire and South Cumbria Integrated Care Board,PALLIATIVE_CARE,4253
31-Jul-25,ICB,QE1,E54000048,NHS Lancashire and South Cumbria Integrated Care Board,DEMENTIA_REGISTER_65_PLUS,16611
31-Jul-25,ICB,QK1,E54000015,"NHS Leicester, Leicestershire and Rutland Integrated Care Board",PALLIATIVE_CARE,2349
31-Jul-25,ICB,QK1,E54000015,"NHS Leicester, Leicestershire and Rutland Integrated Care Board",COMORBIDITIES,6688
31-Jul-25,ICB,QK1,E54000015,"NHS Leicester, Leicestershire and Rutland Integrated Care Board",DEMENTIA_REGISTER_65_PLUS,9088
31-Jul-25,ICB,QJM,E54000013,NHS Lincolnshire Integrated Care Board,COMORBIDITIES,6594
31-Jul-25,ICB,QJM,E54000013,NHS Lincolnshire Integrated Care Board,PALLIATIVE_CARE,1973
31-Jul-25,ICB,QJM,E54000013,NHS Lincolnshire Integrated Care Board,DEMENTIA_REGISTER_65_PLUS,8850
31-Jul-25,ICB,QH8,E54000026,NHS Mid and South Essex Integrated Care Board,PALLIATIVE_CARE,2509
31-Jul-25,ICB,QH8,E54000026,NHS Mid and South Essex Integrated Care Board,COMORBIDITIES,8231
31-Jul-25,ICB,QH8,E54000026,NHS Mid and South Essex Integrated Care Board,DEMENTIA_REGISTER_65_PLUS,11248
31-Jul-25,ICB,QMM,E54000022,NHS Norfolk and Waveney Integrated Care Board,COMORBIDITIES,8496
31-Jul-25,ICB,QMM,E54000022,NHS Norfolk and Waveney Integrated Care Board,PALLIATIVE_CARE,1135
31-Jul-25,ICB,QMM,E54000022,NHS Norfolk and Waveney Integrated Care Board,DEMENTIA_REGISTER_65_PLUS,11646
31-Jul-25,ICB,QMJ,E54000028,NHS North Central London Integrated Care Board,COMORBIDITIES,6997
31-Jul-25,ICB,QMJ,E54000028,NHS North Central London Integrated Care Board,PALLIATIVE_CARE,1452
31-Jul-25,ICB,QMJ,E54000028,NHS North Central London Integrated Care Board,DEMENTIA_REGISTER_65_PLUS,9053
31-Jul-25,ICB,QMF,E54000029,NHS North East London Integrated Care Board,PALLIATIVE_CARE,2406
31-Jul-25,ICB,QMF,E54000029,NHS North East London Integrated Care Board,COMORBIDITIES,6910
31-Jul-25,ICB,QMF,E54000029,NHS North East London Integrated Care Board,DEMENTIA_REGISTER_65_PLUS,8690
31-Jul-25,ICB,QHM,E54000050,NHS North East and North Cumbria Integrated Care Board,COMORBIDITIES,21989
31-Jul-25,ICB,QHM,E54000050,NHS North East and North Cumbria Integrated Care Board,PALLIATIVE_CARE,5079
31-Jul-25,ICB,QHM,E54000050,NHS North East and North Cumbria Integrated Care Board,DEMENTIA_REGISTER_65_PLUS,29085
31-Jul-25,ICB,QRV,E54000027,NHS North West London Integrated Care Board,PALLIATIVE_CARE,3161
31-Jul-25,ICB,QRV,E54000027,NHS North West London Integrated Care Board,COMORBIDITIES,10404
31-Jul-25,ICB,QRV,E54000027,NHS North West London Integrated Care Board,DEMENTIA_REGISTER_65_PLUS,13104
31-Jul-25,ICB,QPM,E54000059,NHS Northamptonshire Integrated Care Board,PALLIATIVE_CARE,526
31-Jul-25,ICB,QPM,E54000059,NHS Northamptonshire Integrated Care Board,COMORBIDITIES,4637
31-Jul-25,ICB,QPM,E54000059,NHS Northamptonshire Integrated Care Board,DEMENTIA_REGISTER_65_PLUS,6116
31-Jul-25,ICB,QT1,E54000060,NHS Nottingham and Nottinghamshire Integrated Care Board,PALLIATIVE_CARE,3557
31-Jul-25,ICB,QT1,E54000060,NHS Nottingham and Nottinghamshire Integrated Care Board,COMORBIDITIES,7593
31-Jul-25,ICB,QT1,E54000060,NHS Nottingham and Nottinghamshire Integrated Care Board,DEMENTIA_REGISTER_65_PLUS,10495
31-Jul-25,ICB,QOC,E54000011,"NHS Shropshire, Telford and Wrekin Integrated Care Board",COMORBIDITIES,3654
31-Jul-25,ICB,QOC,E54000011,"NHS Shropshire, Telford and Wrekin Integrated Care Board",PALLIATIVE_CARE,499
31-Jul-25,ICB,QOC,E54000011,"NHS Shropshire, Telford and Wrekin Integrated Care Board",DEMENTIA_REGISTER_65_PLUS,5074
31-Jul-25,ICB,QSL,E54000038,NHS Somerset Integrated Care Board,PALLIATIVE_CARE,572
31-Jul-25,ICB,QSL,E54000038,NHS Somerset Integrated Care Board,COMORBIDITIES,4136
31-Jul-25,ICB,QSL,E54000038,NHS Somerset Integrated Care Board,DEMENTIA_REGISTER_65_PLUS,5688
31-Jul-25,ICB,QKK,E54000030,NHS South East London Integrated Care Board,COMORBIDITIES,8443
31-Jul-25,ICB,QKK,E54000030,NHS South East London Integrated Care Board,PALLIATIVE_CARE,2384
31-Jul-25,ICB,QKK,E54000030,NHS South East London Integrated Care Board,DEMENTIA_REGISTER_65_PLUS,11041
31-Jul-25,ICB,QWE,E54000031,NHS South West London Integrated Care Board,PALLIATIVE_CARE,2255
31-Jul-25,ICB,QWE,E54000031,NHS South West London Integrated Care Board,COMORBIDITIES,8034
31-Jul-25,ICB,QWE,E54000031,NHS South West London Integrated Care Board,DEMENTIA_REGISTER_65_PLUS,10903
31-Jul-25,ICB,QF7,E54000061,NHS South Yorkshire Integrated Care Board,COMORBIDITIES,9582
31-Jul-25,ICB,QF7,E54000061,NHS South Yorkshire Integrated Care Board,PALLIATIVE_CARE,2152
31-Jul-25,ICB,QF7,E54000061,NHS South Yorkshire Integrated Care Board,DEMENTIA_REGISTER_65_PLUS,12779
31-Jul-25,ICB,QNC,E54000010,NHS Staffordshire and Stoke-on-Trent Integrated Care Board,PALLIATIVE_CARE,3179
31-Jul-25,ICB,QNC,E54000010,NHS Staffordshire and Stoke-on-Trent Integrated Care Board,COMORBIDITIES,9050
31-Jul-25,ICB,QNC,E54000010,NHS Staffordshire and Stoke-on-Trent Integrated Care Board,DEMENTIA_REGISTER_65_PLUS,12047
31-Jul-25,ICB,QJG,E54000023,NHS Suffolk and North East Essex Integrated Care Board,PALLIATIVE_CARE,2236
31-Jul-25,ICB,QJG,E54000023,NHS Suffolk and North East Essex Integrated Care Board,COMORBIDITIES,7297
31-Jul-25,ICB,QJG,E54000023,NHS Suffolk and North East Essex Integrated Care Board,DEMENTIA_REGISTER_65_PLUS,10115
31-Jul-25,ICB,QXU,E54000063,NHS Surrey Heartlands ICB,PALLIATIVE_CARE,1075
31-Jul-25,ICB,QXU,E54000063,NHS Surrey Heartlands ICB,COMORBIDITIES,7225
31-Jul-25,ICB,QXU,E54000063,NHS Surrey Heartlands ICB,DEMENTIA_REGISTER_65_PLUS,10361
31-Jul-25,ICB,QNX,E54000064,NHS Sussex ICB,COMORBIDITIES,12419
31-Jul-25,ICB,QNX,E54000064,NHS Sussex ICB,PALLIATIVE_CARE,2584
31-Jul-25,ICB,QNX,E54000064,NHS Sussex ICB,DEMENTIA_REGISTER_65_PLUS,17982
31-Jul-25,ICB,QWO,E54000054,NHS West Yorkshire Integrated Care Board,PALLIATIVE_CARE,4958
31-Jul-25,ICB,QWO,E54000054,NHS West Yorkshire Integrated Care Board,COMORBIDITIES,14942
31-Jul-25,ICB,QWO,E54000054,NHS West Yorkshire Integrated Care Board,DEMENTIA_REGISTER_65_PLUS,20065
31-Jul-25,REGION,Y61,E40000013,East of England,COMORBIDITIES,44293
31-Jul-25,REGION,Y61,E40000013,East of England,PALLIATIVE_CARE,11668
31-Jul-25,REGION,Y61,E40000013,East of England,DEMENTIA_REGISTER_65_PLUS,60452
31-Jul-25,REGION,Y56,E40000003,London,COMORBIDITIES,40788
31-Jul-25,REGION,Y56,E40000003,London,PALLIATIVE_CARE,11658
31-Jul-25,REGION,Y56,E40000003,London,DEMENTIA_REGISTER_65_PLUS,52791
31-Jul-25,REGION,Y60,E40000011,Midlands,PALLIATIVE_CARE,22938
31-Jul-25,REGION,Y60,E40000011,Midlands,COMORBIDITIES,71296
31-Jul-25,REGION,Y60,E40000011,Midlands,DEMENTIA_REGISTER_65_PLUS,96216
31-Jul-25,REGION,Y63,E40000012,North East and Yorkshire,PALLIATIVE_CARE,15595
31-Jul-25,REGION,Y63,E40000012,North East and Yorkshire,COMORBIDITIES,58324
31-Jul-25,REGION,Y63,E40000012,North East and Yorkshire,DEMENTIA_REGISTER_65_PLUS,78223
31-Jul-25,REGION,Y62,E40000014,North West,PALLIATIVE_CARE,14772
31-Jul-25,REGION,Y62,E40000014,North West,COMORBIDITIES,47047
31-Jul-25,REGION,Y62,E40000014,North West,DEMENTIA_REGISTER_65_PLUS,63719
31-Jul-25,REGION,Y59,E40000005,South East,PALLIATIVE_CARE,11898
31-Jul-25,REGION,Y59,E40000005,South East,COMORBIDITIES,59117
31-Jul-25,REGION,Y59,E40000005,South East,DEMENTIA_REGISTER_65_PLUS,83337
31-Jul-25,REGION,Y58,E40000006,South West,COMORBIDITIES,40680
31-Jul-25,REGION,Y58,E40000006,South West,PALLIATIVE_CARE,7335
31-Jul-25,REGION,Y58,E40000006,South West,DEMENTIA_REGISTER_65_PLUS,56707
31-Jul-25,SUB_ICB,92G,E38000231,"NHS Bath and North East Somerset, Swindon and Wiltshire ICB - 92G",PALLIATIVE_CARE,750
31-Jul-25,SUB_ICB,92G,E38000231,"NHS Bath and North East Somerset, Swindon and Wiltshire ICB - 92G",COMORBIDITIES,6240
31-Jul-25,SUB_ICB,92G,E38000231,"NHS Bath and North East Somerset, Swindon and Wiltshire ICB - 92G",DEMENTIA_REGISTER_65_PLUS,8629
31-Jul-25,SUB_ICB,M1J4Y,E38000249,"NHS Bedfordshire, Luton and Milton Keynes ICB - M1J4Y",COMORBIDITIES,5685
31-Jul-25,SUB_ICB,M1J4Y,E38000249,"NHS Bedfordshire, Luton and Milton Keynes ICB - M1J4Y",PALLIATIVE_CARE,1090
31-Jul-25,SUB_ICB,M1J4Y,E38000249,"NHS Bedfordshire, Luton and Milton Keynes ICB - M1J4Y",DEMENTIA_REGISTER_65_PLUS,7506
31-Jul-25,SUB_ICB,15E,E38000258,NHS Birmingham and Solihull ICB - 15E,COMORBIDITIES,7045
31-Jul-25,SUB_ICB,15E,E38000258,NHS Birmingham and Solihull ICB - 15E,PALLIATIVE_CARE,2150
31-Jul-25,SUB_ICB,15E,E38000258,NHS Birmingham and Solihull ICB - 15E,DEMENTIA_REGISTER_65_PLUS,9365
31-Jul-25,SUB_ICB,D2P2L,E38000259,NHS Black Country ICB - D2P2L,COMORBIDITIES,7585
31-Jul-25,SUB_ICB,D2P2L,E38000259,NHS Black Country ICB - D2P2L,PALLIATIVE_CARE,3005
31-Jul-25,SUB_ICB,D2P2L,E38000259,NHS Black Country ICB - D2P2L,DEMENTIA_REGISTER_65_PLUS,9793
31-Jul-25,SUB_ICB,15C,E38000222,"NHS Bristol, North Somerset and South Gloucestershire ICB - 15C",COMORBIDITIES,6305
31-Jul-25,SUB_ICB,15C,E38000222,"NHS Bristol, North Somerset and South Gloucestershire ICB - 15C",PALLIATIVE_CARE,1015
31-Jul-25,SUB_ICB,15C,E38000222,"NHS Bristol, North Somerset and South Gloucestershire ICB - 15C",DEMENTIA_REGISTER_65_PLUS,8639
31-Jul-25,SUB_ICB,10Q,E38000136,"NHS Buckinghamshire, Oxfordshire and Berkshire West ICB - 10Q",PALLIATIVE_CARE,695
31-Jul-25,SUB_ICB,10Q,E38000136,"NHS Buckinghamshire, Oxfordshire and Berkshire West ICB - 10Q",COMORBIDITIES,4350
31-Jul-25,SUB_ICB,10Q,E38000136,"NHS Buckinghamshire, Oxfordshire and Berkshire West ICB - 10Q",DEMENTIA_REGISTER_65_PLUS,6288
31-Jul-25,SUB_ICB,14Y,E38000223,"NHS Buckinghamshire, Oxfordshire and Berkshire West ICB - 14Y",COMORBIDITIES,3210
31-Jul-25,SUB_ICB,14Y,E38000223,"NHS Buckinghamshire, Oxfordshire and Berkshire West ICB - 14Y",PALLIATIVE_CARE,710
31-Jul-25,SUB_ICB,14Y,E38000223,"NHS Buckinghamshire, Oxfordshire and Berkshire West ICB - 14Y",DEMENTIA_REGISTER_65_PLUS,4526
31-Jul-25,SUB_ICB,15A,E38000221,"NHS Buckinghamshire, Oxfordshire and Berkshire West ICB - 15A",COMORBIDITIES,2915
31-Jul-25,SUB_ICB,15A,E38000221,"NHS Buckinghamshire, Oxfordshire and Berkshire West ICB - 15A",PALLIATIVE_CARE,760
31-Jul-25,SUB_ICB,15A,E38000221,"NHS Buckinghamshire, Oxfordshire and Berkshire West ICB - 15A",DEMENTIA_REGISTER_65_PLUS,4049
31-Jul-25,SUB_ICB,06H,E38000260,NHS Cambridgeshire and Peterborough ICB - 06H,PALLIATIVE_CARE,1055
31-Jul-25,SUB_ICB,06H,E38000260,NHS Cambridgeshire and Peterborough ICB - 06H,COMORBIDITIES,5180
31-Jul-25,SUB_ICB,06H,E38000260,NHS Cambridgeshire and Peterborough ICB - 06H,DEMENTIA_REGISTER_65_PLUS,7001
31-Jul-25,SUB_ICB,01F,E38000068,NHS Cheshire and Merseyside ICB - 01F,PALLIATIVE_CARE,155
31-Jul-25,SUB_ICB,01F,E38000068,NHS Cheshire and Merseyside ICB - 01F,COMORBIDITIES,760
31-Jul-25,SUB_ICB,01F,E38000068,NHS Cheshire and Merseyside ICB - 01F,DEMENTIA_REGISTER_65_PLUS,992
31-Jul-25,SUB_ICB,01J,E38000091,NHS Cheshire and Merseyside ICB - 01J,PALLIATIVE_CARE,310
31-Jul-25,SUB_ICB,01J,E38000091,NHS Cheshire and Merseyside ICB - 01J,COMORBIDITIES,880
31-Jul-25,SUB_ICB,01J,E38000091,NHS Cheshire and Merseyside ICB - 01J,DEMENTIA_REGISTER_65_PLUS,1123
31-Jul-25,SUB_ICB,01T,E38000161,NHS Cheshire and Merseyside ICB - 01T,COMORBIDITIES,905
31-Jul-25,SUB_ICB,01T,E38000161,NHS Cheshire and Merseyside ICB - 01T,PALLIATIVE_CARE,410
31-Jul-25,SUB_ICB,01T,E38000161,NHS Cheshire and Merseyside ICB - 01T,DEMENTIA_REGISTER_65_PLUS,1231
31-Jul-25,SUB_ICB,01V,E38000170,NHS Cheshire and Merseyside ICB - 01V,COMORBIDITIES,1315
31-Jul-25,SUB_ICB,01V,E38000170,NHS Cheshire and Merseyside ICB - 01V,PALLIATIVE_CARE,575
31-Jul-25,SUB_ICB,01V,E38000170,NHS Cheshire and Merseyside ICB - 01V,DEMENTIA_REGISTER_65_PLUS,1876
31-Jul-25,SUB_ICB,01X,E38000172,NHS Cheshire and Merseyside ICB - 01X,COMORBIDITIES,1330
31-Jul-25,SUB_ICB,01X,E38000172,NHS Cheshire and Merseyside ICB - 01X,PALLIATIVE_CARE,330
31-Jul-25,SUB_ICB,01X,E38000172,NHS Cheshire and Merseyside ICB - 01X,DEMENTIA_REGISTER_65_PLUS,1771
31-Jul-25,SUB_ICB,02E,E38000194,NHS Cheshire and Merseyside ICB - 02E,PALLIATIVE_CARE,935
31-Jul-25,SUB_ICB,02E,E38000194,NHS Cheshire and Merseyside ICB - 02E,COMORBIDITIES,1525
31-Jul-25,SUB_ICB,02E,E38000194,NHS Cheshire and Merseyside ICB - 02E,DEMENTIA_REGISTER_65_PLUS,2084
31-Jul-25,SUB_ICB,12F,E38000208,NHS Cheshire and Merseyside ICB - 12F,COMORBIDITIES,2415
31-Jul-25,SUB_ICB,12F,E38000208,NHS Cheshire and Merseyside ICB - 12F,PALLIATIVE_CARE,970
31-Jul-25,SUB_ICB,12F,E38000208,NHS Cheshire and Merseyside ICB - 12F,DEMENTIA_REGISTER_65_PLUS,3307
31-Jul-25,SUB_ICB,27D,E38000233,NHS Cheshire and Merseyside ICB - 27D,PALLIATIVE_CARE,1595
31-Jul-25,SUB_ICB,27D,E38000233,NHS Cheshire and Merseyside ICB - 27D,COMORBIDITIES,5830
31-Jul-25,SUB_ICB,27D,E38000233,NHS Cheshire and Merseyside ICB - 27D,DEMENTIA_REGISTER_65_PLUS,8070
31-Jul-25,SUB_ICB,99A,E38000101,NHS Cheshire and Merseyside ICB - 99A,COMORBIDITIES,2715
31-Jul-25,SUB_ICB,99A,E38000101,NHS Cheshire and Merseyside ICB - 99A,PALLIATIVE_CARE,525
31-Jul-25,SUB_ICB,99A,E38000101,NHS Cheshire and Merseyside ICB - 99A,DEMENTIA_REGISTER_65_PLUS,3544
31-Jul-25,SUB_ICB,11N,E38000089,NHS Cornwall and the Isles of Scilly ICB - 11N,COMORBIDITIES,4400
31-Jul-25,SUB_ICB,11N,E38000089,NHS Cornwall and the Isles of Scilly ICB - 11N,PALLIATIVE_CARE,390
31-Jul-25,SUB_ICB,11N,E38000089,NHS Cornwall and the Isles of Scilly ICB - 11N,DEMENTIA_REGISTER_65_PLUS,6194
31-Jul-25,SUB_ICB,B2M3M,E38000251,NHS Coventry and Warwickshire ICB - B2M3M,PALLIATIVE_CARE,1135
31-Jul-25,SUB_ICB,B2M3M,E38000251,NHS Coventry and Warwickshire ICB - B2M3M,COMORBIDITIES,5480
31-Jul-25,SUB_ICB,B2M3M,E38000251,NHS Coventry and Warwickshire ICB - B2M3M,DEMENTIA_REGISTER_65_PLUS,7556
31-Jul-25,SUB_ICB,15M,E38000261,NHS Derby and Derbyshire ICB - 15M,COMORBIDITIES,7770
31-Jul-25,SUB_ICB,15M,E38000261,NHS Derby and Derbyshire ICB - 15M,PALLIATIVE_CARE,2510
31-Jul-25,SUB_ICB,15M,E38000261,NHS Derby and Derbyshire ICB - 15M,DEMENTIA_REGISTER_65_PLUS,10508
31-Jul-25,SUB_ICB,15N,E38000230,NHS Devon ICB - 15N,COMORBIDITIES,8895
31-Jul-25,SUB_ICB,15N,E38000230,NHS Devon ICB - 15N,PALLIATIVE_CARE,1290
31-Jul-25,SUB_ICB,15N,E38000230,NHS Devon ICB - 15N,DEMENTIA_REGISTER_65_PLUS,12384
31-Jul-25,SUB_ICB,11J,E38000045,NHS Dorset ICB - 11J,PALLIATIVE_CARE,2150
31-Jul-25,SUB_ICB,11J,E38000045,NHS Dorset ICB - 11J,COMORBIDITIES,5915
31-Jul-25,SUB_ICB,11J,E38000045,NHS Dorset ICB - 11J,DEMENTIA_REGISTER_65_PLUS,8471
31-Jul-25,SUB_ICB,D4U1Y,E38000252,NHS Frimley ICB - D4U1Y,PALLIATIVE_CARE,910
31-Jul-25,SUB_ICB,D4U1Y,E38000252,NHS Frimley ICB - D4U1Y,COMORBIDITIES,4495
31-Jul-25,SUB_ICB,D4U1Y,E38000252,NHS Frimley ICB - D4U1Y,DEMENTIA_REGISTER_65_PLUS,6161
31-Jul-25,SUB_ICB,11M,E38000062,NHS Gloucestershire ICB - 11M,COMORBIDITIES,4790
31-Jul-25,SUB_ICB,11M,E38000062,NHS Gloucestershire ICB - 11M,PALLIATIVE_CARE,1170
31-Jul-25,SUB_ICB,11M,E38000062,NHS Gloucestershire ICB - 11M,DEMENTIA_REGISTER_65_PLUS,6702
31-Jul-25,SUB_ICB,00T,E38000016,NHS Greater Manchester ICB - 00T,COMORBIDITIES,1800
31-Jul-25,SUB_ICB,00T,E38000016,NHS Greater Manchester ICB - 00T,PALLIATIVE_CARE,335
31-Jul-25,SUB_ICB,00T,E38000016,NHS Greater Manchester ICB - 00T,DEMENTIA_REGISTER_65_PLUS,2436
31-Jul-25,SUB_ICB,00V,E38000024,NHS Greater Manchester ICB - 00V,PALLIATIVE_CARE,270
31-Jul-25,SUB_ICB,00V,E38000024,NHS Greater Manchester ICB - 00V,COMORBIDITIES,1315
31-Jul-25,SUB_ICB,00V,E38000024,NHS Greater Manchester ICB - 00V,DEMENTIA_REGISTER_65_PLUS,1881
31-Jul-25,SUB_ICB,00Y,E38000135,NHS Greater Manchester ICB - 00Y,PALLIATIVE_CARE,280
31-Jul-25,SUB_ICB,00Y,E38000135,NHS Greater Manchester ICB - 00Y,COMORBIDITIES,1435
31-Jul-25,SUB_ICB,00Y,E38000135,NHS Greater Manchester ICB - 00Y,DEMENTIA_REGISTER_65_PLUS,1940
31-Jul-25,SUB_ICB,01D,E38000080,NHS Greater Manchester ICB - 01D,COMORBIDITIES,1425
31-Jul-25,SUB_ICB,01D,E38000080,NHS Greater Manchester ICB - 01D,PALLIATIVE_CARE,380
31-Jul-25,SUB_ICB,01D,E38000080,NHS Greater Manchester ICB - 01D,DEMENTIA_REGISTER_65_PLUS,1896
31-Jul-25,SUB_ICB,01G,E38000143,NHS Greater Manchester ICB - 01G,COMORBIDITIES,1440
31-Jul-25,SUB_ICB,01G,E38000143,NHS Greater Manchester ICB - 01G,PALLIATIVE_CARE,360
31-Jul-25,SUB_ICB,01G,E38000143,NHS Greater Manchester ICB - 01G,DEMENTIA_REGISTER_65_PLUS,1923
31-Jul-25,SUB_ICB,01W,E38000174,NHS Greater Manchester ICB - 01W,PALLIATIVE_CARE,610
31-Jul-25,SUB_ICB,01W,E38000174,NHS Greater Manchester ICB - 01W,COMORBIDITIES,2400
31-Jul-25,SUB_ICB,01W,E38000174,NHS Greater Manchester ICB - 01W,DEMENTIA_REGISTER_65_PLUS,3281
31-Jul-25,SUB_ICB,01Y,E38000263,NHS Greater Manchester ICB - 01Y,PALLIATIVE_CARE,675
31-Jul-25,SUB_ICB,01Y,E38000263,NHS Greater Manchester ICB - 01Y,COMORBIDITIES,1380
31-Jul-25,SUB_ICB,01Y,E38000263,NHS Greater Manchester ICB - 01Y,DEMENTIA_REGISTER_65_PLUS,1749
31-Jul-25,SUB_ICB,02A,E38000187,NHS Greater Manchester ICB - 02A,PALLIATIVE_CARE,240
31-Jul-25,SUB_ICB,02A,E38000187,NHS Greater Manchester ICB - 02A,COMORBIDITIES,1450
31-Jul-25,SUB_ICB,02A,E38000187,NHS Greater Manchester ICB - 02A,DEMENTIA_REGISTER_65_PLUS,2020
31-Jul-25,SUB_ICB,02H,E38000205,NHS Greater Manchester ICB - 02H,PALLIATIVE_CARE,1070
31-Jul-25,SUB_ICB,02H,E38000205,NHS Greater Manchester ICB - 02H,COMORBIDITIES,2355
31-Jul-25,SUB_ICB,02H,E38000205,NHS Greater Manchester ICB - 02H,DEMENTIA_REGISTER_65_PLUS,3074
31-Jul-25,SUB_ICB,14L,E38000217,NHS Greater Manchester ICB - 14L,COMORBIDITIES,2250
31-Jul-25,SUB_ICB,14L,E38000217,NHS Greater Manchester ICB - 14L,PALLIATIVE_CARE,485
31-Jul-25,SUB_ICB,14L,E38000217,NHS Greater Manchester ICB - 14L,DEMENTIA_REGISTER_65_PLUS,2910
31-Jul-25,SUB_ICB,10R,E38000137,NHS Hampshire and Isle of Wight ICB - 10R,COMORBIDITIES,1200
31-Jul-25,SUB_ICB,10R,E38000137,NHS Hampshire and Isle of Wight ICB - 10R,PALLIATIVE_CARE,365
31-Jul-25,SUB_ICB,10R,E38000137,NHS Hampshire and Isle of Wight ICB - 10R,DEMENTIA_REGISTER_65_PLUS,1577
31-Jul-25,SUB_ICB,D9Y0V,E38000253,NHS Hampshire and Isle of Wight ICB - D9Y0V,PALLIATIVE_CARE,1995
31-Jul-25,SUB_ICB,D9Y0V,E38000253,NHS Hampshire and Isle of Wight ICB - D9Y0V,COMORBIDITIES,11580
31-Jul-25,SUB_ICB,D9Y0V,E38000253,NHS Hampshire and Isle of Wight ICB - D9Y0V,DEMENTIA_REGISTER_65_PLUS,16147
31-Jul-25,SUB_ICB,18C,E38000236,NHS Herefordshire and Worcestershire ICB - 18C,PALLIATIVE_CARE,2055
31-Jul-25,SUB_ICB,18C,E38000236,NHS Herefordshire and Worcestershire ICB - 18C,COMORBIDITIES,5200
31-Jul-25,SUB_ICB,18C,E38000236,NHS Herefordshire and Worcestershire ICB - 18C,DEMENTIA_REGISTER_65_PLUS,7324
31-Jul-25,SUB_ICB,06K,E38000049,NHS Hertfordshire and West Essex ICB - 06K,PALLIATIVE_CARE,1610
31-Jul-25,SUB_ICB,06K,E38000049,NHS Hertfordshire and West Essex ICB - 06K,COMORBIDITIES,3445
31-Jul-25,SUB_ICB,06K,E38000049,NHS Hertfordshire and West Essex ICB - 06K,DEMENTIA_REGISTER_65_PLUS,4767
31-Jul-25,SUB_ICB,06N,E38000079,NHS Hertfordshire and West Essex ICB - 06N,PALLIATIVE_CARE,1010
31-Jul-25,SUB_ICB,06N,E38000079,NHS Hertfordshire and West Essex ICB - 06N,COMORBIDITIES,3675
31-Jul-25,SUB_ICB,06N,E38000079,NHS Hertfordshire and West Essex ICB - 06N,DEMENTIA_REGISTER_65_PLUS,5051
31-Jul-25,SUB_ICB,07H,E38000197,NHS Hertfordshire and West Essex ICB - 07H,COMORBIDITIES,2285
31-Jul-25,SUB_ICB,07H,E38000197,NHS Hertfordshire and West Essex ICB - 07H,PALLIATIVE_CARE,1020
31-Jul-25,SUB_ICB,07H,E38000197,NHS Hertfordshire and West Essex ICB - 07H,DEMENTIA_REGISTER_65_PLUS,3118
31-Jul-25,SUB_ICB,02Y,E38000052,NHS Humber and North Yorkshire ICB - 02Y,PALLIATIVE_CARE,435
31-Jul-25,SUB_ICB,02Y,E38000052,NHS Humber and North Yorkshire ICB - 02Y,COMORBIDITIES,2380
31-Jul-25,SUB_ICB,02Y,E38000052,NHS Humber and North Yorkshire ICB - 02Y,DEMENTIA_REGISTER_65_PLUS,3325
31-Jul-25,SUB_ICB,03F,E38000085,NHS Humber and North Yorkshire ICB - 03F,PALLIATIVE_CARE,220
31-Jul-25,SUB_ICB,03F,E38000085,NHS Humber and North Yorkshire ICB - 03F,COMORBIDITIES,1455
31-Jul-25,SUB_ICB,03F,E38000085,NHS Humber and North Yorkshire ICB - 03F,DEMENTIA_REGISTER_65_PLUS,1915
31-Jul-25,SUB_ICB,03H,E38000119,NHS Humber and North Yorkshire ICB - 03H,COMORBIDITIES,1235
31-Jul-25,SUB_ICB,03H,E38000119,NHS Humber and North Yorkshire ICB - 03H,PALLIATIVE_CARE,450
31-Jul-25,SUB_ICB,03H,E38000119,NHS Humber and North Yorkshire ICB - 03H,DEMENTIA_REGISTER_65_PLUS,1715
31-Jul-25,SUB_ICB,03K,E38000122,NHS Humber and North Yorkshire ICB - 03K,PALLIATIVE_CARE,820
31-Jul-25,SUB_ICB,03K,E38000122,NHS Humber and North Yorkshire ICB - 03K,COMORBIDITIES,1285
31-Jul-25,SUB_ICB,03K,E38000122,NHS Humber and North Yorkshire ICB - 03K,DEMENTIA_REGISTER_65_PLUS,1741
31-Jul-25,SUB_ICB,03Q,E38000188,NHS Humber and North Yorkshire ICB - 03Q,PALLIATIVE_CARE,470
31-Jul-25,SUB_ICB,03Q,E38000188,NHS Humber and North Yorkshire ICB - 03Q,COMORBIDITIES,1325
31-Jul-25,SUB_ICB,03Q,E38000188,NHS Humber and North Yorkshire ICB - 03Q,DEMENTIA_REGISTER_65_PLUS,1841
31-Jul-25,SUB_ICB,42D,E38000241,NHS Humber and North Yorkshire ICB - 42D,COMORBIDITIES,4130
31-Jul-25,SUB_ICB,42D,E38000241,NHS Humber and North Yorkshire ICB - 42D,PALLIATIVE_CARE,1010
31-Jul-25,SUB_ICB,42D,E38000241,NHS Humber and North Yorkshire ICB - 42D,DEMENTIA_REGISTER_65_PLUS,5757
31-Jul-25,SUB_ICB,91Q,E38000237,NHS Kent and Medway ICB - 91Q,PALLIATIVE_CARE,2805
31-Jul-25,SUB_ICB,91Q,E38000237,NHS Kent and Medway ICB - 91Q,COMORBIDITIES,11725
31-Jul-25,SUB_ICB,91Q,E38000237,NHS Kent and Medway ICB - 91Q,DEMENTIA_REGISTER_65_PLUS,16246
31-Jul-25,SUB_ICB,00Q,E38000014,NHS Lancashire and South Cumbria ICB - 00Q,PALLIATIVE_CARE,190
31-Jul-25,SUB_ICB,00Q,E38000014,NHS Lancashire and South Cumbria ICB - 00Q,COMORBIDITIES,805
31-Jul-25,SUB_ICB,00Q,E38000014,NHS Lancashire and South Cumbria ICB - 00Q,DEMENTIA_REGISTER_65_PLUS,1019
31-Jul-25,SUB_ICB,00R,E38000015,NHS Lancashire and South Cumbria ICB - 00R,COMORBIDITIES,1185
31-Jul-25,SUB_ICB,00R,E38000015,NHS Lancashire and South Cumbria ICB - 00R,PALLIATIVE_CARE,585
31-Jul-25,SUB_ICB,00R,E38000015,NHS Lancashire and South Cumbria ICB - 00R,DEMENTIA_REGISTER_65_PLUS,1590
31-Jul-25,SUB_ICB,00X,E38000034,NHS Lancashire and South Cumbria ICB - 00X,COMORBIDITIES,1390
31-Jul-25,SUB_ICB,00X,E38000034,NHS Lancashire and South Cumbria ICB - 00X,PALLIATIVE_CARE,395
31-Jul-25,SUB_ICB,00X,E38000034,NHS Lancashire and South Cumbria ICB - 00X,DEMENTIA_REGISTER_65_PLUS,1883
31-Jul-25,SUB_ICB,01A,E38000050,NHS Lancashire and South Cumbria ICB - 01A,PALLIATIVE_CARE,760
31-Jul-25,SUB_ICB,01A,E38000050,NHS Lancashire and South Cumbria ICB - 01A,COMORBIDITIES,2165
31-Jul-25,SUB_ICB,01A,E38000050,NHS Lancashire and South Cumbria ICB - 01A,DEMENTIA_REGISTER_65_PLUS,2986
31-Jul-25,SUB_ICB,01E,E38000227,NHS Lancashire and South Cumbria ICB - 01E,COMORBIDITIES,1345
31-Jul-25,SUB_ICB,01E,E38000227,NHS Lancashire and South Cumbria ICB - 01E,PALLIATIVE_CARE,480
31-Jul-25,SUB_ICB,01E,E38000227,NHS Lancashire and South Cumbria ICB - 01E,DEMENTIA_REGISTER_65_PLUS,1825
31-Jul-25,SUB_ICB,01K,E38000228,NHS Lancashire and South Cumbria ICB - 01K,PALLIATIVE_CARE,770
31-Jul-25,SUB_ICB,01K,E38000228,NHS Lancashire and South Cumbria ICB - 01K,COMORBIDITIES,2700
31-Jul-25,SUB_ICB,01K,E38000228,NHS Lancashire and South Cumbria ICB - 01K,DEMENTIA_REGISTER_65_PLUS,3761
31-Jul-25,SUB_ICB,02G,E38000200,NHS Lancashire and South Cumbria ICB - 02G,PALLIATIVE_CARE,135
31-Jul-25,SUB_ICB,02G,E38000200,NHS Lancashire and South Cumbria ICB - 02G,COMORBIDITIES,795
31-Jul-25,SUB_ICB,02G,E38000200,NHS Lancashire and South Cumbria ICB - 02G,DEMENTIA_REGISTER_65_PLUS,1154
31-Jul-25,SUB_ICB,02M,E38000226,NHS Lancashire and South Cumbria ICB - 02M,COMORBIDITIES,1725
31-Jul-25,SUB_ICB,02M,E38000226,NHS Lancashire and South Cumbria ICB - 02M,PALLIATIVE_CARE,940
31-Jul-25,SUB_ICB,02M,E38000226,NHS Lancashire and South Cumbria ICB - 02M,DEMENTIA_REGISTER_65_PLUS,2393
31-Jul-25,SUB_ICB,03W,E38000051,"NHS Leicester, Leicestershire and Rutland ICB - 03W",COMORBIDITIES,2390
31-Jul-25,SUB_ICB,03W,E38000051,"NHS Leicester, Leicestershire and Rutland ICB - 03W",PALLIATIVE_CARE,945
31-Jul-25,SUB_ICB,03W,E38000051,"NHS Leicester, Leicestershire and Rutland ICB - 03W",DEMENTIA_REGISTER_65_PLUS,3342
31-Jul-25,SUB_ICB,04C,E38000097,"NHS Leicester, Leicestershire and Rutland ICB - 04C",COMORBIDITIES,1885
31-Jul-25,SUB_ICB,04C,E38000097,"NHS Leicester, Leicestershire and Rutland ICB - 04C",PALLIATIVE_CARE,630
31-Jul-25,SUB_ICB,04C,E38000097,"NHS Leicester, Leicestershire and Rutland ICB - 04C",DEMENTIA_REGISTER_65_PLUS,2394
31-Jul-25,SUB_ICB,04V,E38000201,"NHS Leicester, Leicestershire and Rutland ICB - 04V",COMORBIDITIES,2410
31-Jul-25,SUB_ICB,04V,E38000201,"NHS Leicester, Leicestershire and Rutland ICB - 04V",PALLIATIVE_CARE,775
31-Jul-25,SUB_ICB,04V,E38000201,"NHS Leicester, Leicestershire and Rutland ICB - 04V",DEMENTIA_REGISTER_65_PLUS,3352
31-Jul-25,SUB_ICB,71E,E38000238,NHS Lincolnshire ICB - 71E,PALLIATIVE_CARE,1975
31-Jul-25,SUB_ICB,71E,E38000238,NHS Lincolnshire ICB - 71E,COMORBIDITIES,6595
31-Jul-25,SUB_ICB,71E,E38000238,NHS Lincolnshire ICB - 71E,DEMENTIA_REGISTER_65_PLUS,8850
31-Jul-25,SUB_ICB,06Q,E38000106,NHS Mid and South Essex ICB - 06Q,PALLIATIVE_CARE,480
31-Jul-25,SUB_ICB,06Q,E38000106,NHS Mid and South Essex ICB - 06Q,COMORBIDITIES,2660
31-Jul-25,SUB_ICB,06Q,E38000106,NHS Mid and South Essex ICB - 06Q,DEMENTIA_REGISTER_65_PLUS,3732
31-Jul-25,SUB_ICB,07G,E38000185,NHS Mid and South Essex ICB - 07G,PALLIATIVE_CARE,330
31-Jul-25,SUB_ICB,07G,E38000185,NHS Mid and South Essex ICB - 07G,COMORBIDITIES,825
31-Jul-25,SUB_ICB,07G,E38000185,NHS Mid and South Essex ICB - 07G,DEMENTIA_REGISTER_65_PLUS,1062
31-Jul-25,SUB_ICB,99E,E38000007,NHS Mid and South Essex ICB - 99E,PALLIATIVE_CARE,530
31-Jul-25,SUB_ICB,99E,E38000007,NHS Mid and South Essex ICB - 99E,COMORBIDITIES,1595
31-Jul-25,SUB_ICB,99E,E38000007,NHS Mid and South Essex ICB - 99E,DEMENTIA_REGISTER_65_PLUS,2159
31-Jul-25,SUB_ICB,99F,E38000030,NHS Mid and South Essex ICB - 99F,PALLIATIVE_CARE,530
31-Jul-25,SUB_ICB,99F,E38000030,NHS Mid and South Essex ICB - 99F,COMORBIDITIES,1625
31-Jul-25,SUB_ICB,99F,E38000030,NHS Mid and South Essex ICB - 99F,DEMENTIA_REGISTER_65_PLUS,2207
31-Jul-25,SUB_ICB,99G,E38000168,NHS Mid and South Essex ICB - 99G,PALLIATIVE_CARE,635
31-Jul-25,SUB_ICB,99G,E38000168,NHS Mid and South Essex ICB - 99G,COMORBIDITIES,1530
31-Jul-25,SUB_ICB,99G,E38000168,NHS Mid and South Essex ICB - 99G,DEMENTIA_REGISTER_65_PLUS,2088
31-Jul-25,SUB_ICB,26A,E38000239,NHS Norfolk and Waveney ICB - 26A,PALLIATIVE_CARE,1135
31-Jul-25,SUB_ICB,26A,E38000239,NHS Norfolk and Waveney ICB - 26A,COMORBIDITIES,8495
31-Jul-25,SUB_ICB,26A,E38000239,NHS Norfolk and Waveney ICB - 26A,DEMENTIA_REGISTER_65_PLUS,11646
31-Jul-25,SUB_ICB,93C,E38000240,NHS North Central London ICB - 93C,COMORBIDITIES,6995
31-Jul-25,SUB_ICB,93C,E38000240,NHS North Central London ICB - 93C,PALLIATIVE_CARE,1450
31-Jul-25,SUB_ICB,93C,E38000240,NHS North Central London ICB - 93C,DEMENTIA_REGISTER_65_PLUS,9053
31-Jul-25,SUB_ICB,A3A8R,E38000255,NHS North East London ICB - A3A8R,PALLIATIVE_CARE,2405
31-Jul-25,SUB_ICB,A3A8R,E38000255,NHS North East London ICB - A3A8R,COMORBIDITIES,6910
31-Jul-25,SUB_ICB,A3A8R,E38000255,NHS North East London ICB - A3A8R,DEMENTIA_REGISTER_65_PLUS,8690
31-Jul-25,SUB_ICB,00L,E38000130,NHS North East and North Cumbria ICB - 00L,COMORBIDITIES,2675
31-Jul-25,SUB_ICB,00L,E38000130,NHS North East and North Cumbria ICB - 00L,PALLIATIVE_CARE,525
31-Jul-25,SUB_ICB,00L,E38000130,NHS North East and North Cumbria ICB - 00L,DEMENTIA_REGISTER_65_PLUS,3652
31-Jul-25,SUB_ICB,00N,E38000163,NHS North East and North Cumbria ICB - 00N,COMORBIDITIES,1125
31-Jul-25,SUB_ICB,00N,E38000163,NHS North East and North Cumbria ICB - 00N,PALLIATIVE_CARE,345
31-Jul-25,SUB_ICB,00N,E38000163,NHS North East and North Cumbria ICB - 00N,DEMENTIA_REGISTER_65_PLUS,1502
31-Jul-25,SUB_ICB,00P,E38000176,NHS North East and North Cumbria ICB - 00P,COMORBIDITIES,1900
31-Jul-25,SUB_ICB,00P,E38000176,NHS North East and North Cumbria ICB - 00P,PALLIATIVE_CARE,330
31-Jul-25,SUB_ICB,00P,E38000176,NHS North East and North Cumbria ICB - 00P,DEMENTIA_REGISTER_65_PLUS,2521
31-Jul-25,SUB_ICB,01H,E38000215,NHS North East and North Cumbria ICB - 01H,PALLIATIVE_CARE,480
31-Jul-25,SUB_ICB,01H,E38000215,NHS North East and North Cumbria ICB - 01H,COMORBIDITIES,2270
31-Jul-25,SUB_ICB,01H,E38000215,NHS North East and North Cumbria ICB - 01H,DEMENTIA_REGISTER_65_PLUS,3030
31-Jul-25,SUB_ICB,13T,E38000212,NHS North East and North Cumbria ICB - 13T,COMORBIDITIES,3115
31-Jul-25,SUB_ICB,13T,E38000212,NHS North East and North Cumbria ICB - 13T,PALLIATIVE_CARE,660
31-Jul-25,SUB_ICB,13T,E38000212,NHS North East and North Cumbria ICB - 13T,DEMENTIA_REGISTER_65_PLUS,4148
31-Jul-25,SUB_ICB,16C,E38000247,NHS North East and North Cumbria ICB - 16C,PALLIATIVE_CARE,1005
31-Jul-25,SUB_ICB,16C,E38000247,NHS North East and North Cumbria ICB - 16C,COMORBIDITIES,5015
31-Jul-25,SUB_ICB,16C,E38000247,NHS North East and North Cumbria ICB - 16C,DEMENTIA_REGISTER_65_PLUS,6618
31-Jul-25,SUB_ICB,84H,E38000234,NHS North East and North Cumbria ICB - 84H,PALLIATIVE_CARE,1240
31-Jul-25,SUB_ICB,84H,E38000234,NHS North East and North Cumbria ICB - 84H,COMORBIDITIES,4280
31-Jul-25,SUB_ICB,84H,E38000234,NHS North East and North Cumbria ICB - 84H,DEMENTIA_REGISTER_65_PLUS,5465
31-Jul-25,SUB_ICB,99C,E38000127,NHS North East and North Cumbria ICB - 99C,COMORBIDITIES,1615
31-Jul-25,SUB_ICB,99C,E38000127,NHS North East and North Cumbria ICB - 99C,PALLIATIVE_CARE,495
31-Jul-25,SUB_ICB,99C,E38000127,NHS North East and North Cumbria ICB - 99C,DEMENTIA_REGISTER_65_PLUS,2149
31-Jul-25,SUB_ICB,W2U3Z,E38000256,NHS North West London ICB - W2U3Z,COMORBIDITIES,10405
31-Jul-25,SUB_ICB,W2U3Z,E38000256,NHS North West London ICB - W2U3Z,PALLIATIVE_CARE,3160
31-Jul-25,SUB_ICB,W2U3Z,E38000256,NHS North West London ICB - W2U3Z,DEMENTIA_REGISTER_65_PLUS,13104
31-Jul-25,SUB_ICB,78H,E38000262,NHS Northamptonshire ICB - 78H,PALLIATIVE_CARE,525
31-Jul-25,SUB_ICB,78H,E38000262,NHS Northamptonshire ICB - 78H,COMORBIDITIES,4635
31-Jul-25,SUB_ICB,78H,E38000262,NHS Northamptonshire ICB - 78H,DEMENTIA_REGISTER_65_PLUS,6116
31-Jul-25,SUB_ICB,02Q,E38000008,NHS Nottingham and Nottinghamshire ICB - 02Q,PALLIATIVE_CARE,370
31-Jul-25,SUB_ICB,02Q,E38000008,NHS Nottingham and Nottinghamshire ICB - 02Q,COMORBIDITIES,980
31-Jul-25,SUB_ICB,02Q,E38000008,NHS Nottingham and Nottinghamshire ICB - 02Q,DEMENTIA_REGISTER_65_PLUS,1367
31-Jul-25,SUB_ICB,52R,E38000243,NHS Nottingham and Nottinghamshire ICB - 52R,PALLIATIVE_CARE,3185
31-Jul-25,SUB_ICB,52R,E38000243,NHS Nottingham and Nottinghamshire ICB - 52R,COMORBIDITIES,6615
31-Jul-25,SUB_ICB,52R,E38000243,NHS Nottingham and Nottinghamshire ICB - 52R,DEMENTIA_REGISTER_65_PLUS,9128
31-Jul-25,SUB_ICB,M2L0M,E38000257,"NHS Shropshire, Telford and Wrekin ICB - M2L0M",PALLIATIVE_CARE,500
31-Jul-25,SUB_ICB,M2L0M,E38000257,"NHS Shropshire, Telford and Wrekin ICB - M2L0M",COMORBIDITIES,3655
31-Jul-25,SUB_ICB,M2L0M,E38000257,"NHS Shropshire, Telford and Wrekin ICB - M2L0M",DEMENTIA_REGISTER_65_PLUS,5074
31-Jul-25,SUB_ICB,11X,E38000150,NHS Somerset ICB - 11X,COMORBIDITIES,4135
31-Jul-25,SUB_ICB,11X,E38000150,NHS Somerset ICB - 11X,PALLIATIVE_CARE,570
31-Jul-25,SUB_ICB,11X,E38000150,NHS Somerset ICB - 11X,DEMENTIA_REGISTER_65_PLUS,5688
31-Jul-25,SUB_ICB,72Q,E38000244,NHS South East London ICB - 72Q,PALLIATIVE_CARE,2385
31-Jul-25,SUB_ICB,72Q,E38000244,NHS South East London ICB - 72Q,COMORBIDITIES,8445
31-Jul-25,SUB_ICB,72Q,E38000244,NHS South East London ICB - 72Q,DEMENTIA_REGISTER_65_PLUS,11041
31-Jul-25,SUB_ICB,36L,E38000245,NHS South West London ICB - 36L,PALLIATIVE_CARE,2255
31-Jul-25,SUB_ICB,36L,E38000245,NHS South West London ICB - 36L,COMORBIDITIES,8035
31-Jul-25,SUB_ICB,36L,E38000245,NHS South West London ICB - 36L,DEMENTIA_REGISTER_65_PLUS,10903
31-Jul-25,SUB_ICB,02P,E38000006,NHS South Yorkshire ICB - 02P,PALLIATIVE_CARE,480
31-Jul-25,SUB_ICB,02P,E38000006,NHS South Yorkshire ICB - 02P,COMORBIDITIES,1695
31-Jul-25,SUB_ICB,02P,E38000006,NHS South Yorkshire ICB - 02P,DEMENTIA_REGISTER_65_PLUS,2338
31-Jul-25,SUB_ICB,02X,E38000044,NHS South Yorkshire ICB - 02X,PALLIATIVE_CARE,355
31-Jul-25,SUB_ICB,02X,E38000044,NHS South Yorkshire ICB - 02X,COMORBIDITIES,2020
31-Jul-25,SUB_ICB,02X,E38000044,NHS South Yorkshire ICB - 02X,DEMENTIA_REGISTER_65_PLUS,2699
31-Jul-25,SUB_ICB,03L,E38000141,NHS South Yorkshire ICB - 03L,COMORBIDITIES,2270
31-Jul-25,SUB_ICB,03L,E38000141,NHS South Yorkshire ICB - 03L,PALLIATIVE_CARE,280
31-Jul-25,SUB_ICB,03L,E38000141,NHS South Yorkshire ICB - 03L,DEMENTIA_REGISTER_65_PLUS,2983
31-Jul-25,SUB_ICB,03N,E38000146,NHS South Yorkshire ICB - 03N,COMORBIDITIES,3595
31-Jul-25,SUB_ICB,03N,E38000146,NHS South Yorkshire ICB - 03N,PALLIATIVE_CARE,1040
31-Jul-25,SUB_ICB,03N,E38000146,NHS South Yorkshire ICB - 03N,DEMENTIA_REGISTER_65_PLUS,4759
31-Jul-25,SUB_ICB,04Y,E38000028,NHS Staffordshire and Stoke-on-Trent ICB - 04Y,COMORBIDITIES,1070
31-Jul-25,SUB_ICB,04Y,E38000028,NHS Staffordshire and Stoke-on-Trent ICB - 04Y,PALLIATIVE_CARE,405
31-Jul-25,SUB_ICB,04Y,E38000028,NHS Staffordshire and Stoke-on-Trent ICB - 04Y,DEMENTIA_REGISTER_65_PLUS,1438
31-Jul-25,SUB_ICB,05D,E38000053,NHS Staffordshire and Stoke-on-Trent ICB - 05D,COMORBIDITIES,855
31-Jul-25,SUB_ICB,05D,E38000053,NHS Staffordshire and Stoke-on-Trent ICB - 05D,PALLIATIVE_CARE,420
31-Jul-25,SUB_ICB,05D,E38000053,NHS Staffordshire and Stoke-on-Trent ICB - 05D,DEMENTIA_REGISTER_65_PLUS,1188
31-Jul-25,SUB_ICB,05G,E38000126,NHS Staffordshire and Stoke-on-Trent ICB - 05G,COMORBIDITIES,2030
31-Jul-25,SUB_ICB,05G,E38000126,NHS Staffordshire and Stoke-on-Trent ICB - 05G,PALLIATIVE_CARE,545
31-Jul-25,SUB_ICB,05G,E38000126,NHS Staffordshire and Stoke-on-Trent ICB - 05G,DEMENTIA_REGISTER_65_PLUS,2683
31-Jul-25,SUB_ICB,05Q,E38000153,NHS Staffordshire and Stoke-on-Trent ICB - 05Q,COMORBIDITIES,1545
31-Jul-25,SUB_ICB,05Q,E38000153,NHS Staffordshire and Stoke-on-Trent ICB - 05Q,PALLIATIVE_CARE,630
31-Jul-25,SUB_ICB,05Q,E38000153,NHS Staffordshire and Stoke-on-Trent ICB - 05Q,DEMENTIA_REGISTER_65_PLUS,2151
31-Jul-25,SUB_ICB,05V,E38000173,NHS Staffordshire and Stoke-on-Trent ICB - 05V,COMORBIDITIES,1085
31-Jul-25,SUB_ICB,05V,E38000173,NHS Staffordshire and Stoke-on-Trent ICB - 05V,PALLIATIVE_CARE,425
31-Jul-25,SUB_ICB,05V,E38000173,NHS Staffordshire and Stoke-on-Trent ICB - 05V,DEMENTIA_REGISTER_65_PLUS,1481
31-Jul-25,SUB_ICB,05W,E38000175,NHS Staffordshire and Stoke-on-Trent ICB - 05W,COMORBIDITIES,2465
31-Jul-25,SUB_ICB,05W,E38000175,NHS Staffordshire and Stoke-on-Trent ICB - 05W,PALLIATIVE_CARE,760
31-Jul-25,SUB_ICB,05W,E38000175,NHS Staffordshire and Stoke-on-Trent ICB - 05W,DEMENTIA_REGISTER_65_PLUS,3106
31-Jul-25,SUB_ICB,06L,E38000086,NHS Suffolk and North East Essex ICB - 06L,COMORBIDITIES,2890
31-Jul-25,SUB_ICB,06L,E38000086,NHS Suffolk and North East Essex ICB - 06L,PALLIATIVE_CARE,525
31-Jul-25,SUB_ICB,06L,E38000086,NHS Suffolk and North East Essex ICB - 06L,DEMENTIA_REGISTER_65_PLUS,3966
31-Jul-25,SUB_ICB,06T,E38000117,NHS Suffolk and North East Essex ICB - 06T,PALLIATIVE_CARE,1425
31-Jul-25,SUB_ICB,06T,E38000117,NHS Suffolk and North East Essex ICB - 06T,COMORBIDITIES,2750
31-Jul-25,SUB_ICB,06T,E38000117,NHS Suffolk and North East Essex ICB - 06T,DEMENTIA_REGISTER_65_PLUS,3816
31-Jul-25,SUB_ICB,07K,E38000204,NHS Suffolk and North East Essex ICB - 07K,PALLIATIVE_CARE,285
31-Jul-25,SUB_ICB,07K,E38000204,NHS Suffolk and North East Essex ICB - 07K,COMORBIDITIES,1655
31-Jul-25,SUB_ICB,07K,E38000204,NHS Suffolk and North East Essex ICB - 07K,DEMENTIA_REGISTER_65_PLUS,2333
31-Jul-25,SUB_ICB,92A,E38000264,NHS Surrey Heartlands ICB - 92A,COMORBIDITIES,7225
31-Jul-25,SUB_ICB,92A,E38000264,NHS Surrey Heartlands ICB - 92A,PALLIATIVE_CARE,1075
31-Jul-25,SUB_ICB,92A,E38000264,NHS Surrey Heartlands ICB - 92A,DEMENTIA_REGISTER_65_PLUS,10361
31-Jul-25,SUB_ICB,09D,E38000021,NHS Sussex ICB - 09D,COMORBIDITIES,1295
31-Jul-25,SUB_ICB,09D,E38000021,NHS Sussex ICB - 09D,PALLIATIVE_CARE,205
31-Jul-25,SUB_ICB,09D,E38000021,NHS Sussex ICB - 09D,DEMENTIA_REGISTER_65_PLUS,1888
31-Jul-25,SUB_ICB,70F,E38000265,NHS Sussex ICB - 70F,PALLIATIVE_CARE,1540
31-Jul-25,SUB_ICB,70F,E38000265,NHS Sussex ICB - 70F,COMORBIDITIES,6800
31-Jul-25,SUB_ICB,70F,E38000265,NHS Sussex ICB - 70F,DEMENTIA_REGISTER_65_PLUS,9809
31-Jul-25,SUB_ICB,97R,E38000235,NHS Sussex ICB - 97R,COMORBIDITIES,4320
31-Jul-25,SUB_ICB,97R,E38000235,NHS Sussex ICB - 97R,PALLIATIVE_CARE,840
31-Jul-25,SUB_ICB,97R,E38000235,NHS Sussex ICB - 97R,DEMENTIA_REGISTER_65_PLUS,6285
31-Jul-25,SUB_ICB,02T,E38000025,NHS West Yorkshire ICB - 02T,PALLIATIVE_CARE,390
31-Jul-25,SUB_ICB,02T,E38000025,NHS West Yorkshire ICB - 02T,COMORBIDITIES,1320
31-Jul-25,SUB_ICB,02T,E38000025,NHS West Yorkshire ICB - 02T,DEMENTIA_REGISTER_65_PLUS,1830
31-Jul-25,SUB_ICB,03R,E38000190,NHS West Yorkshire ICB - 03R,COMORBIDITIES,2310
31-Jul-25,SUB_ICB,03R,E38000190,NHS West Yorkshire ICB - 03R,PALLIATIVE_CARE,680
31-Jul-25,SUB_ICB,03R,E38000190,NHS West Yorkshire ICB - 03R,DEMENTIA_REGISTER_65_PLUS,3089
31-Jul-25,SUB_ICB,15F,E38000225,NHS West Yorkshire ICB - 15F,PALLIATIVE_CARE,1310
31-Jul-25,SUB_ICB,15F,E38000225,NHS West Yorkshire ICB - 15F,COMORBIDITIES,5140
31-Jul-25,SUB_ICB,15F,E38000225,NHS West Yorkshire ICB - 15F,DEMENTIA_REGISTER_65_PLUS,6818
31-Jul-25,SUB_ICB,36J,E38000232,NHS West Yorkshire ICB - 36J,COMORBIDITIES,3725
31-Jul-25,SUB_ICB,36J,E38000232,NHS West Yorkshire ICB - 36J,PALLIATIVE_CARE,1690
31-Jul-25,SUB_ICB,36J,E38000232,NHS West Yorkshire ICB - 36J,DEMENTIA_REGISTER_65_PLUS,4984
31-Jul-25,SUB_ICB,X2C4Y,E38000254,NHS West Yorkshire ICB - X2C4Y,COMORBIDITIES,2445
31-Jul-25,SUB_ICB,X2C4Y,E38000254,NHS West Yorkshire ICB - X2C4Y,PALLIATIVE_CARE,885
31-Jul-25,SUB_ICB,X2C4Y,E38000254,NHS West Yorkshire ICB - X2C4Y,DEMENTIA_REGISTER_65_PLUS,3344
30-Jun-25,COUNTRY,ENG,E92000001,ENGLAND,PALLIATIVE_CARE,94795
30-Jun-25,COUNTRY,ENG,E92000001,ENGLAND,COMORBIDITIES,358992
30-Jun-25,COUNTRY,ENG,E92000001,ENGLAND,DEMENTIA_REGISTER_65_PLUS,488329
30-Jun-25,ICB,QOX,E54000040,"NHS Bath and North East Somerset, Swindon and Wiltshire Integrated Care Board",COMORBIDITIES,6196
30-Jun-25,ICB,QOX,E54000040,"NHS Bath and North East Somerset, Swindon and Wiltshire Integrated Care Board",PALLIATIVE_CARE,747
30-Jun-25,ICB,QOX,E54000040,"NHS Bath and North East Somerset, Swindon and Wiltshire Integrated Care Board",DEMENTIA_REGISTER_65_PLUS,8559
30-Jun-25,ICB,QHG,E54000024,"NHS Bedfordshire, Luton and Milton Keynes Integrated Care Board",COMORBIDITIES,5641
30-Jun-25,ICB,QHG,E54000024,"NHS Bedfordshire, Luton and Milton Keynes Integrated Care Board",PALLIATIVE_CARE,1115
30-Jun-25,ICB,QHG,E54000024,"NHS Bedfordshire, Luton and Milton Keynes Integrated Care Board",DEMENTIA_REGISTER_65_PLUS,7452
30-Jun-25,ICB,QHL,E54000055,NHS Birmingham and Solihull Integrated Care Board,PALLIATIVE_CARE,2092
30-Jun-25,ICB,QHL,E54000055,NHS Birmingham and Solihull Integrated Care Board,COMORBIDITIES,6972
30-Jun-25,ICB,QHL,E54000055,NHS Birmingham and Solihull Integrated Care Board,DEMENTIA_REGISTER_65_PLUS,9293
30-Jun-25,ICB,QUA,E54000062,NHS Black Country Integrated Care Board,PALLIATIVE_CARE,2940
30-Jun-25,ICB,QUA,E54000062,NHS Black Country Integrated Care Board,COMORBIDITIES,7556
30-Jun-25,ICB,QUA,E54000062,NHS Black Country Integrated Care Board,DEMENTIA_REGISTER_65_PLUS,9744
30-Jun-25,ICB,QUY,E54000039,"NHS Bristol, North Somerset and South Gloucestershire Integrated Care Board",PALLIATIVE_CARE,1019
30-Jun-25,ICB,QUY,E54000039,"NHS Bristol, North Somerset and South Gloucestershire Integrated Care Board",COMORBIDITIES,6295
30-Jun-25,ICB,QUY,E54000039,"NHS Bristol, North Somerset and South Gloucestershire Integrated Care Board",DEMENTIA_REGISTER_65_PLUS,8630
30-Jun-25,ICB,QU9,E54000044,"NHS Buckinghamshire, Oxfordshire and Berkshire West Integrated Care Board",COMORBIDITIES,10408
30-Jun-25,ICB,QU9,E54000044,"NHS Buckinghamshire, Oxfordshire and Berkshire West Integrated Care Board",PALLIATIVE_CARE,2145
30-Jun-25,ICB,QU9,E54000044,"NHS Buckinghamshire, Oxfordshire and Berkshire West Integrated Care Board",DEMENTIA_REGISTER_65_PLUS,14765
30-Jun-25,ICB,QUE,E54000056,NHS Cambridgeshire and Peterborough Integrated Care Board,PALLIATIVE_CARE,1028
30-Jun-25,ICB,QUE,E54000056,NHS Cambridgeshire and Peterborough Integrated Care Board,COMORBIDITIES,5131
30-Jun-25,ICB,QUE,E54000056,NHS Cambridgeshire and Peterborough Integrated Care Board,DEMENTIA_REGISTER_65_PLUS,6928
30-Jun-25,ICB,QYG,E54000008,NHS Cheshire and Merseyside Integrated Care Board,COMORBIDITIES,17601
30-Jun-25,ICB,QYG,E54000008,NHS Cheshire and Merseyside Integrated Care Board,PALLIATIVE_CARE,5753
30-Jun-25,ICB,QYG,E54000008,NHS Cheshire and Merseyside Integrated Care Board,DEMENTIA_REGISTER_65_PLUS,23869
30-Jun-25,ICB,QT6,E54000036,NHS Cornwall and the Isles of Scilly Integrated Care Board,COMORBIDITIES,4367
30-Jun-25,ICB,QT6,E54000036,NHS Cornwall and the Isles of Scilly Integrated Care Board,PALLIATIVE_CARE,390
30-Jun-25,ICB,QT6,E54000036,NHS Cornwall and the Isles of Scilly Integrated Care Board,DEMENTIA_REGISTER_65_PLUS,6138
30-Jun-25,ICB,QWU,E54000018,NHS Coventry and Warwickshire Integrated Care Board,COMORBIDITIES,5426
30-Jun-25,ICB,QWU,E54000018,NHS Coventry and Warwickshire Integrated Care Board,PALLIATIVE_CARE,1128
30-Jun-25,ICB,QWU,E54000018,NHS Coventry and Warwickshire Integrated Care Board,DEMENTIA_REGISTER_65_PLUS,7491
30-Jun-25,ICB,QJ2,E54000058,NHS Derby and Derbyshire Integrated Care Board,PALLIATIVE_CARE,2547
30-Jun-25,ICB,QJ2,E54000058,NHS Derby and Derbyshire Integrated Care Board,COMORBIDITIES,7783
30-Jun-25,ICB,QJ2,E54000058,NHS Derby and Derbyshire Integrated Care Board,DEMENTIA_REGISTER_65_PLUS,10533
30-Jun-25,ICB,QJK,E54000037,NHS Devon Integrated Care Board,PALLIATIVE_CARE,1269
30-Jun-25,ICB,QJK,E54000037,NHS Devon Integrated Care Board,COMORBIDITIES,8770
30-Jun-25,ICB,QJK,E54000037,NHS Devon Integrated Care Board,DEMENTIA_REGISTER_65_PLUS,12264
30-Jun-25,ICB,QVV,E54000041,NHS Dorset Integrated Care Board,PALLIATIVE_CARE,2135
30-Jun-25,ICB,QVV,E54000041,NHS Dorset Integrated Care Board,COMORBIDITIES,5877
30-Jun-25,ICB,QVV,E54000041,NHS Dorset Integrated Care Board,DEMENTIA_REGISTER_65_PLUS,8436
30-Jun-25,ICB,QNQ,E54000034,NHS Frimley Integrated Care Board,COMORBIDITIES,4465
30-Jun-25,ICB,QNQ,E54000034,NHS Frimley Integrated Care Board,PALLIATIVE_CARE,925
30-Jun-25,ICB,QNQ,E54000034,NHS Frimley Integrated Care Board,DEMENTIA_REGISTER_65_PLUS,6119
30-Jun-25,ICB,QR1,E54000043,NHS Gloucestershire Integrated Care Board,PALLIATIVE_CARE,1168
30-Jun-25,ICB,QR1,E54000043,NHS Gloucestershire Integrated Care Board,COMORBIDITIES,4754
30-Jun-25,ICB,QR1,E54000043,NHS Gloucestershire Integrated Care Board,DEMENTIA_REGISTER_65_PLUS,6655
30-Jun-25,ICB,QOP,E54000057,NHS Greater Manchester Integrated Care Board,COMORBIDITIES,17107
30-Jun-25,ICB,QOP,E54000057,NHS Greater Manchester Integrated Care Board,PALLIATIVE_CARE,4613
30-Jun-25,ICB,QOP,E54000057,NHS Greater Manchester Integrated Care Board,DEMENTIA_REGISTER_65_PLUS,22953
30-Jun-25,ICB,QRL,E54000042,NHS Hampshire and Isle of Wight Integrated Care Board,PALLIATIVE_CARE,2356
30-Jun-25,ICB,QRL,E54000042,NHS Hampshire and Isle of Wight Integrated Care Board,COMORBIDITIES,12658
30-Jun-25,ICB,QRL,E54000042,NHS Hampshire and Isle of Wight Integrated Care Board,DEMENTIA_REGISTER_65_PLUS,17571
30-Jun-25,ICB,QGH,E54000019,NHS Herefordshire and Worcestershire Integrated Care Board,PALLIATIVE_CARE,2046
30-Jun-25,ICB,QGH,E54000019,NHS Herefordshire and Worcestershire Integrated Care Board,COMORBIDITIES,5185
30-Jun-25,ICB,QGH,E54000019,NHS Herefordshire and Worcestershire Integrated Care Board,DEMENTIA_REGISTER_65_PLUS,7309
30-Jun-25,ICB,QM7,E54000025,NHS Hertfordshire and West Essex Integrated Care Board,PALLIATIVE_CARE,3591
30-Jun-25,ICB,QM7,E54000025,NHS Hertfordshire and West Essex Integrated Care Board,COMORBIDITIES,9313
30-Jun-25,ICB,QM7,E54000025,NHS Hertfordshire and West Essex Integrated Care Board,DEMENTIA_REGISTER_65_PLUS,12822
30-Jun-25,ICB,QOQ,E54000051,NHS Humber and North Yorkshire Integrated Care Board,PALLIATIVE_CARE,3324
30-Jun-25,ICB,QOQ,E54000051,NHS Humber and North Yorkshire Integrated Care Board,COMORBIDITIES,11672
30-Jun-25,ICB,QOQ,E54000051,NHS Humber and North Yorkshire Integrated Care Board,DEMENTIA_REGISTER_65_PLUS,16124
30-Jun-25,ICB,QKS,E54000032,NHS Kent and Medway Integrated Care Board,PALLIATIVE_CARE,2751
30-Jun-25,ICB,QKS,E54000032,NHS Kent and Medway Integrated Care Board,COMORBIDITIES,11562
30-Jun-25,ICB,QKS,E54000032,NHS Kent and Medway Integrated Care Board,DEMENTIA_REGISTER_65_PLUS,16043
30-Jun-25,ICB,QE1,E54000048,NHS Lancashire and South Cumbria Integrated Care Board,COMORBIDITIES,12014
30-Jun-25,ICB,QE1,E54000048,NHS Lancashire and South Cumbria Integrated Care Board,PALLIATIVE_CARE,4162
30-Jun-25,ICB,QE1,E54000048,NHS Lancashire and South Cumbria Integrated Care Board,DEMENTIA_REGISTER_65_PLUS,16491
30-Jun-25,ICB,QK1,E54000015,"NHS Leicester, Leicestershire and Rutland Integrated Care Board",COMORBIDITIES,6685
30-Jun-25,ICB,QK1,E54000015,"NHS Leicester, Leicestershire and Rutland Integrated Care Board",PALLIATIVE_CARE,2348
30-Jun-25,ICB,QK1,E54000015,"NHS Leicester, Leicestershire and Rutland Integrated Care Board",DEMENTIA_REGISTER_65_PLUS,9083
30-Jun-25,ICB,QJM,E54000013,NHS Lincolnshire Integrated Care Board,COMORBIDITIES,6540
30-Jun-25,ICB,QJM,E54000013,NHS Lincolnshire Integrated Care Board,PALLIATIVE_CARE,1882
30-Jun-25,ICB,QJM,E54000013,NHS Lincolnshire Integrated Care Board,DEMENTIA_REGISTER_65_PLUS,8786
30-Jun-25,ICB,QH8,E54000026,NHS Mid and South Essex Integrated Care Board,PALLIATIVE_CARE,2515
30-Jun-25,ICB,QH8,E54000026,NHS Mid and South Essex Integrated Care Board,COMORBIDITIES,8254
30-Jun-25,ICB,QH8,E54000026,NHS Mid and South Essex Integrated Care Board,DEMENTIA_REGISTER_65_PLUS,11283
30-Jun-25,ICB,QMM,E54000022,NHS Norfolk and Waveney Integrated Care Board,COMORBIDITIES,8393
30-Jun-25,ICB,QMM,E54000022,NHS Norfolk and Waveney Integrated Care Board,PALLIATIVE_CARE,1133
30-Jun-25,ICB,QMM,E54000022,NHS Norfolk and Waveney Integrated Care Board,DEMENTIA_REGISTER_65_PLUS,11499
30-Jun-25,ICB,QMJ,E54000028,NHS North Central London Integrated Care Board,COMORBIDITIES,6967
30-Jun-25,ICB,QMJ,E54000028,NHS North Central London Integrated Care Board,PALLIATIVE_CARE,1413
30-Jun-25,ICB,QMJ,E54000028,NHS North Central London Integrated Care Board,DEMENTIA_REGISTER_65_PLUS,9014
30-Jun-25,ICB,QMF,E54000029,NHS North East London Integrated Care Board,COMORBIDITIES,6802
30-Jun-25,ICB,QMF,E54000029,NHS North East London Integrated Care Board,PALLIATIVE_CARE,2406
30-Jun-25,ICB,QMF,E54000029,NHS North East London Integrated Care Board,DEMENTIA_REGISTER_65_PLUS,8588
30-Jun-25,ICB,QHM,E54000050,NHS North East and North Cumbria Integrated Care Board,COMORBIDITIES,21853
30-Jun-25,ICB,QHM,E54000050,NHS North East and North Cumbria Integrated Care Board,PALLIATIVE_CARE,5067
30-Jun-25,ICB,QHM,E54000050,NHS North East and North Cumbria Integrated Care Board,DEMENTIA_REGISTER_65_PLUS,28918
30-Jun-25,ICB,QRV,E54000027,NHS North West London Integrated Care Board,PALLIATIVE_CARE,3104
30-Jun-25,ICB,QRV,E54000027,NHS North West London Integrated Care Board,COMORBIDITIES,10341
30-Jun-25,ICB,QRV,E54000027,NHS North West London Integrated Care Board,DEMENTIA_REGISTER_65_PLUS,13024
30-Jun-25,ICB,QPM,E54000059,NHS Northamptonshire Integrated Care Board,PALLIATIVE_CARE,531
30-Jun-25,ICB,QPM,E54000059,NHS Northamptonshire Integrated Care Board,COMORBIDITIES,4596
30-Jun-25,ICB,QPM,E54000059,NHS Northamptonshire Integrated Care Board,DEMENTIA_REGISTER_65_PLUS,6092
30-Jun-25,ICB,QT1,E54000060,NHS Nottingham and Nottinghamshire Integrated Care Board,PALLIATIVE_CARE,3541
30-Jun-25,ICB,QT1,E54000060,NHS Nottingham and Nottinghamshire Integrated Care Board,COMORBIDITIES,7571
30-Jun-25,ICB,QT1,E54000060,NHS Nottingham and Nottinghamshire Integrated Care Board,DEMENTIA_REGISTER_65_PLUS,10450
30-Jun-25,ICB,QOC,E54000011,"NHS Shropshire, Telford and Wrekin Integrated Care Board",PALLIATIVE_CARE,476
30-Jun-25,ICB,QOC,E54000011,"NHS Shropshire, Telford and Wrekin Integrated Care Board",COMORBIDITIES,3632
30-Jun-25,ICB,QOC,E54000011,"NHS Shropshire, Telford and Wrekin Integrated Care Board",DEMENTIA_REGISTER_65_PLUS,5056
30-Jun-25,ICB,QSL,E54000038,NHS Somerset Integrated Care Board,PALLIATIVE_CARE,580
30-Jun-25,ICB,QSL,E54000038,NHS Somerset Integrated Care Board,COMORBIDITIES,4143
30-Jun-25,ICB,QSL,E54000038,NHS Somerset Integrated Care Board,DEMENTIA_REGISTER_65_PLUS,5700
30-Jun-25,ICB,QKK,E54000030,NHS South East London Integrated Care Board,PALLIATIVE_CARE,2360
30-Jun-25,ICB,QKK,E54000030,NHS South East London Integrated Care Board,COMORBIDITIES,8431
30-Jun-25,ICB,QKK,E54000030,NHS South East London Integrated Care Board,DEMENTIA_REGISTER_65_PLUS,11018
30-Jun-25,ICB,QWE,E54000031,NHS South West London Integrated Care Board,COMORBIDITIES,8015
30-Jun-25,ICB,QWE,E54000031,NHS South West London Integrated Care Board,PALLIATIVE_CARE,2269
30-Jun-25,ICB,QWE,E54000031,NHS South West London Integrated Care Board,DEMENTIA_REGISTER_65_PLUS,10862
30-Jun-25,ICB,QF7,E54000061,NHS South Yorkshire Integrated Care Board,PALLIATIVE_CARE,2089
30-Jun-25,ICB,QF7,E54000061,NHS South Yorkshire Integrated Care Board,COMORBIDITIES,9509
30-Jun-25,ICB,QF7,E54000061,NHS South Yorkshire Integrated Care Board,DEMENTIA_REGISTER_65_PLUS,12685
30-Jun-25,ICB,QNC,E54000010,NHS Staffordshire and Stoke-on-Trent Integrated Care Board,COMORBIDITIES,8963
30-Jun-25,ICB,QNC,E54000010,NHS Staffordshire and Stoke-on-Trent Integrated Care Board,PALLIATIVE_CARE,3164
30-Jun-25,ICB,QNC,E54000010,NHS Staffordshire and Stoke-on-Trent Integrated Care Board,DEMENTIA_REGISTER_65_PLUS,11949
30-Jun-25,ICB,QJG,E54000023,NHS Suffolk and North East Essex Integrated Care Board,PALLIATIVE_CARE,2207
30-Jun-25,ICB,QJG,E54000023,NHS Suffolk and North East Essex Integrated Care Board,COMORBIDITIES,7248
30-Jun-25,ICB,QJG,E54000023,NHS Suffolk and North East Essex Integrated Care Board,DEMENTIA_REGISTER_65_PLUS,10044
30-Jun-25,ICB,QXU,E54000063,NHS Surrey Heartlands ICB,PALLIATIVE_CARE,1060
30-Jun-25,ICB,QXU,E54000063,NHS Surrey Heartlands ICB,COMORBIDITIES,7209
30-Jun-25,ICB,QXU,E54000063,NHS Surrey Heartlands ICB,DEMENTIA_REGISTER_65_PLUS,10373
30-Jun-25,ICB,QNX,E54000064,NHS Sussex ICB,COMORBIDITIES,12302
30-Jun-25,ICB,QNX,E54000064,NHS Sussex ICB,PALLIATIVE_CARE,2541
30-Jun-25,ICB,QNX,E54000064,NHS Sussex ICB,DEMENTIA_REGISTER_65_PLUS,17875
30-Jun-25,ICB,QWO,E54000054,NHS West Yorkshire Integrated Care Board,PALLIATIVE_CARE,4865
30-Jun-25,ICB,QWO,E54000054,NHS West Yorkshire Integrated Care Board,COMORBIDITIES,14785
30-Jun-25,ICB,QWO,E54000054,NHS West Yorkshire Integrated Care Board,DEMENTIA_REGISTER_65_PLUS,19841
30-Jun-25,REGION,Y61,E40000013,East of England,COMORBIDITIES,43980
30-Jun-25,REGION,Y61,E40000013,East of England,PALLIATIVE_CARE,11589
30-Jun-25,REGION,Y61,E40000013,East of England,DEMENTIA_REGISTER_65_PLUS,60028
30-Jun-25,REGION,Y56,E40000003,London,COMORBIDITIES,40556
30-Jun-25,REGION,Y56,E40000003,London,PALLIATIVE_CARE,11552
30-Jun-25,REGION,Y56,E40000003,London,DEMENTIA_REGISTER_65_PLUS,52506
30-Jun-25,REGION,Y60,E40000011,Midlands,PALLIATIVE_CARE,22695
30-Jun-25,REGION,Y60,E40000011,Midlands,COMORBIDITIES,70909
30-Jun-25,REGION,Y60,E40000011,Midlands,DEMENTIA_REGISTER_65_PLUS,95786
30-Jun-25,REGION,Y63,E40000012,North East and Yorkshire,COMORBIDITIES,57819
30-Jun-25,REGION,Y63,E40000012,North East and Yorkshire,PALLIATIVE_CARE,15345
30-Jun-25,REGION,Y63,E40000012,North East and Yorkshire,DEMENTIA_REGISTER_65_PLUS,77568
30-Jun-25,REGION,Y62,E40000014,North West,COMORBIDITIES,46722
30-Jun-25,REGION,Y62,E40000014,North West,PALLIATIVE_CARE,14528
30-Jun-25,REGION,Y62,E40000014,North West,DEMENTIA_REGISTER_65_PLUS,63313
30-Jun-25,REGION,Y59,E40000005,South East,PALLIATIVE_CARE,11778
30-Jun-25,REGION,Y59,E40000005,South East,COMORBIDITIES,58604
30-Jun-25,REGION,Y59,E40000005,South East,DEMENTIA_REGISTER_65_PLUS,82746
30-Jun-25,REGION,Y58,E40000006,South West,PALLIATIVE_CARE,7308
30-Jun-25,REGION,Y58,E40000006,South West,COMORBIDITIES,40402
30-Jun-25,REGION,Y58,E40000006,South West,DEMENTIA_REGISTER_65_PLUS,56382
30-Jun-25,SUB_ICB,92G,E38000231,"NHS Bath and North East Somerset, Swindon and Wiltshire ICB - 92G",PALLIATIVE_CARE,745
30-Jun-25,SUB_ICB,92G,E38000231,"NHS Bath and North East Somerset, Swindon and Wiltshire ICB - 92G",COMORBIDITIES,6195
30-Jun-25,SUB_ICB,92G,E38000231,"NHS Bath and North East Somerset, Swindon and Wiltshire ICB - 92G",DEMENTIA_REGISTER_65_PLUS,8559
30-Jun-25,SUB_ICB,M1J4Y,E38000249,"NHS Bedfordshire, Luton and Milton Keynes ICB - M1J4Y",PALLIATIVE_CARE,1115
30-Jun-25,SUB_ICB,M1J4Y,E38000249,"NHS Bedfordshire, Luton and Milton Keynes ICB - M1J4Y",COMORBIDITIES,5640
30-Jun-25,SUB_ICB,M1J4Y,E38000249,"NHS Bedfordshire, Luton and Milton Keynes ICB - M1J4Y",DEMENTIA_REGISTER_65_PLUS,7452
30-Jun-25,SUB_ICB,15E,E38000258,NHS Birmingham and Solihull ICB - 15E,COMORBIDITIES,6970
30-Jun-25,SUB_ICB,15E,E38000258,NHS Birmingham and Solihull ICB - 15E,PALLIATIVE_CARE,2090
30-Jun-25,SUB_ICB,15E,E38000258,NHS Birmingham and Solihull ICB - 15E,DEMENTIA_REGISTER_65_PLUS,9293
30-Jun-25,SUB_ICB,D2P2L,E38000259,NHS Black Country ICB - D2P2L,PALLIATIVE_CARE,2940
30-Jun-25,SUB_ICB,D2P2L,E38000259,NHS Black Country ICB - D2P2L,COMORBIDITIES,7555
30-Jun-25,SUB_ICB,D2P2L,E38000259,NHS Black Country ICB - D2P2L,DEMENTIA_REGISTER_65_PLUS,9744
30-Jun-25,SUB_ICB,15C,E38000222,"NHS Bristol, North Somerset and South Gloucestershire ICB - 15C",COMORBIDITIES,6295
30-Jun-25,SUB_ICB,15C,E38000222,"NHS Bristol, North Somerset and South Gloucestershire ICB - 15C",PALLIATIVE_CARE,1020
30-Jun-25,SUB_ICB,15C,E38000222,"NHS Bristol, North Somerset and South Gloucestershire ICB - 15C",DEMENTIA_REGISTER_65_PLUS,8630
30-Jun-25,SUB_ICB,10Q,E38000136,"NHS Buckinghamshire, Oxfordshire and Berkshire West ICB - 10Q",COMORBIDITIES,4310
30-Jun-25,SUB_ICB,10Q,E38000136,"NHS Buckinghamshire, Oxfordshire and Berkshire West ICB - 10Q",PALLIATIVE_CARE,690
30-Jun-25,SUB_ICB,10Q,E38000136,"NHS Buckinghamshire, Oxfordshire and Berkshire West ICB - 10Q",DEMENTIA_REGISTER_65_PLUS,6245
30-Jun-25,SUB_ICB,14Y,E38000223,"NHS Buckinghamshire, Oxfordshire and Berkshire West ICB - 14Y",COMORBIDITIES,3200
30-Jun-25,SUB_ICB,14Y,E38000223,"NHS Buckinghamshire, Oxfordshire and Berkshire West ICB - 14Y",PALLIATIVE_CARE,710
30-Jun-25,SUB_ICB,14Y,E38000223,"NHS Buckinghamshire, Oxfordshire and Berkshire West ICB - 14Y",DEMENTIA_REGISTER_65_PLUS,4502
30-Jun-25,SUB_ICB,15A,E38000221,"NHS Buckinghamshire, Oxfordshire and Berkshire West ICB - 15A",COMORBIDITIES,2900
30-Jun-25,SUB_ICB,15A,E38000221,"NHS Buckinghamshire, Oxfordshire and Berkshire West ICB - 15A",PALLIATIVE_CARE,740
30-Jun-25,SUB_ICB,15A,E38000221,"NHS Buckinghamshire, Oxfordshire and Berkshire West ICB - 15A",DEMENTIA_REGISTER_65_PLUS,4018
30-Jun-25,SUB_ICB,06H,E38000260,NHS Cambridgeshire and Peterborough ICB - 06H,PALLIATIVE_CARE,1030
30-Jun-25,SUB_ICB,06H,E38000260,NHS Cambridgeshire and Peterborough ICB - 06H,COMORBIDITIES,5130
30-Jun-25,SUB_ICB,06H,E38000260,NHS Cambridgeshire and Peterborough ICB - 06H,DEMENTIA_REGISTER_65_PLUS,6928
30-Jun-25,SUB_ICB,01F,E38000068,NHS Cheshire and Merseyside ICB - 01F,PALLIATIVE_CARE,160
30-Jun-25,SUB_ICB,01F,E38000068,NHS Cheshire and Merseyside ICB - 01F,COMORBIDITIES,755
30-Jun-25,SUB_ICB,01F,E38000068,NHS Cheshire and Merseyside ICB - 01F,DEMENTIA_REGISTER_65_PLUS,981
30-Jun-25,SUB_ICB,01J,E38000091,NHS Cheshire and Merseyside ICB - 01J,PALLIATIVE_CARE,310
30-Jun-25,SUB_ICB,01J,E38000091,NHS Cheshire and Merseyside ICB - 01J,COMORBIDITIES,860
30-Jun-25,SUB_ICB,01J,E38000091,NHS Cheshire and Merseyside ICB - 01J,DEMENTIA_REGISTER_65_PLUS,1104
30-Jun-25,SUB_ICB,01T,E38000161,NHS Cheshire and Merseyside ICB - 01T,PALLIATIVE_CARE,400
30-Jun-25,SUB_ICB,01T,E38000161,NHS Cheshire and Merseyside ICB - 01T,COMORBIDITIES,910
30-Jun-25,SUB_ICB,01T,E38000161,NHS Cheshire and Merseyside ICB - 01T,DEMENTIA_REGISTER_65_PLUS,1229
30-Jun-25,SUB_ICB,01V,E38000170,NHS Cheshire and Merseyside ICB - 01V,PALLIATIVE_CARE,595
30-Jun-25,SUB_ICB,01V,E38000170,NHS Cheshire and Merseyside ICB - 01V,COMORBIDITIES,1305
30-Jun-25,SUB_ICB,01V,E38000170,NHS Cheshire and Merseyside ICB - 01V,DEMENTIA_REGISTER_65_PLUS,1867
30-Jun-25,SUB_ICB,01X,E38000172,NHS Cheshire and Merseyside ICB - 01X,PALLIATIVE_CARE,300
30-Jun-25,SUB_ICB,01X,E38000172,NHS Cheshire and Merseyside ICB - 01X,COMORBIDITIES,1330
30-Jun-25,SUB_ICB,01X,E38000172,NHS Cheshire and Merseyside ICB - 01X,DEMENTIA_REGISTER_65_PLUS,1765
30-Jun-25,SUB_ICB,02E,E38000194,NHS Cheshire and Merseyside ICB - 02E,PALLIATIVE_CARE,925
30-Jun-25,SUB_ICB,02E,E38000194,NHS Cheshire and Merseyside ICB - 02E,COMORBIDITIES,1515
30-Jun-25,SUB_ICB,02E,E38000194,NHS Cheshire and Merseyside ICB - 02E,DEMENTIA_REGISTER_65_PLUS,2070
30-Jun-25,SUB_ICB,12F,E38000208,NHS Cheshire and Merseyside ICB - 12F,COMORBIDITIES,2425
30-Jun-25,SUB_ICB,12F,E38000208,NHS Cheshire and Merseyside ICB - 12F,PALLIATIVE_CARE,965
30-Jun-25,SUB_ICB,12F,E38000208,NHS Cheshire and Merseyside ICB - 12F,DEMENTIA_REGISTER_65_PLUS,3310
30-Jun-25,SUB_ICB,27D,E38000233,NHS Cheshire and Merseyside ICB - 27D,COMORBIDITIES,5790
30-Jun-25,SUB_ICB,27D,E38000233,NHS Cheshire and Merseyside ICB - 27D,PALLIATIVE_CARE,1590
30-Jun-25,SUB_ICB,27D,E38000233,NHS Cheshire and Merseyside ICB - 27D,DEMENTIA_REGISTER_65_PLUS,8013
30-Jun-25,SUB_ICB,99A,E38000101,NHS Cheshire and Merseyside ICB - 99A,COMORBIDITIES,2705
30-Jun-25,SUB_ICB,99A,E38000101,NHS Cheshire and Merseyside ICB - 99A,PALLIATIVE_CARE,515
30-Jun-25,SUB_ICB,99A,E38000101,NHS Cheshire and Merseyside ICB - 99A,DEMENTIA_REGISTER_65_PLUS,3530
30-Jun-25,SUB_ICB,11N,E38000089,NHS Cornwall and the Isles of Scilly ICB - 11N,COMORBIDITIES,4365
30-Jun-25,SUB_ICB,11N,E38000089,NHS Cornwall and the Isles of Scilly ICB - 11N,PALLIATIVE_CARE,390
30-Jun-25,SUB_ICB,11N,E38000089,NHS Cornwall and the Isles of Scilly ICB - 11N,DEMENTIA_REGISTER_65_PLUS,6138
30-Jun-25,SUB_ICB,B2M3M,E38000251,NHS Coventry and Warwickshire ICB - B2M3M,COMORBIDITIES,5425
30-Jun-25,SUB_ICB,B2M3M,E38000251,NHS Coventry and Warwickshire ICB - B2M3M,PALLIATIVE_CARE,1130
30-Jun-25,SUB_ICB,B2M3M,E38000251,NHS Coventry and Warwickshire ICB - B2M3M,DEMENTIA_REGISTER_65_PLUS,7491
30-Jun-25,SUB_ICB,15M,E38000261,NHS Derby and Derbyshire ICB - 15M,COMORBIDITIES,7785
30-Jun-25,SUB_ICB,15M,E38000261,NHS Derby and Derbyshire ICB - 15M,PALLIATIVE_CARE,2545
30-Jun-25,SUB_ICB,15M,E38000261,NHS Derby and Derbyshire ICB - 15M,DEMENTIA_REGISTER_65_PLUS,10533
30-Jun-25,SUB_ICB,15N,E38000230,NHS Devon ICB - 15N,COMORBIDITIES,8770
30-Jun-25,SUB_ICB,15N,E38000230,NHS Devon ICB - 15N,PALLIATIVE_CARE,1270
30-Jun-25,SUB_ICB,15N,E38000230,NHS Devon ICB - 15N,DEMENTIA_REGISTER_65_PLUS,12264
30-Jun-25,SUB_ICB,11J,E38000045,NHS Dorset ICB - 11J,COMORBIDITIES,5875
30-Jun-25,SUB_ICB,11J,E38000045,NHS Dorset ICB - 11J,PALLIATIVE_CARE,2135
30-Jun-25,SUB_ICB,11J,E38000045,NHS Dorset ICB - 11J,DEMENTIA_REGISTER_65_PLUS,8436
30-Jun-25,SUB_ICB,D4U1Y,E38000252,NHS Frimley ICB - D4U1Y,PALLIATIVE_CARE,925
30-Jun-25,SUB_ICB,D4U1Y,E38000252,NHS Frimley ICB - D4U1Y,COMORBIDITIES,4465
30-Jun-25,SUB_ICB,D4U1Y,E38000252,NHS Frimley ICB - D4U1Y,DEMENTIA_REGISTER_65_PLUS,6119
30-Jun-25,SUB_ICB,11M,E38000062,NHS Gloucestershire ICB - 11M,PALLIATIVE_CARE,1170
30-Jun-25,SUB_ICB,11M,E38000062,NHS Gloucestershire ICB - 11M,COMORBIDITIES,4755
30-Jun-25,SUB_ICB,11M,E38000062,NHS Gloucestershire ICB - 11M,DEMENTIA_REGISTER_65_PLUS,6655
30-Jun-25,SUB_ICB,00T,E38000016,NHS Greater Manchester ICB - 00T,PALLIATIVE_CARE,335
30-Jun-25,SUB_ICB,00T,E38000016,NHS Greater Manchester ICB - 00T,COMORBIDITIES,1795
30-Jun-25,SUB_ICB,00T,E38000016,NHS Greater Manchester ICB - 00T,DEMENTIA_REGISTER_65_PLUS,2435
30-Jun-25,SUB_ICB,00V,E38000024,NHS Greater Manchester ICB - 00V,COMORBIDITIES,1300
30-Jun-25,SUB_ICB,00V,E38000024,NHS Greater Manchester ICB - 00V,PALLIATIVE_CARE,285
30-Jun-25,SUB_ICB,00V,E38000024,NHS Greater Manchester ICB - 00V,DEMENTIA_REGISTER_65_PLUS,1876
30-Jun-25,SUB_ICB,00Y,E38000135,NHS Greater Manchester ICB - 00Y,COMORBIDITIES,1420
30-Jun-25,SUB_ICB,00Y,E38000135,NHS Greater Manchester ICB - 00Y,PALLIATIVE_CARE,275
30-Jun-25,SUB_ICB,00Y,E38000135,NHS Greater Manchester ICB - 00Y,DEMENTIA_REGISTER_65_PLUS,1926
30-Jun-25,SUB_ICB,01D,E38000080,NHS Greater Manchester ICB - 01D,COMORBIDITIES,1410
30-Jun-25,SUB_ICB,01D,E38000080,NHS Greater Manchester ICB - 01D,PALLIATIVE_CARE,375
30-Jun-25,SUB_ICB,01D,E38000080,NHS Greater Manchester ICB - 01D,DEMENTIA_REGISTER_65_PLUS,1882
30-Jun-25,SUB_ICB,01G,E38000143,NHS Greater Manchester ICB - 01G,COMORBIDITIES,1440
30-Jun-25,SUB_ICB,01G,E38000143,NHS Greater Manchester ICB - 01G,PALLIATIVE_CARE,345
30-Jun-25,SUB_ICB,01G,E38000143,NHS Greater Manchester ICB - 01G,DEMENTIA_REGISTER_65_PLUS,1917
30-Jun-25,SUB_ICB,01W,E38000174,NHS Greater Manchester ICB - 01W,COMORBIDITIES,2355
30-Jun-25,SUB_ICB,01W,E38000174,NHS Greater Manchester ICB - 01W,PALLIATIVE_CARE,595
30-Jun-25,SUB_ICB,01W,E38000174,NHS Greater Manchester ICB - 01W,DEMENTIA_REGISTER_65_PLUS,3238
30-Jun-25,SUB_ICB,01Y,E38000263,NHS Greater Manchester ICB - 01Y,PALLIATIVE_CARE,670
30-Jun-25,SUB_ICB,01Y,E38000263,NHS Greater Manchester ICB - 01Y,COMORBIDITIES,1370
30-Jun-25,SUB_ICB,01Y,E38000263,NHS Greater Manchester ICB - 01Y,DEMENTIA_REGISTER_65_PLUS,1742
30-Jun-25,SUB_ICB,02A,E38000187,NHS Greater Manchester ICB - 02A,COMORBIDITIES,1435
30-Jun-25,SUB_ICB,02A,E38000187,NHS Greater Manchester ICB - 02A,PALLIATIVE_CARE,240
30-Jun-25,SUB_ICB,02A,E38000187,NHS Greater Manchester ICB - 02A,DEMENTIA_REGISTER_65_PLUS,2000
30-Jun-25,SUB_ICB,02H,E38000205,NHS Greater Manchester ICB - 02H,PALLIATIVE_CARE,1020
30-Jun-25,SUB_ICB,02H,E38000205,NHS Greater Manchester ICB - 02H,COMORBIDITIES,2335
30-Jun-25,SUB_ICB,02H,E38000205,NHS Greater Manchester ICB - 02H,DEMENTIA_REGISTER_65_PLUS,3039
30-Jun-25,SUB_ICB,14L,E38000217,NHS Greater Manchester ICB - 14L,COMORBIDITIES,2245
30-Jun-25,SUB_ICB,14L,E38000217,NHS Greater Manchester ICB - 14L,PALLIATIVE_CARE,475
30-Jun-25,SUB_ICB,14L,E38000217,NHS Greater Manchester ICB - 14L,DEMENTIA_REGISTER_65_PLUS,2898
30-Jun-25,SUB_ICB,10R,E38000137,NHS Hampshire and Isle of Wight ICB - 10R,COMORBIDITIES,1190
30-Jun-25,SUB_ICB,10R,E38000137,NHS Hampshire and Isle of Wight ICB - 10R,PALLIATIVE_CARE,360
30-Jun-25,SUB_ICB,10R,E38000137,NHS Hampshire and Isle of Wight ICB - 10R,DEMENTIA_REGISTER_65_PLUS,1566
30-Jun-25,SUB_ICB,D9Y0V,E38000253,NHS Hampshire and Isle of Wight ICB - D9Y0V,COMORBIDITIES,11465
30-Jun-25,SUB_ICB,D9Y0V,E38000253,NHS Hampshire and Isle of Wight ICB - D9Y0V,PALLIATIVE_CARE,1995
30-Jun-25,SUB_ICB,D9Y0V,E38000253,NHS Hampshire and Isle of Wight ICB - D9Y0V,DEMENTIA_REGISTER_65_PLUS,16005
30-Jun-25,SUB_ICB,18C,E38000236,NHS Herefordshire and Worcestershire ICB - 18C,PALLIATIVE_CARE,2045
30-Jun-25,SUB_ICB,18C,E38000236,NHS Herefordshire and Worcestershire ICB - 18C,COMORBIDITIES,5185
30-Jun-25,SUB_ICB,18C,E38000236,NHS Herefordshire and Worcestershire ICB - 18C,DEMENTIA_REGISTER_65_PLUS,7309
30-Jun-25,SUB_ICB,06K,E38000049,NHS Hertfordshire and West Essex ICB - 06K,PALLIATIVE_CARE,1575
30-Jun-25,SUB_ICB,06K,E38000049,NHS Hertfordshire and West Essex ICB - 06K,COMORBIDITIES,3405
30-Jun-25,SUB_ICB,06K,E38000049,NHS Hertfordshire and West Essex ICB - 06K,DEMENTIA_REGISTER_65_PLUS,4725
30-Jun-25,SUB_ICB,06N,E38000079,NHS Hertfordshire and West Essex ICB - 06N,PALLIATIVE_CARE,990
30-Jun-25,SUB_ICB,06N,E38000079,NHS Hertfordshire and West Essex ICB - 06N,COMORBIDITIES,3640
30-Jun-25,SUB_ICB,06N,E38000079,NHS Hertfordshire and West Essex ICB - 06N,DEMENTIA_REGISTER_65_PLUS,5012
30-Jun-25,SUB_ICB,07H,E38000197,NHS Hertfordshire and West Essex ICB - 07H,PALLIATIVE_CARE,1020
30-Jun-25,SUB_ICB,07H,E38000197,NHS Hertfordshire and West Essex ICB - 07H,COMORBIDITIES,2265
30-Jun-25,SUB_ICB,07H,E38000197,NHS Hertfordshire and West Essex ICB - 07H,DEMENTIA_REGISTER_65_PLUS,3085
30-Jun-25,SUB_ICB,02Y,E38000052,NHS Humber and North Yorkshire ICB - 02Y,COMORBIDITIES,2360
30-Jun-25,SUB_ICB,02Y,E38000052,NHS Humber and North Yorkshire ICB - 02Y,PALLIATIVE_CARE,430
30-Jun-25,SUB_ICB,02Y,E38000052,NHS Humber and North Yorkshire ICB - 02Y,DEMENTIA_REGISTER_65_PLUS,3295
30-Jun-25,SUB_ICB,03F,E38000085,NHS Humber and North Yorkshire ICB - 03F,COMORBIDITIES,1455
30-Jun-25,SUB_ICB,03F,E38000085,NHS Humber and North Yorkshire ICB - 03F,PALLIATIVE_CARE,215
30-Jun-25,SUB_ICB,03F,E38000085,NHS Humber and North Yorkshire ICB - 03F,DEMENTIA_REGISTER_65_PLUS,1912
30-Jun-25,SUB_ICB,03H,E38000119,NHS Humber and North Yorkshire ICB - 03H,PALLIATIVE_CARE,445
30-Jun-25,SUB_ICB,03H,E38000119,NHS Humber and North Yorkshire ICB - 03H,COMORBIDITIES,1225
30-Jun-25,SUB_ICB,03H,E38000119,NHS Humber and North Yorkshire ICB - 03H,DEMENTIA_REGISTER_65_PLUS,1701
30-Jun-25,SUB_ICB,03K,E38000122,NHS Humber and North Yorkshire ICB - 03K,PALLIATIVE_CARE,755
30-Jun-25,SUB_ICB,03K,E38000122,NHS Humber and North Yorkshire ICB - 03K,COMORBIDITIES,1260
30-Jun-25,SUB_ICB,03K,E38000122,NHS Humber and North Yorkshire ICB - 03K,DEMENTIA_REGISTER_65_PLUS,1712
30-Jun-25,SUB_ICB,03Q,E38000188,NHS Humber and North Yorkshire ICB - 03Q,COMORBIDITIES,1305
30-Jun-25,SUB_ICB,03Q,E38000188,NHS Humber and North Yorkshire ICB - 03Q,PALLIATIVE_CARE,470
30-Jun-25,SUB_ICB,03Q,E38000188,NHS Humber and North Yorkshire ICB - 03Q,DEMENTIA_REGISTER_65_PLUS,1805
30-Jun-25,SUB_ICB,42D,E38000241,NHS Humber and North Yorkshire ICB - 42D,COMORBIDITIES,4070
30-Jun-25,SUB_ICB,42D,E38000241,NHS Humber and North Yorkshire ICB - 42D,PALLIATIVE_CARE,1010
30-Jun-25,SUB_ICB,42D,E38000241,NHS Humber and North Yorkshire ICB - 42D,DEMENTIA_REGISTER_65_PLUS,5699
30-Jun-25,SUB_ICB,91Q,E38000237,NHS Kent and Medway ICB - 91Q,COMORBIDITIES,11560
30-Jun-25,SUB_ICB,91Q,E38000237,NHS Kent and Medway ICB - 91Q,PALLIATIVE_CARE,2750
30-Jun-25,SUB_ICB,91Q,E38000237,NHS Kent and Medway ICB - 91Q,DEMENTIA_REGISTER_65_PLUS,16043
30-Jun-25,SUB_ICB,00Q,E38000014,NHS Lancashire and South Cumbria ICB - 00Q,COMORBIDITIES,800
30-Jun-25,SUB_ICB,00Q,E38000014,NHS Lancashire and South Cumbria ICB - 00Q,PALLIATIVE_CARE,185
30-Jun-25,SUB_ICB,00Q,E38000014,NHS Lancashire and South Cumbria ICB - 00Q,DEMENTIA_REGISTER_65_PLUS,1009
30-Jun-25,SUB_ICB,00R,E38000015,NHS Lancashire and South Cumbria ICB - 00R,PALLIATIVE_CARE,570
30-Jun-25,SUB_ICB,00R,E38000015,NHS Lancashire and South Cumbria ICB - 00R,COMORBIDITIES,1165
30-Jun-25,SUB_ICB,00R,E38000015,NHS Lancashire and South Cumbria ICB - 00R,DEMENTIA_REGISTER_65_PLUS,1562
30-Jun-25,SUB_ICB,00X,E38000034,NHS Lancashire and South Cumbria ICB - 00X,COMORBIDITIES,1395
30-Jun-25,SUB_ICB,00X,E38000034,NHS Lancashire and South Cumbria ICB - 00X,PALLIATIVE_CARE,380
30-Jun-25,SUB_ICB,00X,E38000034,NHS Lancashire and South Cumbria ICB - 00X,DEMENTIA_REGISTER_65_PLUS,1882
30-Jun-25,SUB_ICB,01A,E38000050,NHS Lancashire and South Cumbria ICB - 01A,COMORBIDITIES,2150
30-Jun-25,SUB_ICB,01A,E38000050,NHS Lancashire and South Cumbria ICB - 01A,PALLIATIVE_CARE,750
30-Jun-25,SUB_ICB,01A,E38000050,NHS Lancashire and South Cumbria ICB - 01A,DEMENTIA_REGISTER_65_PLUS,2965
30-Jun-25,SUB_ICB,01E,E38000227,NHS Lancashire and South Cumbria ICB - 01E,COMORBIDITIES,1305
30-Jun-25,SUB_ICB,01E,E38000227,NHS Lancashire and South Cumbria ICB - 01E,PALLIATIVE_CARE,460
30-Jun-25,SUB_ICB,01E,E38000227,NHS Lancashire and South Cumbria ICB - 01E,DEMENTIA_REGISTER_65_PLUS,1785
30-Jun-25,SUB_ICB,01K,E38000228,NHS Lancashire and South Cumbria ICB - 01K,PALLIATIVE_CARE,760
30-Jun-25,SUB_ICB,01K,E38000228,NHS Lancashire and South Cumbria ICB - 01K,COMORBIDITIES,2695
30-Jun-25,SUB_ICB,01K,E38000228,NHS Lancashire and South Cumbria ICB - 01K,DEMENTIA_REGISTER_65_PLUS,3765
30-Jun-25,SUB_ICB,02G,E38000200,NHS Lancashire and South Cumbria ICB - 02G,PALLIATIVE_CARE,125
30-Jun-25,SUB_ICB,02G,E38000200,NHS Lancashire and South Cumbria ICB - 02G,COMORBIDITIES,795
30-Jun-25,SUB_ICB,02G,E38000200,NHS Lancashire and South Cumbria ICB - 02G,DEMENTIA_REGISTER_65_PLUS,1155
30-Jun-25,SUB_ICB,02M,E38000226,NHS Lancashire and South Cumbria ICB - 02M,PALLIATIVE_CARE,930
30-Jun-25,SUB_ICB,02M,E38000226,NHS Lancashire and South Cumbria ICB - 02M,COMORBIDITIES,1710
30-Jun-25,SUB_ICB,02M,E38000226,NHS Lancashire and South Cumbria ICB - 02M,DEMENTIA_REGISTER_65_PLUS,2368
30-Jun-25,SUB_ICB,03W,E38000051,"NHS Leicester, Leicestershire and Rutland ICB - 03W",PALLIATIVE_CARE,950
30-Jun-25,SUB_ICB,03W,E38000051,"NHS Leicester, Leicestershire and Rutland ICB - 03W",COMORBIDITIES,2395
30-Jun-25,SUB_ICB,03W,E38000051,"NHS Leicester, Leicestershire and Rutland ICB - 03W",DEMENTIA_REGISTER_65_PLUS,3341
30-Jun-25,SUB_ICB,04C,E38000097,"NHS Leicester, Leicestershire and Rutland ICB - 04C",PALLIATIVE_CARE,640
30-Jun-25,SUB_ICB,04C,E38000097,"NHS Leicester, Leicestershire and Rutland ICB - 04C",COMORBIDITIES,1875
30-Jun-25,SUB_ICB,04C,E38000097,"NHS Leicester, Leicestershire and Rutland ICB - 04C",DEMENTIA_REGISTER_65_PLUS,2385
30-Jun-25,SUB_ICB,04V,E38000201,"NHS Leicester, Leicestershire and Rutland ICB - 04V",PALLIATIVE_CARE,760
30-Jun-25,SUB_ICB,04V,E38000201,"NHS Leicester, Leicestershire and Rutland ICB - 04V",COMORBIDITIES,2415
30-Jun-25,SUB_ICB,04V,E38000201,"NHS Leicester, Leicestershire and Rutland ICB - 04V",DEMENTIA_REGISTER_65_PLUS,3357
30-Jun-25,SUB_ICB,71E,E38000238,NHS Lincolnshire ICB - 71E,COMORBIDITIES,6540
30-Jun-25,SUB_ICB,71E,E38000238,NHS Lincolnshire ICB - 71E,PALLIATIVE_CARE,1880
30-Jun-25,SUB_ICB,71E,E38000238,NHS Lincolnshire ICB - 71E,DEMENTIA_REGISTER_65_PLUS,8786
30-Jun-25,SUB_ICB,06Q,E38000106,NHS Mid and South Essex ICB - 06Q,PALLIATIVE_CARE,485
30-Jun-25,SUB_ICB,06Q,E38000106,NHS Mid and South Essex ICB - 06Q,COMORBIDITIES,2675
30-Jun-25,SUB_ICB,06Q,E38000106,NHS Mid and South Essex ICB - 06Q,DEMENTIA_REGISTER_65_PLUS,3746
30-Jun-25,SUB_ICB,07G,E38000185,NHS Mid and South Essex ICB - 07G,PALLIATIVE_CARE,315
30-Jun-25,SUB_ICB,07G,E38000185,NHS Mid and South Essex ICB - 07G,COMORBIDITIES,820
30-Jun-25,SUB_ICB,07G,E38000185,NHS Mid and South Essex ICB - 07G,DEMENTIA_REGISTER_65_PLUS,1054
30-Jun-25,SUB_ICB,99E,E38000007,NHS Mid and South Essex ICB - 99E,COMORBIDITIES,1595
30-Jun-25,SUB_ICB,99E,E38000007,NHS Mid and South Essex ICB - 99E,PALLIATIVE_CARE,530
30-Jun-25,SUB_ICB,99E,E38000007,NHS Mid and South Essex ICB - 99E,DEMENTIA_REGISTER_65_PLUS,2156
30-Jun-25,SUB_ICB,99F,E38000030,NHS Mid and South Essex ICB - 99F,COMORBIDITIES,1635
30-Jun-25,SUB_ICB,99F,E38000030,NHS Mid and South Essex ICB - 99F,PALLIATIVE_CARE,535
30-Jun-25,SUB_ICB,99F,E38000030,NHS Mid and South Essex ICB - 99F,DEMENTIA_REGISTER_65_PLUS,2224
30-Jun-25,SUB_ICB,99G,E38000168,NHS Mid and South Essex ICB - 99G,COMORBIDITIES,1530
30-Jun-25,SUB_ICB,99G,E38000168,NHS Mid and South Essex ICB - 99G,PALLIATIVE_CARE,650
30-Jun-25,SUB_ICB,99G,E38000168,NHS Mid and South Essex ICB - 99G,DEMENTIA_REGISTER_65_PLUS,2103
30-Jun-25,SUB_ICB,26A,E38000239,NHS Norfolk and Waveney ICB - 26A,COMORBIDITIES,8395
30-Jun-25,SUB_ICB,26A,E38000239,NHS Norfolk and Waveney ICB - 26A,PALLIATIVE_CARE,1135
30-Jun-25,SUB_ICB,26A,E38000239,NHS Norfolk and Waveney ICB - 26A,DEMENTIA_REGISTER_65_PLUS,11499
30-Jun-25,SUB_ICB,93C,E38000240,NHS North Central London ICB - 93C,PALLIATIVE_CARE,1415
30-Jun-25,SUB_ICB,93C,E38000240,NHS North Central London ICB - 93C,COMORBIDITIES,6965
30-Jun-25,SUB_ICB,93C,E38000240,NHS North Central London ICB - 93C,DEMENTIA_REGISTER_65_PLUS,9014
30-Jun-25,SUB_ICB,A3A8R,E38000255,NHS North East London ICB - A3A8R,COMORBIDITIES,6800
30-Jun-25,SUB_ICB,A3A8R,E38000255,NHS North East London ICB - A3A8R,PALLIATIVE_CARE,2405
30-Jun-25,SUB_ICB,A3A8R,E38000255,NHS North East London ICB - A3A8R,DEMENTIA_REGISTER_65_PLUS,8588
30-Jun-25,SUB_ICB,00L,E38000130,NHS North East and North Cumbria ICB - 00L,COMORBIDITIES,2665
30-Jun-25,SUB_ICB,00L,E38000130,NHS North East and North Cumbria ICB - 00L,PALLIATIVE_CARE,525
30-Jun-25,SUB_ICB,00L,E38000130,NHS North East and North Cumbria ICB - 00L,DEMENTIA_REGISTER_65_PLUS,3632
30-Jun-25,SUB_ICB,00N,E38000163,NHS North East and North Cumbria ICB - 00N,PALLIATIVE_CARE,345
30-Jun-25,SUB_ICB,00N,E38000163,NHS North East and North Cumbria ICB - 00N,COMORBIDITIES,1120
30-Jun-25,SUB_ICB,00N,E38000163,NHS North East and North Cumbria ICB - 00N,DEMENTIA_REGISTER_65_PLUS,1495
30-Jun-25,SUB_ICB,00P,E38000176,NHS North East and North Cumbria ICB - 00P,PALLIATIVE_CARE,335
30-Jun-25,SUB_ICB,00P,E38000176,NHS North East and North Cumbria ICB - 00P,COMORBIDITIES,1885
30-Jun-25,SUB_ICB,00P,E38000176,NHS North East and North Cumbria ICB - 00P,DEMENTIA_REGISTER_65_PLUS,2515
30-Jun-25,SUB_ICB,01H,E38000215,NHS North East and North Cumbria ICB - 01H,PALLIATIVE_CARE,480
30-Jun-25,SUB_ICB,01H,E38000215,NHS North East and North Cumbria ICB - 01H,COMORBIDITIES,2245
30-Jun-25,SUB_ICB,01H,E38000215,NHS North East and North Cumbria ICB - 01H,DEMENTIA_REGISTER_65_PLUS,3003
30-Jun-25,SUB_ICB,13T,E38000212,NHS North East and North Cumbria ICB - 13T,COMORBIDITIES,3120
30-Jun-25,SUB_ICB,13T,E38000212,NHS North East and North Cumbria ICB - 13T,PALLIATIVE_CARE,655
30-Jun-25,SUB_ICB,13T,E38000212,NHS North East and North Cumbria ICB - 13T,DEMENTIA_REGISTER_65_PLUS,4149
30-Jun-25,SUB_ICB,16C,E38000247,NHS North East and North Cumbria ICB - 16C,PALLIATIVE_CARE,990
30-Jun-25,SUB_ICB,16C,E38000247,NHS North East and North Cumbria ICB - 16C,COMORBIDITIES,4985
30-Jun-25,SUB_ICB,16C,E38000247,NHS North East and North Cumbria ICB - 16C,DEMENTIA_REGISTER_65_PLUS,6579
30-Jun-25,SUB_ICB,84H,E38000234,NHS North East and North Cumbria ICB - 84H,PALLIATIVE_CARE,1250
30-Jun-25,SUB_ICB,84H,E38000234,NHS North East and North Cumbria ICB - 84H,COMORBIDITIES,4255
30-Jun-25,SUB_ICB,84H,E38000234,NHS North East and North Cumbria ICB - 84H,DEMENTIA_REGISTER_65_PLUS,5433
30-Jun-25,SUB_ICB,99C,E38000127,NHS North East and North Cumbria ICB - 99C,PALLIATIVE_CARE,490
30-Jun-25,SUB_ICB,99C,E38000127,NHS North East and North Cumbria ICB - 99C,COMORBIDITIES,1585
30-Jun-25,SUB_ICB,99C,E38000127,NHS North East and North Cumbria ICB - 99C,DEMENTIA_REGISTER_65_PLUS,2112
30-Jun-25,SUB_ICB,W2U3Z,E38000256,NHS North West London ICB - W2U3Z,COMORBIDITIES,10340
30-Jun-25,SUB_ICB,W2U3Z,E38000256,NHS North West London ICB - W2U3Z,PALLIATIVE_CARE,3105
30-Jun-25,SUB_ICB,W2U3Z,E38000256,NHS North West London ICB - W2U3Z,DEMENTIA_REGISTER_65_PLUS,13024
30-Jun-25,SUB_ICB,78H,E38000262,NHS Northamptonshire ICB - 78H,COMORBIDITIES,4595
30-Jun-25,SUB_ICB,78H,E38000262,NHS Northamptonshire ICB - 78H,PALLIATIVE_CARE,530
30-Jun-25,SUB_ICB,78H,E38000262,NHS Northamptonshire ICB - 78H,DEMENTIA_REGISTER_65_PLUS,6092
30-Jun-25,SUB_ICB,02Q,E38000008,NHS Nottingham and Nottinghamshire ICB - 02Q,COMORBIDITIES,985
30-Jun-25,SUB_ICB,02Q,E38000008,NHS Nottingham and Nottinghamshire ICB - 02Q,PALLIATIVE_CARE,365
30-Jun-25,SUB_ICB,02Q,E38000008,NHS Nottingham and Nottinghamshire ICB - 02Q,DEMENTIA_REGISTER_65_PLUS,1366
30-Jun-25,SUB_ICB,52R,E38000243,NHS Nottingham and Nottinghamshire ICB - 52R,COMORBIDITIES,6585
30-Jun-25,SUB_ICB,52R,E38000243,NHS Nottingham and Nottinghamshire ICB - 52R,PALLIATIVE_CARE,3175
30-Jun-25,SUB_ICB,52R,E38000243,NHS Nottingham and Nottinghamshire ICB - 52R,DEMENTIA_REGISTER_65_PLUS,9084
30-Jun-25,SUB_ICB,M2L0M,E38000257,"NHS Shropshire, Telford and Wrekin ICB - M2L0M",COMORBIDITIES,3630
30-Jun-25,SUB_ICB,M2L0M,E38000257,"NHS Shropshire, Telford and Wrekin ICB - M2L0M",PALLIATIVE_CARE,475
30-Jun-25,SUB_ICB,M2L0M,E38000257,"NHS Shropshire, Telford and Wrekin ICB - M2L0M",DEMENTIA_REGISTER_65_PLUS,5056
30-Jun-25,SUB_ICB,11X,E38000150,NHS Somerset ICB - 11X,COMORBIDITIES,4145
30-Jun-25,SUB_ICB,11X,E38000150,NHS Somerset ICB - 11X,PALLIATIVE_CARE,580
30-Jun-25,SUB_ICB,11X,E38000150,NHS Somerset ICB - 11X,DEMENTIA_REGISTER_65_PLUS,5700
30-Jun-25,SUB_ICB,72Q,E38000244,NHS South East London ICB - 72Q,COMORBIDITIES,8430
30-Jun-25,SUB_ICB,72Q,E38000244,NHS South East London ICB - 72Q,PALLIATIVE_CARE,2360
30-Jun-25,SUB_ICB,72Q,E38000244,NHS South East London ICB - 72Q,DEMENTIA_REGISTER_65_PLUS,11018
30-Jun-25,SUB_ICB,36L,E38000245,NHS South West London ICB - 36L,COMORBIDITIES,8015
30-Jun-25,SUB_ICB,36L,E38000245,NHS South West London ICB - 36L,PALLIATIVE_CARE,2270
30-Jun-25,SUB_ICB,36L,E38000245,NHS South West London ICB - 36L,DEMENTIA_REGISTER_65_PLUS,10862
30-Jun-25,SUB_ICB,02P,E38000006,NHS South Yorkshire ICB - 02P,PALLIATIVE_CARE,470
30-Jun-25,SUB_ICB,02P,E38000006,NHS South Yorkshire ICB - 02P,COMORBIDITIES,1685
30-Jun-25,SUB_ICB,02P,E38000006,NHS South Yorkshire ICB - 02P,DEMENTIA_REGISTER_65_PLUS,2326
30-Jun-25,SUB_ICB,02X,E38000044,NHS South Yorkshire ICB - 02X,COMORBIDITIES,2010
30-Jun-25,SUB_ICB,02X,E38000044,NHS South Yorkshire ICB - 02X,PALLIATIVE_CARE,360
30-Jun-25,SUB_ICB,02X,E38000044,NHS South Yorkshire ICB - 02X,DEMENTIA_REGISTER_65_PLUS,2683
30-Jun-25,SUB_ICB,03L,E38000141,NHS South Yorkshire ICB - 03L,COMORBIDITIES,2255
30-Jun-25,SUB_ICB,03L,E38000141,NHS South Yorkshire ICB - 03L,PALLIATIVE_CARE,270
30-Jun-25,SUB_ICB,03L,E38000141,NHS South Yorkshire ICB - 03L,DEMENTIA_REGISTER_65_PLUS,2961
30-Jun-25,SUB_ICB,03N,E38000146,NHS South Yorkshire ICB - 03N,PALLIATIVE_CARE,985
30-Jun-25,SUB_ICB,03N,E38000146,NHS South Yorkshire ICB - 03N,COMORBIDITIES,3560
30-Jun-25,SUB_ICB,03N,E38000146,NHS South Yorkshire ICB - 03N,DEMENTIA_REGISTER_65_PLUS,4715
30-Jun-25,SUB_ICB,04Y,E38000028,NHS Staffordshire and Stoke-on-Trent ICB - 04Y,PALLIATIVE_CARE,410
30-Jun-25,SUB_ICB,04Y,E38000028,NHS Staffordshire and Stoke-on-Trent ICB - 04Y,COMORBIDITIES,1050
30-Jun-25,SUB_ICB,04Y,E38000028,NHS Staffordshire and Stoke-on-Trent ICB - 04Y,DEMENTIA_REGISTER_65_PLUS,1417
30-Jun-25,SUB_ICB,05D,E38000053,NHS Staffordshire and Stoke-on-Trent ICB - 05D,PALLIATIVE_CARE,415
30-Jun-25,SUB_ICB,05D,E38000053,NHS Staffordshire and Stoke-on-Trent ICB - 05D,COMORBIDITIES,855
30-Jun-25,SUB_ICB,05D,E38000053,NHS Staffordshire and Stoke-on-Trent ICB - 05D,DEMENTIA_REGISTER_65_PLUS,1191
30-Jun-25,SUB_ICB,05G,E38000126,NHS Staffordshire and Stoke-on-Trent ICB - 05G,PALLIATIVE_CARE,540
30-Jun-25,SUB_ICB,05G,E38000126,NHS Staffordshire and Stoke-on-Trent ICB - 05G,COMORBIDITIES,2005
30-Jun-25,SUB_ICB,05G,E38000126,NHS Staffordshire and Stoke-on-Trent ICB - 05G,DEMENTIA_REGISTER_65_PLUS,2648
30-Jun-25,SUB_ICB,05Q,E38000153,NHS Staffordshire and Stoke-on-Trent ICB - 05Q,PALLIATIVE_CARE,615
30-Jun-25,SUB_ICB,05Q,E38000153,NHS Staffordshire and Stoke-on-Trent ICB - 05Q,COMORBIDITIES,1545
30-Jun-25,SUB_ICB,05Q,E38000153,NHS Staffordshire and Stoke-on-Trent ICB - 05Q,DEMENTIA_REGISTER_65_PLUS,2154
30-Jun-25,SUB_ICB,05V,E38000173,NHS Staffordshire and Stoke-on-Trent ICB - 05V,PALLIATIVE_CARE,420
30-Jun-25,SUB_ICB,05V,E38000173,NHS Staffordshire and Stoke-on-Trent ICB - 05V,COMORBIDITIES,1060
30-Jun-25,SUB_ICB,05V,E38000173,NHS Staffordshire and Stoke-on-Trent ICB - 05V,DEMENTIA_REGISTER_65_PLUS,1453
30-Jun-25,SUB_ICB,05W,E38000175,NHS Staffordshire and Stoke-on-Trent ICB - 05W,PALLIATIVE_CARE,765
30-Jun-25,SUB_ICB,05W,E38000175,NHS Staffordshire and Stoke-on-Trent ICB - 05W,COMORBIDITIES,2445
30-Jun-25,SUB_ICB,05W,E38000175,NHS Staffordshire and Stoke-on-Trent ICB - 05W,DEMENTIA_REGISTER_65_PLUS,3086
30-Jun-25,SUB_ICB,06L,E38000086,NHS Suffolk and North East Essex ICB - 06L,PALLIATIVE_CARE,515
30-Jun-25,SUB_ICB,06L,E38000086,NHS Suffolk and North East Essex ICB - 06L,COMORBIDITIES,2845
30-Jun-25,SUB_ICB,06L,E38000086,NHS Suffolk and North East Essex ICB - 06L,DEMENTIA_REGISTER_65_PLUS,3911
30-Jun-25,SUB_ICB,06T,E38000117,NHS Suffolk and North East Essex ICB - 06T,PALLIATIVE_CARE,1415
30-Jun-25,SUB_ICB,06T,E38000117,NHS Suffolk and North East Essex ICB - 06T,COMORBIDITIES,2750
30-Jun-25,SUB_ICB,06T,E38000117,NHS Suffolk and North East Essex ICB - 06T,DEMENTIA_REGISTER_65_PLUS,3808
30-Jun-25,SUB_ICB,07K,E38000204,NHS Suffolk and North East Essex ICB - 07K,COMORBIDITIES,1655
30-Jun-25,SUB_ICB,07K,E38000204,NHS Suffolk and North East Essex ICB - 07K,PALLIATIVE_CARE,275
30-Jun-25,SUB_ICB,07K,E38000204,NHS Suffolk and North East Essex ICB - 07K,DEMENTIA_REGISTER_65_PLUS,2325
30-Jun-25,SUB_ICB,92A,E38000264,NHS Surrey Heartlands ICB - 92A,COMORBIDITIES,7210
30-Jun-25,SUB_ICB,92A,E38000264,NHS Surrey Heartlands ICB - 92A,PALLIATIVE_CARE,1060
30-Jun-25,SUB_ICB,92A,E38000264,NHS Surrey Heartlands ICB - 92A,DEMENTIA_REGISTER_65_PLUS,10373
30-Jun-25,SUB_ICB,09D,E38000021,NHS Sussex ICB - 09D,COMORBIDITIES,1285
30-Jun-25,SUB_ICB,09D,E38000021,NHS Sussex ICB - 09D,PALLIATIVE_CARE,200
30-Jun-25,SUB_ICB,09D,E38000021,NHS Sussex ICB - 09D,DEMENTIA_REGISTER_65_PLUS,1874
30-Jun-25,SUB_ICB,70F,E38000265,NHS Sussex ICB - 70F,COMORBIDITIES,6705
30-Jun-25,SUB_ICB,70F,E38000265,NHS Sussex ICB - 70F,PALLIATIVE_CARE,1510
30-Jun-25,SUB_ICB,70F,E38000265,NHS Sussex ICB - 70F,DEMENTIA_REGISTER_65_PLUS,9706
30-Jun-25,SUB_ICB,97R,E38000235,NHS Sussex ICB - 97R,COMORBIDITIES,4310
30-Jun-25,SUB_ICB,97R,E38000235,NHS Sussex ICB - 97R,PALLIATIVE_CARE,830
30-Jun-25,SUB_ICB,97R,E38000235,NHS Sussex ICB - 97R,DEMENTIA_REGISTER_65_PLUS,6295
30-Jun-25,SUB_ICB,02T,E38000025,NHS West Yorkshire ICB - 02T,COMORBIDITIES,1310
30-Jun-25,SUB_ICB,02T,E38000025,NHS West Yorkshire ICB - 02T,PALLIATIVE_CARE,380
30-Jun-25,SUB_ICB,02T,E38000025,NHS West Yorkshire ICB - 02T,DEMENTIA_REGISTER_65_PLUS,1809
30-Jun-25,SUB_ICB,03R,E38000190,NHS West Yorkshire ICB - 03R,PALLIATIVE_CARE,645
30-Jun-25,SUB_ICB,03R,E38000190,NHS West Yorkshire ICB - 03R,COMORBIDITIES,2250
30-Jun-25,SUB_ICB,03R,E38000190,NHS West Yorkshire ICB - 03R,DEMENTIA_REGISTER_65_PLUS,3006
30-Jun-25,SUB_ICB,15F,E38000225,NHS West Yorkshire ICB - 15F,PALLIATIVE_CARE,1285
30-Jun-25,SUB_ICB,15F,E38000225,NHS West Yorkshire ICB - 15F,COMORBIDITIES,5085
30-Jun-25,SUB_ICB,15F,E38000225,NHS West Yorkshire ICB - 15F,DEMENTIA_REGISTER_65_PLUS,6740
30-Jun-25,SUB_ICB,36J,E38000232,NHS West Yorkshire ICB - 36J,COMORBIDITIES,3705
30-Jun-25,SUB_ICB,36J,E38000232,NHS West Yorkshire ICB - 36J,PALLIATIVE_CARE,1675
30-Jun-25,SUB_ICB,36J,E38000232,NHS West Yorkshire ICB - 36J,DEMENTIA_REGISTER_65_PLUS,4954
30-Jun-25,SUB_ICB,X2C4Y,E38000254,NHS West Yorkshire ICB - X2C4Y,PALLIATIVE_CARE,885
30-Jun-25,SUB_ICB,X2C4Y,E38000254,NHS West Yorkshire ICB - X2C4Y,COMORBIDITIES,2440
30-Jun-25,SUB_ICB,X2C4Y,E38000254,NHS West Yorkshire ICB - X2C4Y,DEMENTIA_REGISTER_65_PLUS,3332
31-May-25,COUNTRY,ENG,E92000001,ENGLAND,PALLIATIVE_CARE,94177
31-May-25,COUNTRY,ENG,E92000001,ENGLAND,COMORBIDITIES,356761
31-May-25,COUNTRY,ENG,E92000001,ENGLAND,DEMENTIA_REGISTER_65_PLUS,485653
31-May-25,ICB,QOX,E54000040,"NHS Bath and North East Somerset, Swindon and Wiltshire Integrated Care Board",PALLIATIVE_CARE,759
31-May-25,ICB,QOX,E54000040,"NHS Bath and North East Somerset, Swindon and Wiltshire Integrated Care Board",COMORBIDITIES,6176
31-May-25,ICB,QOX,E54000040,"NHS Bath and North East Somerset, Swindon and Wiltshire Integrated Care Board",DEMENTIA_REGISTER_65_PLUS,8527
31-May-25,ICB,QHG,E54000024,"NHS Bedfordshire, Luton and Milton Keynes Integrated Care Board",PALLIATIVE_CARE,1109
31-May-25,ICB,QHG,E54000024,"NHS Bedfordshire, Luton and Milton Keynes Integrated Care Board",COMORBIDITIES,5619
31-May-25,ICB,QHG,E54000024,"NHS Bedfordshire, Luton and Milton Keynes Integrated Care Board",DEMENTIA_REGISTER_65_PLUS,7416
31-May-25,ICB,QHL,E54000055,NHS Birmingham and Solihull Integrated Care Board,PALLIATIVE_CARE,2039
31-May-25,ICB,QHL,E54000055,NHS Birmingham and Solihull Integrated Care Board,COMORBIDITIES,6894
31-May-25,ICB,QHL,E54000055,NHS Birmingham and Solihull Integrated Care Board,DEMENTIA_REGISTER_65_PLUS,9224
31-May-25,ICB,QUA,E54000062,NHS Black Country Integrated Care Board,COMORBIDITIES,7495
31-May-25,ICB,QUA,E54000062,NHS Black Country Integrated Care Board,PALLIATIVE_CARE,2933
31-May-25,ICB,QUA,E54000062,NHS Black Country Integrated Care Board,DEMENTIA_REGISTER_65_PLUS,9687
31-May-25,ICB,QUY,E54000039,"NHS Bristol, North Somerset and South Gloucestershire Integrated Care Board",COMORBIDITIES,6224
31-May-25,ICB,QUY,E54000039,"NHS Bristol, North Somerset and South Gloucestershire Integrated Care Board",PALLIATIVE_CARE,1062
31-May-25,ICB,QUY,E54000039,"NHS Bristol, North Somerset and South Gloucestershire Integrated Care Board",DEMENTIA_REGISTER_65_PLUS,8582
31-May-25,ICB,QU9,E54000044,"NHS Buckinghamshire, Oxfordshire and Berkshire West Integrated Care Board",COMORBIDITIES,10394
31-May-25,ICB,QU9,E54000044,"NHS Buckinghamshire, Oxfordshire and Berkshire West Integrated Care Board",PALLIATIVE_CARE,2121
31-May-25,ICB,QU9,E54000044,"NHS Buckinghamshire, Oxfordshire and Berkshire West Integrated Care Board",DEMENTIA_REGISTER_65_PLUS,14715
31-May-25,ICB,QUE,E54000056,NHS Cambridgeshire and Peterborough Integrated Care Board,PALLIATIVE_CARE,1039
31-May-25,ICB,QUE,E54000056,NHS Cambridgeshire and Peterborough Integrated Care Board,COMORBIDITIES,5089
31-May-25,ICB,QUE,E54000056,NHS Cambridgeshire and Peterborough Integrated Care Board,DEMENTIA_REGISTER_65_PLUS,6885
31-May-25,ICB,QYG,E54000008,NHS Cheshire and Merseyside Integrated Care Board,PALLIATIVE_CARE,5718
31-May-25,ICB,QYG,E54000008,NHS Cheshire and Merseyside Integrated Care Board,COMORBIDITIES,17473
31-May-25,ICB,QYG,E54000008,NHS Cheshire and Merseyside Integrated Care Board,DEMENTIA_REGISTER_65_PLUS,23738
31-May-25,ICB,QT6,E54000036,NHS Cornwall and the Isles of Scilly Integrated Care Board,COMORBIDITIES,4373
31-May-25,ICB,QT6,E54000036,NHS Cornwall and the Isles of Scilly Integrated Care Board,PALLIATIVE_CARE,391
31-May-25,ICB,QT6,E54000036,NHS Cornwall and the Isles of Scilly Integrated Care Board,DEMENTIA_REGISTER_65_PLUS,6142
31-May-25,ICB,QWU,E54000018,NHS Coventry and Warwickshire Integrated Care Board,COMORBIDITIES,5410
31-May-25,ICB,QWU,E54000018,NHS Coventry and Warwickshire Integrated Care Board,PALLIATIVE_CARE,1130
31-May-25,ICB,QWU,E54000018,NHS Coventry and Warwickshire Integrated Care Board,DEMENTIA_REGISTER_65_PLUS,7483
31-May-25,ICB,QJ2,E54000058,NHS Derby and Derbyshire Integrated Care Board,COMORBIDITIES,7786
31-May-25,ICB,QJ2,E54000058,NHS Derby and Derbyshire Integrated Care Board,PALLIATIVE_CARE,2551
31-May-25,ICB,QJ2,E54000058,NHS Derby and Derbyshire Integrated Care Board,DEMENTIA_REGISTER_65_PLUS,10516
31-May-25,ICB,QJK,E54000037,NHS Devon Integrated Care Board,PALLIATIVE_CARE,1238
31-May-25,ICB,QJK,E54000037,NHS Devon Integrated Care Board,COMORBIDITIES,8710
31-May-25,ICB,QJK,E54000037,NHS Devon Integrated Care Board,DEMENTIA_REGISTER_65_PLUS,12181
31-May-25,ICB,QVV,E54000041,NHS Dorset Integrated Care Board,PALLIATIVE_CARE,2141
31-May-25,ICB,QVV,E54000041,NHS Dorset Integrated Care Board,COMORBIDITIES,5866
31-May-25,ICB,QVV,E54000041,NHS Dorset Integrated Care Board,DEMENTIA_REGISTER_65_PLUS,8439
31-May-25,ICB,QNQ,E54000034,NHS Frimley Integrated Care Board,PALLIATIVE_CARE,893
31-May-25,ICB,QNQ,E54000034,NHS Frimley Integrated Care Board,COMORBIDITIES,4456
31-May-25,ICB,QNQ,E54000034,NHS Frimley Integrated Care Board,DEMENTIA_REGISTER_65_PLUS,6111
31-May-25,ICB,QR1,E54000043,NHS Gloucestershire Integrated Care Board,PALLIATIVE_CARE,1068
31-May-25,ICB,QR1,E54000043,NHS Gloucestershire Integrated Care Board,COMORBIDITIES,4562
31-May-25,ICB,QR1,E54000043,NHS Gloucestershire Integrated Care Board,DEMENTIA_REGISTER_65_PLUS,6355
31-May-25,ICB,QOP,E54000057,NHS Greater Manchester Integrated Care Board,PALLIATIVE_CARE,4581
31-May-25,ICB,QOP,E54000057,NHS Greater Manchester Integrated Care Board,COMORBIDITIES,17013
31-May-25,ICB,QOP,E54000057,NHS Greater Manchester Integrated Care Board,DEMENTIA_REGISTER_65_PLUS,22829
31-May-25,ICB,QRL,E54000042,NHS Hampshire and Isle of Wight Integrated Care Board,PALLIATIVE_CARE,2328
31-May-25,ICB,QRL,E54000042,NHS Hampshire and Isle of Wight Integrated Care Board,COMORBIDITIES,12565
31-May-25,ICB,QRL,E54000042,NHS Hampshire and Isle of Wight Integrated Care Board,DEMENTIA_REGISTER_65_PLUS,17448
31-May-25,ICB,QGH,E54000019,NHS Herefordshire and Worcestershire Integrated Care Board,PALLIATIVE_CARE,2041
31-May-25,ICB,QGH,E54000019,NHS Herefordshire and Worcestershire Integrated Care Board,COMORBIDITIES,5158
31-May-25,ICB,QGH,E54000019,NHS Herefordshire and Worcestershire Integrated Care Board,DEMENTIA_REGISTER_65_PLUS,7275
31-May-25,ICB,QM7,E54000025,NHS Hertfordshire and West Essex Integrated Care Board,PALLIATIVE_CARE,3553
31-May-25,ICB,QM7,E54000025,NHS Hertfordshire and West Essex Integrated Care Board,COMORBIDITIES,9287
31-May-25,ICB,QM7,E54000025,NHS Hertfordshire and West Essex Integrated Care Board,DEMENTIA_REGISTER_65_PLUS,12817
31-May-25,ICB,QOQ,E54000051,NHS Humber and North Yorkshire Integrated Care Board,COMORBIDITIES,11566
31-May-25,ICB,QOQ,E54000051,NHS Humber and North Yorkshire Integrated Care Board,PALLIATIVE_CARE,3337
31-May-25,ICB,QOQ,E54000051,NHS Humber and North Yorkshire Integrated Care Board,DEMENTIA_REGISTER_65_PLUS,15975
31-May-25,ICB,QKS,E54000032,NHS Kent and Medway Integrated Care Board,PALLIATIVE_CARE,2724
31-May-25,ICB,QKS,E54000032,NHS Kent and Medway Integrated Care Board,COMORBIDITIES,11477
31-May-25,ICB,QKS,E54000032,NHS Kent and Medway Integrated Care Board,DEMENTIA_REGISTER_65_PLUS,15939
31-May-25,ICB,QE1,E54000048,NHS Lancashire and South Cumbria Integrated Care Board,COMORBIDITIES,11955
31-May-25,ICB,QE1,E54000048,NHS Lancashire and South Cumbria Integrated Care Board,PALLIATIVE_CARE,4113
31-May-25,ICB,QE1,E54000048,NHS Lancashire and South Cumbria Integrated Care Board,DEMENTIA_REGISTER_65_PLUS,16420
31-May-25,ICB,QK1,E54000015,"NHS Leicester, Leicestershire and Rutland Integrated Care Board",PALLIATIVE_CARE,2336
31-May-25,ICB,QK1,E54000015,"NHS Leicester, Leicestershire and Rutland Integrated Care Board",COMORBIDITIES,6656
31-May-25,ICB,QK1,E54000015,"NHS Leicester, Leicestershire and Rutland Integrated Care Board",DEMENTIA_REGISTER_65_PLUS,9055
31-May-25,ICB,QJM,E54000013,NHS Lincolnshire Integrated Care Board,COMORBIDITIES,6486
31-May-25,ICB,QJM,E54000013,NHS Lincolnshire Integrated Care Board,PALLIATIVE_CARE,1864
31-May-25,ICB,QJM,E54000013,NHS Lincolnshire Integrated Care Board,DEMENTIA_REGISTER_65_PLUS,8722
31-May-25,ICB,QH8,E54000026,NHS Mid and South Essex Integrated Care Board,PALLIATIVE_CARE,2453
31-May-25,ICB,QH8,E54000026,NHS Mid and South Essex Integrated Care Board,COMORBIDITIES,8209
31-May-25,ICB,QH8,E54000026,NHS Mid and South Essex Integrated Care Board,DEMENTIA_REGISTER_65_PLUS,11224
31-May-25,ICB,QMM,E54000022,NHS Norfolk and Waveney Integrated Care Board,COMORBIDITIES,8352
31-May-25,ICB,QMM,E54000022,NHS Norfolk and Waveney Integrated Care Board,PALLIATIVE_CARE,1139
31-May-25,ICB,QMM,E54000022,NHS Norfolk and Waveney Integrated Care Board,DEMENTIA_REGISTER_65_PLUS,11450
31-May-25,ICB,QMJ,E54000028,NHS North Central London Integrated Care Board,PALLIATIVE_CARE,1436
31-May-25,ICB,QMJ,E54000028,NHS North Central London Integrated Care Board,COMORBIDITIES,6933
31-May-25,ICB,QMJ,E54000028,NHS North Central London Integrated Care Board,DEMENTIA_REGISTER_65_PLUS,8985
31-May-25,ICB,QMF,E54000029,NHS North East London Integrated Care Board,PALLIATIVE_CARE,2414
31-May-25,ICB,QMF,E54000029,NHS North East London Integrated Care Board,COMORBIDITIES,6743
31-May-25,ICB,QMF,E54000029,NHS North East London Integrated Care Board,DEMENTIA_REGISTER_65_PLUS,8528
31-May-25,ICB,QHM,E54000050,NHS North East and North Cumbria Integrated Care Board,COMORBIDITIES,21669
31-May-25,ICB,QHM,E54000050,NHS North East and North Cumbria Integrated Care Board,PALLIATIVE_CARE,5010
31-May-25,ICB,QHM,E54000050,NHS North East and North Cumbria Integrated Care Board,DEMENTIA_REGISTER_65_PLUS,28727
31-May-25,ICB,QRV,E54000027,NHS North West London Integrated Care Board,PALLIATIVE_CARE,3075
31-May-25,ICB,QRV,E54000027,NHS North West London Integrated Care Board,COMORBIDITIES,10299
31-May-25,ICB,QRV,E54000027,NHS North West London Integrated Care Board,DEMENTIA_REGISTER_65_PLUS,12979
31-May-25,ICB,QPM,E54000059,NHS Northamptonshire Integrated Care Board,PALLIATIVE_CARE,533
31-May-25,ICB,QPM,E54000059,NHS Northamptonshire Integrated Care Board,COMORBIDITIES,4568
31-May-25,ICB,QPM,E54000059,NHS Northamptonshire Integrated Care Board,DEMENTIA_REGISTER_65_PLUS,6076
31-May-25,ICB,QT1,E54000060,NHS Nottingham and Nottinghamshire Integrated Care Board,PALLIATIVE_CARE,3515
31-May-25,ICB,QT1,E54000060,NHS Nottingham and Nottinghamshire Integrated Care Board,COMORBIDITIES,7552
31-May-25,ICB,QT1,E54000060,NHS Nottingham and Nottinghamshire Integrated Care Board,DEMENTIA_REGISTER_65_PLUS,10421
31-May-25,ICB,QOC,E54000011,"NHS Shropshire, Telford and Wrekin Integrated Care Board",COMORBIDITIES,3630
31-May-25,ICB,QOC,E54000011,"NHS Shropshire, Telford and Wrekin Integrated Care Board",PALLIATIVE_CARE,472
31-May-25,ICB,QOC,E54000011,"NHS Shropshire, Telford and Wrekin Integrated Care Board",DEMENTIA_REGISTER_65_PLUS,5058
31-May-25,ICB,QSL,E54000038,NHS Somerset Integrated Care Board,PALLIATIVE_CARE,586
31-May-25,ICB,QSL,E54000038,NHS Somerset Integrated Care Board,COMORBIDITIES,4095
31-May-25,ICB,QSL,E54000038,NHS Somerset Integrated Care Board,DEMENTIA_REGISTER_65_PLUS,5632
31-May-25,ICB,QKK,E54000030,NHS South East London Integrated Care Board,PALLIATIVE_CARE,2340
31-May-25,ICB,QKK,E54000030,NHS South East London Integrated Care Board,COMORBIDITIES,8377
31-May-25,ICB,QKK,E54000030,NHS South East London Integrated Care Board,DEMENTIA_REGISTER_65_PLUS,10961
31-May-25,ICB,QWE,E54000031,NHS South West London Integrated Care Board,COMORBIDITIES,7954
31-May-25,ICB,QWE,E54000031,NHS South West London Integrated Care Board,PALLIATIVE_CARE,2269
31-May-25,ICB,QWE,E54000031,NHS South West London Integrated Care Board,DEMENTIA_REGISTER_65_PLUS,10803
31-May-25,ICB,QF7,E54000061,NHS South Yorkshire Integrated Care Board,PALLIATIVE_CARE,2062
31-May-25,ICB,QF7,E54000061,NHS South Yorkshire Integrated Care Board,COMORBIDITIES,9481
31-May-25,ICB,QF7,E54000061,NHS South Yorkshire Integrated Care Board,DEMENTIA_REGISTER_65_PLUS,12647
31-May-25,ICB,QNC,E54000010,NHS Staffordshire and Stoke-on-Trent Integrated Care Board,PALLIATIVE_CARE,3211
31-May-25,ICB,QNC,E54000010,NHS Staffordshire and Stoke-on-Trent Integrated Care Board,COMORBIDITIES,8949
31-May-25,ICB,QNC,E54000010,NHS Staffordshire and Stoke-on-Trent Integrated Care Board,DEMENTIA_REGISTER_65_PLUS,11945
31-May-25,ICB,QJG,E54000023,NHS Suffolk and North East Essex Integrated Care Board,COMORBIDITIES,7210
31-May-25,ICB,QJG,E54000023,NHS Suffolk and North East Essex Integrated Care Board,PALLIATIVE_CARE,2208
31-May-25,ICB,QJG,E54000023,NHS Suffolk and North East Essex Integrated Care Board,DEMENTIA_REGISTER_65_PLUS,9976
31-May-25,ICB,QXU,E54000063,NHS Surrey Heartlands ICB,COMORBIDITIES,7155
31-May-25,ICB,QXU,E54000063,NHS Surrey Heartlands ICB,PALLIATIVE_CARE,1044
31-May-25,ICB,QXU,E54000063,NHS Surrey Heartlands ICB,DEMENTIA_REGISTER_65_PLUS,10284
31-May-25,ICB,QNX,E54000064,NHS Sussex ICB,PALLIATIVE_CARE,2520
31-May-25,ICB,QNX,E54000064,NHS Sussex ICB,COMORBIDITIES,12181
31-May-25,ICB,QNX,E54000064,NHS Sussex ICB,DEMENTIA_REGISTER_65_PLUS,17727
31-May-25,ICB,QWO,E54000054,NHS West Yorkshire Integrated Care Board,PALLIATIVE_CARE,4821
31-May-25,ICB,QWO,E54000054,NHS West Yorkshire Integrated Care Board,COMORBIDITIES,14714
31-May-25,ICB,QWO,E54000054,NHS West Yorkshire Integrated Care Board,DEMENTIA_REGISTER_65_PLUS,19749
31-May-25,REGION,Y61,E40000013,East of England,PALLIATIVE_CARE,11501
31-May-25,REGION,Y61,E40000013,East of England,COMORBIDITIES,43766
31-May-25,REGION,Y61,E40000013,East of England,DEMENTIA_REGISTER_65_PLUS,59768
31-May-25,REGION,Y56,E40000003,London,PALLIATIVE_CARE,11534
31-May-25,REGION,Y56,E40000003,London,COMORBIDITIES,40306
31-May-25,REGION,Y56,E40000003,London,DEMENTIA_REGISTER_65_PLUS,52256
31-May-25,REGION,Y60,E40000011,Midlands,PALLIATIVE_CARE,22625
31-May-25,REGION,Y60,E40000011,Midlands,COMORBIDITIES,70584
31-May-25,REGION,Y60,E40000011,Midlands,DEMENTIA_REGISTER_65_PLUS,95462
31-May-25,REGION,Y63,E40000012,North East and Yorkshire,COMORBIDITIES,57430
31-May-25,REGION,Y63,E40000012,North East and Yorkshire,PALLIATIVE_CARE,15230
31-May-25,REGION,Y63,E40000012,North East and Yorkshire,DEMENTIA_REGISTER_65_PLUS,77098
31-May-25,REGION,Y62,E40000014,North West,PALLIATIVE_CARE,14412
31-May-25,REGION,Y62,E40000014,North West,COMORBIDITIES,46441
31-May-25,REGION,Y62,E40000014,North West,DEMENTIA_REGISTER_65_PLUS,62987
31-May-25,REGION,Y59,E40000005,South East,PALLIATIVE_CARE,11630
31-May-25,REGION,Y59,E40000005,South East,COMORBIDITIES,58228
31-May-25,REGION,Y59,E40000005,South East,DEMENTIA_REGISTER_65_PLUS,82224
31-May-25,REGION,Y58,E40000006,South West,PALLIATIVE_CARE,7245
31-May-25,REGION,Y58,E40000006,South West,COMORBIDITIES,40006
31-May-25,REGION,Y58,E40000006,South West,DEMENTIA_REGISTER_65_PLUS,55858
31-May-25,SUB_ICB,92G,E38000231,"NHS Bath and North East Somerset, Swindon and Wiltshire ICB - 92G",COMORBIDITIES,6175
31-May-25,SUB_ICB,92G,E38000231,"NHS Bath and North East Somerset, Swindon and Wiltshire ICB - 92G",PALLIATIVE_CARE,760
31-May-25,SUB_ICB,92G,E38000231,"NHS Bath and North East Somerset, Swindon and Wiltshire ICB - 92G",DEMENTIA_REGISTER_65_PLUS,8527
31-May-25,SUB_ICB,M1J4Y,E38000249,"NHS Bedfordshire, Luton and Milton Keynes ICB - M1J4Y",COMORBIDITIES,5620
31-May-25,SUB_ICB,M1J4Y,E38000249,"NHS Bedfordshire, Luton and Milton Keynes ICB - M1J4Y",PALLIATIVE_CARE,1110
31-May-25,SUB_ICB,M1J4Y,E38000249,"NHS Bedfordshire, Luton and Milton Keynes ICB - M1J4Y",DEMENTIA_REGISTER_65_PLUS,7416
31-May-25,SUB_ICB,15E,E38000258,NHS Birmingham and Solihull ICB - 15E,PALLIATIVE_CARE,2040
31-May-25,SUB_ICB,15E,E38000258,NHS Birmingham and Solihull ICB - 15E,COMORBIDITIES,6895
31-May-25,SUB_ICB,15E,E38000258,NHS Birmingham and Solihull ICB - 15E,DEMENTIA_REGISTER_65_PLUS,9224
31-May-25,SUB_ICB,D2P2L,E38000259,NHS Black Country ICB - D2P2L,PALLIATIVE_CARE,2935
31-May-25,SUB_ICB,D2P2L,E38000259,NHS Black Country ICB - D2P2L,COMORBIDITIES,7495
31-May-25,SUB_ICB,D2P2L,E38000259,NHS Black Country ICB - D2P2L,DEMENTIA_REGISTER_65_PLUS,9687
31-May-25,SUB_ICB,15C,E38000222,"NHS Bristol, North Somerset and South Gloucestershire ICB - 15C",PALLIATIVE_CARE,1060
31-May-25,SUB_ICB,15C,E38000222,"NHS Bristol, North Somerset and South Gloucestershire ICB - 15C",COMORBIDITIES,6225
31-May-25,SUB_ICB,15C,E38000222,"NHS Bristol, North Somerset and South Gloucestershire ICB - 15C",DEMENTIA_REGISTER_65_PLUS,8582
31-May-25,SUB_ICB,10Q,E38000136,"NHS Buckinghamshire, Oxfordshire and Berkshire West ICB - 10Q",COMORBIDITIES,4310
31-May-25,SUB_ICB,10Q,E38000136,"NHS Buckinghamshire, Oxfordshire and Berkshire West ICB - 10Q",PALLIATIVE_CARE,695
31-May-25,SUB_ICB,10Q,E38000136,"NHS Buckinghamshire, Oxfordshire and Berkshire West ICB - 10Q",DEMENTIA_REGISTER_65_PLUS,6236
31-May-25,SUB_ICB,14Y,E38000223,"NHS Buckinghamshire, Oxfordshire and Berkshire West ICB - 14Y",COMORBIDITIES,3185
31-May-25,SUB_ICB,14Y,E38000223,"NHS Buckinghamshire, Oxfordshire and Berkshire West ICB - 14Y",PALLIATIVE_CARE,700
31-May-25,SUB_ICB,14Y,E38000223,"NHS Buckinghamshire, Oxfordshire and Berkshire West ICB - 14Y",DEMENTIA_REGISTER_65_PLUS,4472
31-May-25,SUB_ICB,15A,E38000221,"NHS Buckinghamshire, Oxfordshire and Berkshire West ICB - 15A",PALLIATIVE_CARE,725
31-May-25,SUB_ICB,15A,E38000221,"NHS Buckinghamshire, Oxfordshire and Berkshire West ICB - 15A",COMORBIDITIES,2900
31-May-25,SUB_ICB,15A,E38000221,"NHS Buckinghamshire, Oxfordshire and Berkshire West ICB - 15A",DEMENTIA_REGISTER_65_PLUS,4007
31-May-25,SUB_ICB,06H,E38000260,NHS Cambridgeshire and Peterborough ICB - 06H,COMORBIDITIES,5090
31-May-25,SUB_ICB,06H,E38000260,NHS Cambridgeshire and Peterborough ICB - 06H,PALLIATIVE_CARE,1040
31-May-25,SUB_ICB,06H,E38000260,NHS Cambridgeshire and Peterborough ICB - 06H,DEMENTIA_REGISTER_65_PLUS,6885
31-May-25,SUB_ICB,01F,E38000068,NHS Cheshire and Merseyside ICB - 01F,PALLIATIVE_CARE,150
31-May-25,SUB_ICB,01F,E38000068,NHS Cheshire and Merseyside ICB - 01F,COMORBIDITIES,760
31-May-25,SUB_ICB,01F,E38000068,NHS Cheshire and Merseyside ICB - 01F,DEMENTIA_REGISTER_65_PLUS,990
31-May-25,SUB_ICB,01J,E38000091,NHS Cheshire and Merseyside ICB - 01J,PALLIATIVE_CARE,310
31-May-25,SUB_ICB,01J,E38000091,NHS Cheshire and Merseyside ICB - 01J,COMORBIDITIES,860
31-May-25,SUB_ICB,01J,E38000091,NHS Cheshire and Merseyside ICB - 01J,DEMENTIA_REGISTER_65_PLUS,1102
31-May-25,SUB_ICB,01T,E38000161,NHS Cheshire and Merseyside ICB - 01T,PALLIATIVE_CARE,400
31-May-25,SUB_ICB,01T,E38000161,NHS Cheshire and Merseyside ICB - 01T,COMORBIDITIES,910
31-May-25,SUB_ICB,01T,E38000161,NHS Cheshire and Merseyside ICB - 01T,DEMENTIA_REGISTER_65_PLUS,1227
31-May-25,SUB_ICB,01V,E38000170,NHS Cheshire and Merseyside ICB - 01V,PALLIATIVE_CARE,610
31-May-25,SUB_ICB,01V,E38000170,NHS Cheshire and Merseyside ICB - 01V,COMORBIDITIES,1280
31-May-25,SUB_ICB,01V,E38000170,NHS Cheshire and Merseyside ICB - 01V,DEMENTIA_REGISTER_65_PLUS,1844
31-May-25,SUB_ICB,01X,E38000172,NHS Cheshire and Merseyside ICB - 01X,COMORBIDITIES,1320
31-May-25,SUB_ICB,01X,E38000172,NHS Cheshire and Merseyside ICB - 01X,PALLIATIVE_CARE,290
31-May-25,SUB_ICB,01X,E38000172,NHS Cheshire and Merseyside ICB - 01X,DEMENTIA_REGISTER_65_PLUS,1748
31-May-25,SUB_ICB,02E,E38000194,NHS Cheshire and Merseyside ICB - 02E,PALLIATIVE_CARE,920
31-May-25,SUB_ICB,02E,E38000194,NHS Cheshire and Merseyside ICB - 02E,COMORBIDITIES,1495
31-May-25,SUB_ICB,02E,E38000194,NHS Cheshire and Merseyside ICB - 02E,DEMENTIA_REGISTER_65_PLUS,2043
31-May-25,SUB_ICB,12F,E38000208,NHS Cheshire and Merseyside ICB - 12F,COMORBIDITIES,2405
31-May-25,SUB_ICB,12F,E38000208,NHS Cheshire and Merseyside ICB - 12F,PALLIATIVE_CARE,955
31-May-25,SUB_ICB,12F,E38000208,NHS Cheshire and Merseyside ICB - 12F,DEMENTIA_REGISTER_65_PLUS,3281
31-May-25,SUB_ICB,27D,E38000233,NHS Cheshire and Merseyside ICB - 27D,PALLIATIVE_CARE,1570
31-May-25,SUB_ICB,27D,E38000233,NHS Cheshire and Merseyside ICB - 27D,COMORBIDITIES,5765
31-May-25,SUB_ICB,27D,E38000233,NHS Cheshire and Merseyside ICB - 27D,DEMENTIA_REGISTER_65_PLUS,8003
31-May-25,SUB_ICB,99A,E38000101,NHS Cheshire and Merseyside ICB - 99A,COMORBIDITIES,2680
31-May-25,SUB_ICB,99A,E38000101,NHS Cheshire and Merseyside ICB - 99A,PALLIATIVE_CARE,515
31-May-25,SUB_ICB,99A,E38000101,NHS Cheshire and Merseyside ICB - 99A,DEMENTIA_REGISTER_65_PLUS,3500
31-May-25,SUB_ICB,11N,E38000089,NHS Cornwall and the Isles of Scilly ICB - 11N,COMORBIDITIES,4375
31-May-25,SUB_ICB,11N,E38000089,NHS Cornwall and the Isles of Scilly ICB - 11N,PALLIATIVE_CARE,390
31-May-25,SUB_ICB,11N,E38000089,NHS Cornwall and the Isles of Scilly ICB - 11N,DEMENTIA_REGISTER_65_PLUS,6142
31-May-25,SUB_ICB,B2M3M,E38000251,NHS Coventry and Warwickshire ICB - B2M3M,COMORBIDITIES,5410
31-May-25,SUB_ICB,B2M3M,E38000251,NHS Coventry and Warwickshire ICB - B2M3M,PALLIATIVE_CARE,1130
31-May-25,SUB_ICB,B2M3M,E38000251,NHS Coventry and Warwickshire ICB - B2M3M,DEMENTIA_REGISTER_65_PLUS,7483
31-May-25,SUB_ICB,15M,E38000261,NHS Derby and Derbyshire ICB - 15M,COMORBIDITIES,7785
31-May-25,SUB_ICB,15M,E38000261,NHS Derby and Derbyshire ICB - 15M,PALLIATIVE_CARE,2550
31-May-25,SUB_ICB,15M,E38000261,NHS Derby and Derbyshire ICB - 15M,DEMENTIA_REGISTER_65_PLUS,10516
31-May-25,SUB_ICB,15N,E38000230,NHS Devon ICB - 15N,COMORBIDITIES,8710
31-May-25,SUB_ICB,15N,E38000230,NHS Devon ICB - 15N,PALLIATIVE_CARE,1240
31-May-25,SUB_ICB,15N,E38000230,NHS Devon ICB - 15N,DEMENTIA_REGISTER_65_PLUS,12181
31-May-25,SUB_ICB,11J,E38000045,NHS Dorset ICB - 11J,COMORBIDITIES,5865
31-May-25,SUB_ICB,11J,E38000045,NHS Dorset ICB - 11J,PALLIATIVE_CARE,2140
31-May-25,SUB_ICB,11J,E38000045,NHS Dorset ICB - 11J,DEMENTIA_REGISTER_65_PLUS,8439
31-May-25,SUB_ICB,D4U1Y,E38000252,NHS Frimley ICB - D4U1Y,PALLIATIVE_CARE,895
31-May-25,SUB_ICB,D4U1Y,E38000252,NHS Frimley ICB - D4U1Y,COMORBIDITIES,4455
31-May-25,SUB_ICB,D4U1Y,E38000252,NHS Frimley ICB - D4U1Y,DEMENTIA_REGISTER_65_PLUS,6111
31-May-25,SUB_ICB,11M,E38000062,NHS Gloucestershire ICB - 11M,COMORBIDITIES,4560
31-May-25,SUB_ICB,11M,E38000062,NHS Gloucestershire ICB - 11M,PALLIATIVE_CARE,1070
31-May-25,SUB_ICB,11M,E38000062,NHS Gloucestershire ICB - 11M,DEMENTIA_REGISTER_65_PLUS,6355
31-May-25,SUB_ICB,00T,E38000016,NHS Greater Manchester ICB - 00T,COMORBIDITIES,1795
31-May-25,SUB_ICB,00T,E38000016,NHS Greater Manchester ICB - 00T,PALLIATIVE_CARE,340
31-May-25,SUB_ICB,00T,E38000016,NHS Greater Manchester ICB - 00T,DEMENTIA_REGISTER_65_PLUS,2432
31-May-25,SUB_ICB,00V,E38000024,NHS Greater Manchester ICB - 00V,COMORBIDITIES,1295
31-May-25,SUB_ICB,00V,E38000024,NHS Greater Manchester ICB - 00V,PALLIATIVE_CARE,280
31-May-25,SUB_ICB,00V,E38000024,NHS Greater Manchester ICB - 00V,DEMENTIA_REGISTER_65_PLUS,1873
31-May-25,SUB_ICB,00Y,E38000135,NHS Greater Manchester ICB - 00Y,PALLIATIVE_CARE,290
31-May-25,SUB_ICB,00Y,E38000135,NHS Greater Manchester ICB - 00Y,COMORBIDITIES,1400
31-May-25,SUB_ICB,00Y,E38000135,NHS Greater Manchester ICB - 00Y,DEMENTIA_REGISTER_65_PLUS,1905
31-May-25,SUB_ICB,01D,E38000080,NHS Greater Manchester ICB - 01D,COMORBIDITIES,1410
31-May-25,SUB_ICB,01D,E38000080,NHS Greater Manchester ICB - 01D,PALLIATIVE_CARE,345
31-May-25,SUB_ICB,01D,E38000080,NHS Greater Manchester ICB - 01D,DEMENTIA_REGISTER_65_PLUS,1879
31-May-25,SUB_ICB,01G,E38000143,NHS Greater Manchester ICB - 01G,COMORBIDITIES,1430
31-May-25,SUB_ICB,01G,E38000143,NHS Greater Manchester ICB - 01G,PALLIATIVE_CARE,340
31-May-25,SUB_ICB,01G,E38000143,NHS Greater Manchester ICB - 01G,DEMENTIA_REGISTER_65_PLUS,1905
31-May-25,SUB_ICB,01W,E38000174,NHS Greater Manchester ICB - 01W,COMORBIDITIES,2360
31-May-25,SUB_ICB,01W,E38000174,NHS Greater Manchester ICB - 01W,PALLIATIVE_CARE,595
31-May-25,SUB_ICB,01W,E38000174,NHS Greater Manchester ICB - 01W,DEMENTIA_REGISTER_65_PLUS,3247
31-May-25,SUB_ICB,01Y,E38000263,NHS Greater Manchester ICB - 01Y,PALLIATIVE_CARE,665
31-May-25,SUB_ICB,01Y,E38000263,NHS Greater Manchester ICB - 01Y,COMORBIDITIES,1355
31-May-25,SUB_ICB,01Y,E38000263,NHS Greater Manchester ICB - 01Y,DEMENTIA_REGISTER_65_PLUS,1722
31-May-25,SUB_ICB,02A,E38000187,NHS Greater Manchester ICB - 02A,PALLIATIVE_CARE,240
31-May-25,SUB_ICB,02A,E38000187,NHS Greater Manchester ICB - 02A,COMORBIDITIES,1420
31-May-25,SUB_ICB,02A,E38000187,NHS Greater Manchester ICB - 02A,DEMENTIA_REGISTER_65_PLUS,1984
31-May-25,SUB_ICB,02H,E38000205,NHS Greater Manchester ICB - 02H,PALLIATIVE_CARE,1005
31-May-25,SUB_ICB,02H,E38000205,NHS Greater Manchester ICB - 02H,COMORBIDITIES,2320
31-May-25,SUB_ICB,02H,E38000205,NHS Greater Manchester ICB - 02H,DEMENTIA_REGISTER_65_PLUS,3012
31-May-25,SUB_ICB,14L,E38000217,NHS Greater Manchester ICB - 14L,COMORBIDITIES,2220
31-May-25,SUB_ICB,14L,E38000217,NHS Greater Manchester ICB - 14L,PALLIATIVE_CARE,480
31-May-25,SUB_ICB,14L,E38000217,NHS Greater Manchester ICB - 14L,DEMENTIA_REGISTER_65_PLUS,2870
31-May-25,SUB_ICB,10R,E38000137,NHS Hampshire and Isle of Wight ICB - 10R,COMORBIDITIES,1190
31-May-25,SUB_ICB,10R,E38000137,NHS Hampshire and Isle of Wight ICB - 10R,PALLIATIVE_CARE,345
31-May-25,SUB_ICB,10R,E38000137,NHS Hampshire and Isle of Wight ICB - 10R,DEMENTIA_REGISTER_65_PLUS,1563
31-May-25,SUB_ICB,D9Y0V,E38000253,NHS Hampshire and Isle of Wight ICB - D9Y0V,PALLIATIVE_CARE,1980
31-May-25,SUB_ICB,D9Y0V,E38000253,NHS Hampshire and Isle of Wight ICB - D9Y0V,COMORBIDITIES,11375
31-May-25,SUB_ICB,D9Y0V,E38000253,NHS Hampshire and Isle of Wight ICB - D9Y0V,DEMENTIA_REGISTER_65_PLUS,15885
31-May-25,SUB_ICB,18C,E38000236,NHS Herefordshire and Worcestershire ICB - 18C,COMORBIDITIES,5160
31-May-25,SUB_ICB,18C,E38000236,NHS Herefordshire and Worcestershire ICB - 18C,PALLIATIVE_CARE,2040
31-May-25,SUB_ICB,18C,E38000236,NHS Herefordshire and Worcestershire ICB - 18C,DEMENTIA_REGISTER_65_PLUS,7275
31-May-25,SUB_ICB,06K,E38000049,NHS Hertfordshire and West Essex ICB - 06K,COMORBIDITIES,3370
31-May-25,SUB_ICB,06K,E38000049,NHS Hertfordshire and West Essex ICB - 06K,PALLIATIVE_CARE,1565
31-May-25,SUB_ICB,06K,E38000049,NHS Hertfordshire and West Essex ICB - 06K,DEMENTIA_REGISTER_65_PLUS,4686
31-May-25,SUB_ICB,06N,E38000079,NHS Hertfordshire and West Essex ICB - 06N,PALLIATIVE_CARE,980
31-May-25,SUB_ICB,06N,E38000079,NHS Hertfordshire and West Essex ICB - 06N,COMORBIDITIES,3650
31-May-25,SUB_ICB,06N,E38000079,NHS Hertfordshire and West Essex ICB - 06N,DEMENTIA_REGISTER_65_PLUS,5043
31-May-25,SUB_ICB,07H,E38000197,NHS Hertfordshire and West Essex ICB - 07H,COMORBIDITIES,2265
31-May-25,SUB_ICB,07H,E38000197,NHS Hertfordshire and West Essex ICB - 07H,PALLIATIVE_CARE,1010
31-May-25,SUB_ICB,07H,E38000197,NHS Hertfordshire and West Essex ICB - 07H,DEMENTIA_REGISTER_65_PLUS,3088
31-May-25,SUB_ICB,02Y,E38000052,NHS Humber and North Yorkshire ICB - 02Y,COMORBIDITIES,2345
31-May-25,SUB_ICB,02Y,E38000052,NHS Humber and North Yorkshire ICB - 02Y,PALLIATIVE_CARE,435
31-May-25,SUB_ICB,02Y,E38000052,NHS Humber and North Yorkshire ICB - 02Y,DEMENTIA_REGISTER_65_PLUS,3277
31-May-25,SUB_ICB,03F,E38000085,NHS Humber and North Yorkshire ICB - 03F,PALLIATIVE_CARE,220
31-May-25,SUB_ICB,03F,E38000085,NHS Humber and North Yorkshire ICB - 03F,COMORBIDITIES,1440
31-May-25,SUB_ICB,03F,E38000085,NHS Humber and North Yorkshire ICB - 03F,DEMENTIA_REGISTER_65_PLUS,1896
31-May-25,SUB_ICB,03H,E38000119,NHS Humber and North Yorkshire ICB - 03H,PALLIATIVE_CARE,450
31-May-25,SUB_ICB,03H,E38000119,NHS Humber and North Yorkshire ICB - 03H,COMORBIDITIES,1200
31-May-25,SUB_ICB,03H,E38000119,NHS Humber and North Yorkshire ICB - 03H,DEMENTIA_REGISTER_65_PLUS,1668
31-May-25,SUB_ICB,03K,E38000122,NHS Humber and North Yorkshire ICB - 03K,COMORBIDITIES,1245
31-May-25,SUB_ICB,03K,E38000122,NHS Humber and North Yorkshire ICB - 03K,PALLIATIVE_CARE,755
31-May-25,SUB_ICB,03K,E38000122,NHS Humber and North Yorkshire ICB - 03K,DEMENTIA_REGISTER_65_PLUS,1695
31-May-25,SUB_ICB,03Q,E38000188,NHS Humber and North Yorkshire ICB - 03Q,COMORBIDITIES,1305
31-May-25,SUB_ICB,03Q,E38000188,NHS Humber and North Yorkshire ICB - 03Q,PALLIATIVE_CARE,475
31-May-25,SUB_ICB,03Q,E38000188,NHS Humber and North Yorkshire ICB - 03Q,DEMENTIA_REGISTER_65_PLUS,1805
31-May-25,SUB_ICB,42D,E38000241,NHS Humber and North Yorkshire ICB - 42D,PALLIATIVE_CARE,1005
31-May-25,SUB_ICB,42D,E38000241,NHS Humber and North Yorkshire ICB - 42D,COMORBIDITIES,4035
31-May-25,SUB_ICB,42D,E38000241,NHS Humber and North Yorkshire ICB - 42D,DEMENTIA_REGISTER_65_PLUS,5634
31-May-25,SUB_ICB,91Q,E38000237,NHS Kent and Medway ICB - 91Q,COMORBIDITIES,11475
31-May-25,SUB_ICB,91Q,E38000237,NHS Kent and Medway ICB - 91Q,PALLIATIVE_CARE,2725
31-May-25,SUB_ICB,91Q,E38000237,NHS Kent and Medway ICB - 91Q,DEMENTIA_REGISTER_65_PLUS,15939
31-May-25,SUB_ICB,00Q,E38000014,NHS Lancashire and South Cumbria ICB - 00Q,PALLIATIVE_CARE,180
31-May-25,SUB_ICB,00Q,E38000014,NHS Lancashire and South Cumbria ICB - 00Q,COMORBIDITIES,795
31-May-25,SUB_ICB,00Q,E38000014,NHS Lancashire and South Cumbria ICB - 00Q,DEMENTIA_REGISTER_65_PLUS,1012
31-May-25,SUB_ICB,00R,E38000015,NHS Lancashire and South Cumbria ICB - 00R,COMORBIDITIES,1155
31-May-25,SUB_ICB,00R,E38000015,NHS Lancashire and South Cumbria ICB - 00R,PALLIATIVE_CARE,565
31-May-25,SUB_ICB,00R,E38000015,NHS Lancashire and South Cumbria ICB - 00R,DEMENTIA_REGISTER_65_PLUS,1546
31-May-25,SUB_ICB,00X,E38000034,NHS Lancashire and South Cumbria ICB - 00X,COMORBIDITIES,1390
31-May-25,SUB_ICB,00X,E38000034,NHS Lancashire and South Cumbria ICB - 00X,PALLIATIVE_CARE,385
31-May-25,SUB_ICB,00X,E38000034,NHS Lancashire and South Cumbria ICB - 00X,DEMENTIA_REGISTER_65_PLUS,1877
31-May-25,SUB_ICB,01A,E38000050,NHS Lancashire and South Cumbria ICB - 01A,COMORBIDITIES,2140
31-May-25,SUB_ICB,01A,E38000050,NHS Lancashire and South Cumbria ICB - 01A,PALLIATIVE_CARE,735
31-May-25,SUB_ICB,01A,E38000050,NHS Lancashire and South Cumbria ICB - 01A,DEMENTIA_REGISTER_65_PLUS,2953
31-May-25,SUB_ICB,01E,E38000227,NHS Lancashire and South Cumbria ICB - 01E,COMORBIDITIES,1295
31-May-25,SUB_ICB,01E,E38000227,NHS Lancashire and South Cumbria ICB - 01E,PALLIATIVE_CARE,455
31-May-25,SUB_ICB,01E,E38000227,NHS Lancashire and South Cumbria ICB - 01E,DEMENTIA_REGISTER_65_PLUS,1771
31-May-25,SUB_ICB,01K,E38000228,NHS Lancashire and South Cumbria ICB - 01K,PALLIATIVE_CARE,750
31-May-25,SUB_ICB,01K,E38000228,NHS Lancashire and South Cumbria ICB - 01K,COMORBIDITIES,2680
31-May-25,SUB_ICB,01K,E38000228,NHS Lancashire and South Cumbria ICB - 01K,DEMENTIA_REGISTER_65_PLUS,3752
31-May-25,SUB_ICB,02G,E38000200,NHS Lancashire and South Cumbria ICB - 02G,COMORBIDITIES,800
31-May-25,SUB_ICB,02G,E38000200,NHS Lancashire and South Cumbria ICB - 02G,PALLIATIVE_CARE,125
31-May-25,SUB_ICB,02G,E38000200,NHS Lancashire and South Cumbria ICB - 02G,DEMENTIA_REGISTER_65_PLUS,1147
31-May-25,SUB_ICB,02M,E38000226,NHS Lancashire and South Cumbria ICB - 02M,PALLIATIVE_CARE,920
31-May-25,SUB_ICB,02M,E38000226,NHS Lancashire and South Cumbria ICB - 02M,COMORBIDITIES,1700
31-May-25,SUB_ICB,02M,E38000226,NHS Lancashire and South Cumbria ICB - 02M,DEMENTIA_REGISTER_65_PLUS,2362
31-May-25,SUB_ICB,03W,E38000051,"NHS Leicester, Leicestershire and Rutland ICB - 03W",PALLIATIVE_CARE,950
31-May-25,SUB_ICB,03W,E38000051,"NHS Leicester, Leicestershire and Rutland ICB - 03W",COMORBIDITIES,2385
31-May-25,SUB_ICB,03W,E38000051,"NHS Leicester, Leicestershire and Rutland ICB - 03W",DEMENTIA_REGISTER_65_PLUS,3330
31-May-25,SUB_ICB,04C,E38000097,"NHS Leicester, Leicestershire and Rutland ICB - 04C",PALLIATIVE_CARE,640
31-May-25,SUB_ICB,04C,E38000097,"NHS Leicester, Leicestershire and Rutland ICB - 04C",COMORBIDITIES,1880
31-May-25,SUB_ICB,04C,E38000097,"NHS Leicester, Leicestershire and Rutland ICB - 04C",DEMENTIA_REGISTER_65_PLUS,2386
31-May-25,SUB_ICB,04V,E38000201,"NHS Leicester, Leicestershire and Rutland ICB - 04V",PALLIATIVE_CARE,750
31-May-25,SUB_ICB,04V,E38000201,"NHS Leicester, Leicestershire and Rutland ICB - 04V",COMORBIDITIES,2390
31-May-25,SUB_ICB,04V,E38000201,"NHS Leicester, Leicestershire and Rutland ICB - 04V",DEMENTIA_REGISTER_65_PLUS,3339
31-May-25,SUB_ICB,71E,E38000238,NHS Lincolnshire ICB - 71E,PALLIATIVE_CARE,1865
31-May-25,SUB_ICB,71E,E38000238,NHS Lincolnshire ICB - 71E,COMORBIDITIES,6485
31-May-25,SUB_ICB,71E,E38000238,NHS Lincolnshire ICB - 71E,DEMENTIA_REGISTER_65_PLUS,8722
31-May-25,SUB_ICB,06Q,E38000106,NHS Mid and South Essex ICB - 06Q,PALLIATIVE_CARE,480
31-May-25,SUB_ICB,06Q,E38000106,NHS Mid and South Essex ICB - 06Q,COMORBIDITIES,2650
31-May-25,SUB_ICB,06Q,E38000106,NHS Mid and South Essex ICB - 06Q,DEMENTIA_REGISTER_65_PLUS,3711
31-May-25,SUB_ICB,07G,E38000185,NHS Mid and South Essex ICB - 07G,PALLIATIVE_CARE,290
31-May-25,SUB_ICB,07G,E38000185,NHS Mid and South Essex ICB - 07G,COMORBIDITIES,815
31-May-25,SUB_ICB,07G,E38000185,NHS Mid and South Essex ICB - 07G,DEMENTIA_REGISTER_65_PLUS,1051
31-May-25,SUB_ICB,99E,E38000007,NHS Mid and South Essex ICB - 99E,COMORBIDITIES,1595
31-May-25,SUB_ICB,99E,E38000007,NHS Mid and South Essex ICB - 99E,PALLIATIVE_CARE,510
31-May-25,SUB_ICB,99E,E38000007,NHS Mid and South Essex ICB - 99E,DEMENTIA_REGISTER_65_PLUS,2155
31-May-25,SUB_ICB,99F,E38000030,NHS Mid and South Essex ICB - 99F,COMORBIDITIES,1620
31-May-25,SUB_ICB,99F,E38000030,NHS Mid and South Essex ICB - 99F,PALLIATIVE_CARE,530
31-May-25,SUB_ICB,99F,E38000030,NHS Mid and South Essex ICB - 99F,DEMENTIA_REGISTER_65_PLUS,2200
31-May-25,SUB_ICB,99G,E38000168,NHS Mid and South Essex ICB - 99G,COMORBIDITIES,1530
31-May-25,SUB_ICB,99G,E38000168,NHS Mid and South Essex ICB - 99G,PALLIATIVE_CARE,645
31-May-25,SUB_ICB,99G,E38000168,NHS Mid and South Essex ICB - 99G,DEMENTIA_REGISTER_65_PLUS,2107
31-May-25,SUB_ICB,26A,E38000239,NHS Norfolk and Waveney ICB - 26A,COMORBIDITIES,8350
31-May-25,SUB_ICB,26A,E38000239,NHS Norfolk and Waveney ICB - 26A,PALLIATIVE_CARE,1140
31-May-25,SUB_ICB,26A,E38000239,NHS Norfolk and Waveney ICB - 26A,DEMENTIA_REGISTER_65_PLUS,11450
31-May-25,SUB_ICB,93C,E38000240,NHS North Central London ICB - 93C,PALLIATIVE_CARE,1435
31-May-25,SUB_ICB,93C,E38000240,NHS North Central London ICB - 93C,COMORBIDITIES,6935
31-May-25,SUB_ICB,93C,E38000240,NHS North Central London ICB - 93C,DEMENTIA_REGISTER_65_PLUS,8985
31-May-25,SUB_ICB,A3A8R,E38000255,NHS North East London ICB - A3A8R,COMORBIDITIES,6745
31-May-25,SUB_ICB,A3A8R,E38000255,NHS North East London ICB - A3A8R,PALLIATIVE_CARE,2415
31-May-25,SUB_ICB,A3A8R,E38000255,NHS North East London ICB - A3A8R,DEMENTIA_REGISTER_65_PLUS,8528
31-May-25,SUB_ICB,00L,E38000130,NHS North East and North Cumbria ICB - 00L,PALLIATIVE_CARE,520
31-May-25,SUB_ICB,00L,E38000130,NHS North East and North Cumbria ICB - 00L,COMORBIDITIES,2645
31-May-25,SUB_ICB,00L,E38000130,NHS North East and North Cumbria ICB - 00L,DEMENTIA_REGISTER_65_PLUS,3610
31-May-25,SUB_ICB,00N,E38000163,NHS North East and North Cumbria ICB - 00N,PALLIATIVE_CARE,345
31-May-25,SUB_ICB,00N,E38000163,NHS North East and North Cumbria ICB - 00N,COMORBIDITIES,1110
31-May-25,SUB_ICB,00N,E38000163,NHS North East and North Cumbria ICB - 00N,DEMENTIA_REGISTER_65_PLUS,1483
31-May-25,SUB_ICB,00P,E38000176,NHS North East and North Cumbria ICB - 00P,PALLIATIVE_CARE,335
31-May-25,SUB_ICB,00P,E38000176,NHS North East and North Cumbria ICB - 00P,COMORBIDITIES,1865
31-May-25,SUB_ICB,00P,E38000176,NHS North East and North Cumbria ICB - 00P,DEMENTIA_REGISTER_65_PLUS,2497
31-May-25,SUB_ICB,01H,E38000215,NHS North East and North Cumbria ICB - 01H,PALLIATIVE_CARE,475
31-May-25,SUB_ICB,01H,E38000215,NHS North East and North Cumbria ICB - 01H,COMORBIDITIES,2220
31-May-25,SUB_ICB,01H,E38000215,NHS North East and North Cumbria ICB - 01H,DEMENTIA_REGISTER_65_PLUS,2981
31-May-25,SUB_ICB,13T,E38000212,NHS North East and North Cumbria ICB - 13T,COMORBIDITIES,3085
31-May-25,SUB_ICB,13T,E38000212,NHS North East and North Cumbria ICB - 13T,PALLIATIVE_CARE,650
31-May-25,SUB_ICB,13T,E38000212,NHS North East and North Cumbria ICB - 13T,DEMENTIA_REGISTER_65_PLUS,4119
31-May-25,SUB_ICB,16C,E38000247,NHS North East and North Cumbria ICB - 16C,COMORBIDITIES,4945
31-May-25,SUB_ICB,16C,E38000247,NHS North East and North Cumbria ICB - 16C,PALLIATIVE_CARE,955
31-May-25,SUB_ICB,16C,E38000247,NHS North East and North Cumbria ICB - 16C,DEMENTIA_REGISTER_65_PLUS,6529
31-May-25,SUB_ICB,84H,E38000234,NHS North East and North Cumbria ICB - 84H,COMORBIDITIES,4215
31-May-25,SUB_ICB,84H,E38000234,NHS North East and North Cumbria ICB - 84H,PALLIATIVE_CARE,1235
31-May-25,SUB_ICB,84H,E38000234,NHS North East and North Cumbria ICB - 84H,DEMENTIA_REGISTER_65_PLUS,5400
31-May-25,SUB_ICB,99C,E38000127,NHS North East and North Cumbria ICB - 99C,COMORBIDITIES,1585
31-May-25,SUB_ICB,99C,E38000127,NHS North East and North Cumbria ICB - 99C,PALLIATIVE_CARE,490
31-May-25,SUB_ICB,99C,E38000127,NHS North East and North Cumbria ICB - 99C,DEMENTIA_REGISTER_65_PLUS,2108
31-May-25,SUB_ICB,W2U3Z,E38000256,NHS North West London ICB - W2U3Z,PALLIATIVE_CARE,3075
31-May-25,SUB_ICB,W2U3Z,E38000256,NHS North West London ICB - W2U3Z,COMORBIDITIES,10300
31-May-25,SUB_ICB,W2U3Z,E38000256,NHS North West London ICB - W2U3Z,DEMENTIA_REGISTER_65_PLUS,12979
31-May-25,SUB_ICB,78H,E38000262,NHS Northamptonshire ICB - 78H,COMORBIDITIES,4570
31-May-25,SUB_ICB,78H,E38000262,NHS Northamptonshire ICB - 78H,PALLIATIVE_CARE,535
31-May-25,SUB_ICB,78H,E38000262,NHS Northamptonshire ICB - 78H,DEMENTIA_REGISTER_65_PLUS,6076
31-May-25,SUB_ICB,02Q,E38000008,NHS Nottingham and Nottinghamshire ICB - 02Q,COMORBIDITIES,975
31-May-25,SUB_ICB,02Q,E38000008,NHS Nottingham and Nottinghamshire ICB - 02Q,PALLIATIVE_CARE,355
31-May-25,SUB_ICB,02Q,E38000008,NHS Nottingham and Nottinghamshire ICB - 02Q,DEMENTIA_REGISTER_65_PLUS,1352
31-May-25,SUB_ICB,52R,E38000243,NHS Nottingham and Nottinghamshire ICB - 52R,COMORBIDITIES,6575
31-May-25,SUB_ICB,52R,E38000243,NHS Nottingham and Nottinghamshire ICB - 52R,PALLIATIVE_CARE,3160
31-May-25,SUB_ICB,52R,E38000243,NHS Nottingham and Nottinghamshire ICB - 52R,DEMENTIA_REGISTER_65_PLUS,9069
31-May-25,SUB_ICB,M2L0M,E38000257,"NHS Shropshire, Telford and Wrekin ICB - M2L0M",PALLIATIVE_CARE,470
31-May-25,SUB_ICB,M2L0M,E38000257,"NHS Shropshire, Telford and Wrekin ICB - M2L0M",COMORBIDITIES,3630
31-May-25,SUB_ICB,M2L0M,E38000257,"NHS Shropshire, Telford and Wrekin ICB - M2L0M",DEMENTIA_REGISTER_65_PLUS,5058
31-May-25,SUB_ICB,11X,E38000150,NHS Somerset ICB - 11X,COMORBIDITIES,4095
31-May-25,SUB_ICB,11X,E38000150,NHS Somerset ICB - 11X,PALLIATIVE_CARE,585
31-May-25,SUB_ICB,11X,E38000150,NHS Somerset ICB - 11X,DEMENTIA_REGISTER_65_PLUS,5632
31-May-25,SUB_ICB,72Q,E38000244,NHS South East London ICB - 72Q,PALLIATIVE_CARE,2340
31-May-25,SUB_ICB,72Q,E38000244,NHS South East London ICB - 72Q,COMORBIDITIES,8375
31-May-25,SUB_ICB,72Q,E38000244,NHS South East London ICB - 72Q,DEMENTIA_REGISTER_65_PLUS,10961
31-May-25,SUB_ICB,36L,E38000245,NHS South West London ICB - 36L,PALLIATIVE_CARE,2270
31-May-25,SUB_ICB,36L,E38000245,NHS South West London ICB - 36L,COMORBIDITIES,7955
31-May-25,SUB_ICB,36L,E38000245,NHS South West London ICB - 36L,DEMENTIA_REGISTER_65_PLUS,10803
31-May-25,SUB_ICB,02P,E38000006,NHS South Yorkshire ICB - 02P,COMORBIDITIES,1680
31-May-25,SUB_ICB,02P,E38000006,NHS South Yorkshire ICB - 02P,PALLIATIVE_CARE,470
31-May-25,SUB_ICB,02P,E38000006,NHS South Yorkshire ICB - 02P,DEMENTIA_REGISTER_65_PLUS,2321
31-May-25,SUB_ICB,02X,E38000044,NHS South Yorkshire ICB - 02X,PALLIATIVE_CARE,360
31-May-25,SUB_ICB,02X,E38000044,NHS South Yorkshire ICB - 02X,COMORBIDITIES,2000
31-May-25,SUB_ICB,02X,E38000044,NHS South Yorkshire ICB - 02X,DEMENTIA_REGISTER_65_PLUS,2670
31-May-25,SUB_ICB,03L,E38000141,NHS South Yorkshire ICB - 03L,COMORBIDITIES,2255
31-May-25,SUB_ICB,03L,E38000141,NHS South Yorkshire ICB - 03L,PALLIATIVE_CARE,275
31-May-25,SUB_ICB,03L,E38000141,NHS South Yorkshire ICB - 03L,DEMENTIA_REGISTER_65_PLUS,2968
31-May-25,SUB_ICB,03N,E38000146,NHS South Yorkshire ICB - 03N,COMORBIDITIES,3540
31-May-25,SUB_ICB,03N,E38000146,NHS South Yorkshire ICB - 03N,PALLIATIVE_CARE,960
31-May-25,SUB_ICB,03N,E38000146,NHS South Yorkshire ICB - 03N,DEMENTIA_REGISTER_65_PLUS,4688
31-May-25,SUB_ICB,04Y,E38000028,NHS Staffordshire and Stoke-on-Trent ICB - 04Y,PALLIATIVE_CARE,410
31-May-25,SUB_ICB,04Y,E38000028,NHS Staffordshire and Stoke-on-Trent ICB - 04Y,COMORBIDITIES,1060
31-May-25,SUB_ICB,04Y,E38000028,NHS Staffordshire and Stoke-on-Trent ICB - 04Y,DEMENTIA_REGISTER_65_PLUS,1429
31-May-25,SUB_ICB,05D,E38000053,NHS Staffordshire and Stoke-on-Trent ICB - 05D,PALLIATIVE_CARE,420
31-May-25,SUB_ICB,05D,E38000053,NHS Staffordshire and Stoke-on-Trent ICB - 05D,COMORBIDITIES,860
31-May-25,SUB_ICB,05D,E38000053,NHS Staffordshire and Stoke-on-Trent ICB - 05D,DEMENTIA_REGISTER_65_PLUS,1196
31-May-25,SUB_ICB,05G,E38000126,NHS Staffordshire and Stoke-on-Trent ICB - 05G,PALLIATIVE_CARE,560
31-May-25,SUB_ICB,05G,E38000126,NHS Staffordshire and Stoke-on-Trent ICB - 05G,COMORBIDITIES,1975
31-May-25,SUB_ICB,05G,E38000126,NHS Staffordshire and Stoke-on-Trent ICB - 05G,DEMENTIA_REGISTER_65_PLUS,2620
31-May-25,SUB_ICB,05Q,E38000153,NHS Staffordshire and Stoke-on-Trent ICB - 05Q,PALLIATIVE_CARE,615
31-May-25,SUB_ICB,05Q,E38000153,NHS Staffordshire and Stoke-on-Trent ICB - 05Q,COMORBIDITIES,1550
31-May-25,SUB_ICB,05Q,E38000153,NHS Staffordshire and Stoke-on-Trent ICB - 05Q,DEMENTIA_REGISTER_65_PLUS,2151
31-May-25,SUB_ICB,05V,E38000173,NHS Staffordshire and Stoke-on-Trent ICB - 05V,COMORBIDITIES,1075
31-May-25,SUB_ICB,05V,E38000173,NHS Staffordshire and Stoke-on-Trent ICB - 05V,PALLIATIVE_CARE,425
31-May-25,SUB_ICB,05V,E38000173,NHS Staffordshire and Stoke-on-Trent ICB - 05V,DEMENTIA_REGISTER_65_PLUS,1474
31-May-25,SUB_ICB,05W,E38000175,NHS Staffordshire and Stoke-on-Trent ICB - 05W,PALLIATIVE_CARE,775
31-May-25,SUB_ICB,05W,E38000175,NHS Staffordshire and Stoke-on-Trent ICB - 05W,COMORBIDITIES,2430
31-May-25,SUB_ICB,05W,E38000175,NHS Staffordshire and Stoke-on-Trent ICB - 05W,DEMENTIA_REGISTER_65_PLUS,3075
31-May-25,SUB_ICB,06L,E38000086,NHS Suffolk and North East Essex ICB - 06L,PALLIATIVE_CARE,515
31-May-25,SUB_ICB,06L,E38000086,NHS Suffolk and North East Essex ICB - 06L,COMORBIDITIES,2825
31-May-25,SUB_ICB,06L,E38000086,NHS Suffolk and North East Essex ICB - 06L,DEMENTIA_REGISTER_65_PLUS,3870
31-May-25,SUB_ICB,06T,E38000117,NHS Suffolk and North East Essex ICB - 06T,PALLIATIVE_CARE,1410
31-May-25,SUB_ICB,06T,E38000117,NHS Suffolk and North East Essex ICB - 06T,COMORBIDITIES,2735
31-May-25,SUB_ICB,06T,E38000117,NHS Suffolk and North East Essex ICB - 06T,DEMENTIA_REGISTER_65_PLUS,3786
31-May-25,SUB_ICB,07K,E38000204,NHS Suffolk and North East Essex ICB - 07K,COMORBIDITIES,1650
31-May-25,SUB_ICB,07K,E38000204,NHS Suffolk and North East Essex ICB - 07K,PALLIATIVE_CARE,285
31-May-25,SUB_ICB,07K,E38000204,NHS Suffolk and North East Essex ICB - 07K,DEMENTIA_REGISTER_65_PLUS,2320
31-May-25,SUB_ICB,92A,E38000264,NHS Surrey Heartlands ICB - 92A,COMORBIDITIES,7155
31-May-25,SUB_ICB,92A,E38000264,NHS Surrey Heartlands ICB - 92A,PALLIATIVE_CARE,1045
31-May-25,SUB_ICB,92A,E38000264,NHS Surrey Heartlands ICB - 92A,DEMENTIA_REGISTER_65_PLUS,10284
31-May-25,SUB_ICB,09D,E38000021,NHS Sussex ICB - 09D,PALLIATIVE_CARE,195
31-May-25,SUB_ICB,09D,E38000021,NHS Sussex ICB - 09D,COMORBIDITIES,1275
31-May-25,SUB_ICB,09D,E38000021,NHS Sussex ICB - 09D,DEMENTIA_REGISTER_65_PLUS,1863
31-May-25,SUB_ICB,70F,E38000265,NHS Sussex ICB - 70F,COMORBIDITIES,6635
31-May-25,SUB_ICB,70F,E38000265,NHS Sussex ICB - 70F,PALLIATIVE_CARE,1495
31-May-25,SUB_ICB,70F,E38000265,NHS Sussex ICB - 70F,DEMENTIA_REGISTER_65_PLUS,9633
31-May-25,SUB_ICB,97R,E38000235,NHS Sussex ICB - 97R,COMORBIDITIES,4270
31-May-25,SUB_ICB,97R,E38000235,NHS Sussex ICB - 97R,PALLIATIVE_CARE,830
31-May-25,SUB_ICB,97R,E38000235,NHS Sussex ICB - 97R,DEMENTIA_REGISTER_65_PLUS,6231
31-May-25,SUB_ICB,02T,E38000025,NHS West Yorkshire ICB - 02T,COMORBIDITIES,1305
31-May-25,SUB_ICB,02T,E38000025,NHS West Yorkshire ICB - 02T,PALLIATIVE_CARE,365
31-May-25,SUB_ICB,02T,E38000025,NHS West Yorkshire ICB - 02T,DEMENTIA_REGISTER_65_PLUS,1809
31-May-25,SUB_ICB,03R,E38000190,NHS West Yorkshire ICB - 03R,COMORBIDITIES,2255
31-May-25,SUB_ICB,03R,E38000190,NHS West Yorkshire ICB - 03R,PALLIATIVE_CARE,655
31-May-25,SUB_ICB,03R,E38000190,NHS West Yorkshire ICB - 03R,DEMENTIA_REGISTER_65_PLUS,3013
31-May-25,SUB_ICB,15F,E38000225,NHS West Yorkshire ICB - 15F,PALLIATIVE_CARE,1275
31-May-25,SUB_ICB,15F,E38000225,NHS West Yorkshire ICB - 15F,COMORBIDITIES,5040
31-May-25,SUB_ICB,15F,E38000225,NHS West Yorkshire ICB - 15F,DEMENTIA_REGISTER_65_PLUS,6694
31-May-25,SUB_ICB,36J,E38000232,NHS West Yorkshire ICB - 36J,PALLIATIVE_CARE,1640
31-May-25,SUB_ICB,36J,E38000232,NHS West Yorkshire ICB - 36J,COMORBIDITIES,3680
31-May-25,SUB_ICB,36J,E38000232,NHS West Yorkshire ICB - 36J,DEMENTIA_REGISTER_65_PLUS,4921
31-May-25,SUB_ICB,X2C4Y,E38000254,NHS West Yorkshire ICB - X2C4Y,PALLIATIVE_CARE,885
31-May-25,SUB_ICB,X2C4Y,E38000254,NHS West Yorkshire ICB - X2C4Y,COMORBIDITIES,2435
31-May-25,SUB_ICB,X2C4Y,E38000254,NHS West Yorkshire ICB - X2C4Y,DEMENTIA_REGISTER_65_PLUS,3312
30-Apr-25,COUNTRY,ENG,E92000001,ENGLAND,COMORBIDITIES,355365
30-Apr-25,COUNTRY,ENG,E92000001,ENGLAND,PALLIATIVE_CARE,93666
30-Apr-25,COUNTRY,ENG,E92000001,ENGLAND,DEMENTIA_REGISTER_65_PLUS,483899
30-Apr-25,ICB,QOX,E54000040,"NHS Bath and North East Somerset, Swindon and Wiltshire Integrated Care Board",COMORBIDITIES,6166
30-Apr-25,ICB,QOX,E54000040,"NHS Bath and North East Somerset, Swindon and Wiltshire Integrated Care Board",PALLIATIVE_CARE,740
30-Apr-25,ICB,QOX,E54000040,"NHS Bath and North East Somerset, Swindon and Wiltshire Integrated Care Board",DEMENTIA_REGISTER_65_PLUS,8507
30-Apr-25,ICB,QHG,E54000024,"NHS Bedfordshire, Luton and Milton Keynes Integrated Care Board",COMORBIDITIES,5600
30-Apr-25,ICB,QHG,E54000024,"NHS Bedfordshire, Luton and Milton Keynes Integrated Care Board",PALLIATIVE_CARE,1112
30-Apr-25,ICB,QHG,E54000024,"NHS Bedfordshire, Luton and Milton Keynes Integrated Care Board",DEMENTIA_REGISTER_65_PLUS,7398
30-Apr-25,ICB,QHL,E54000055,NHS Birmingham and Solihull Integrated Care Board,PALLIATIVE_CARE,2029
30-Apr-25,ICB,QHL,E54000055,NHS Birmingham and Solihull Integrated Care Board,COMORBIDITIES,6869
30-Apr-25,ICB,QHL,E54000055,NHS Birmingham and Solihull Integrated Care Board,DEMENTIA_REGISTER_65_PLUS,9180
30-Apr-25,ICB,QUA,E54000062,NHS Black Country Integrated Care Board,COMORBIDITIES,7457
30-Apr-25,ICB,QUA,E54000062,NHS Black Country Integrated Care Board,PALLIATIVE_CARE,2904
30-Apr-25,ICB,QUA,E54000062,NHS Black Country Integrated Care Board,DEMENTIA_REGISTER_65_PLUS,9632
30-Apr-25,ICB,QUY,E54000039,"NHS Bristol, North Somerset and South Gloucestershire Integrated Care Board",PALLIATIVE_CARE,1041
30-Apr-25,ICB,QUY,E54000039,"NHS Bristol, North Somerset and South Gloucestershire Integrated Care Board",COMORBIDITIES,6195
30-Apr-25,ICB,QUY,E54000039,"NHS Bristol, North Somerset and South Gloucestershire Integrated Care Board",DEMENTIA_REGISTER_65_PLUS,8558
30-Apr-25,ICB,QU9,E54000044,"NHS Buckinghamshire, Oxfordshire and Berkshire West Integrated Care Board",PALLIATIVE_CARE,2095
30-Apr-25,ICB,QU9,E54000044,"NHS Buckinghamshire, Oxfordshire and Berkshire West Integrated Care Board",COMORBIDITIES,10324
30-Apr-25,ICB,QU9,E54000044,"NHS Buckinghamshire, Oxfordshire and Berkshire West Integrated Care Board",DEMENTIA_REGISTER_65_PLUS,14641
30-Apr-25,ICB,QUE,E54000056,NHS Cambridgeshire and Peterborough Integrated Care Board,COMORBIDITIES,5019
30-Apr-25,ICB,QUE,E54000056,NHS Cambridgeshire and Peterborough Integrated Care Board,PALLIATIVE_CARE,1019
30-Apr-25,ICB,QUE,E54000056,NHS Cambridgeshire and Peterborough Integrated Care Board,DEMENTIA_REGISTER_65_PLUS,6803
30-Apr-25,ICB,QYG,E54000008,NHS Cheshire and Merseyside Integrated Care Board,COMORBIDITIES,17464
30-Apr-25,ICB,QYG,E54000008,NHS Cheshire and Merseyside Integrated Care Board,PALLIATIVE_CARE,5693
30-Apr-25,ICB,QYG,E54000008,NHS Cheshire and Merseyside Integrated Care Board,DEMENTIA_REGISTER_65_PLUS,23672
30-Apr-25,ICB,QT6,E54000036,NHS Cornwall and the Isles of Scilly Integrated Care Board,COMORBIDITIES,4362
30-Apr-25,ICB,QT6,E54000036,NHS Cornwall and the Isles of Scilly Integrated Care Board,PALLIATIVE_CARE,401
30-Apr-25,ICB,QT6,E54000036,NHS Cornwall and the Isles of Scilly Integrated Care Board,DEMENTIA_REGISTER_65_PLUS,6123
30-Apr-25,ICB,QWU,E54000018,NHS Coventry and Warwickshire Integrated Care Board,COMORBIDITIES,5367
30-Apr-25,ICB,QWU,E54000018,NHS Coventry and Warwickshire Integrated Care Board,PALLIATIVE_CARE,1116
30-Apr-25,ICB,QWU,E54000018,NHS Coventry and Warwickshire Integrated Care Board,DEMENTIA_REGISTER_65_PLUS,7447
30-Apr-25,ICB,QJ2,E54000058,NHS Derby and Derbyshire Integrated Care Board,PALLIATIVE_CARE,2509
30-Apr-25,ICB,QJ2,E54000058,NHS Derby and Derbyshire Integrated Care Board,COMORBIDITIES,7730
30-Apr-25,ICB,QJ2,E54000058,NHS Derby and Derbyshire Integrated Care Board,DEMENTIA_REGISTER_65_PLUS,10440
30-Apr-25,ICB,QJK,E54000037,NHS Devon Integrated Care Board,PALLIATIVE_CARE,1260
30-Apr-25,ICB,QJK,E54000037,NHS Devon Integrated Care Board,COMORBIDITIES,8690
30-Apr-25,ICB,QJK,E54000037,NHS Devon Integrated Care Board,DEMENTIA_REGISTER_65_PLUS,12149
30-Apr-25,ICB,QVV,E54000041,NHS Dorset Integrated Care Board,PALLIATIVE_CARE,2146
30-Apr-25,ICB,QVV,E54000041,NHS Dorset Integrated Care Board,COMORBIDITIES,5860
30-Apr-25,ICB,QVV,E54000041,NHS Dorset Integrated Care Board,DEMENTIA_REGISTER_65_PLUS,8434
30-Apr-25,ICB,QNQ,E54000034,NHS Frimley Integrated Care Board,PALLIATIVE_CARE,884
30-Apr-25,ICB,QNQ,E54000034,NHS Frimley Integrated Care Board,COMORBIDITIES,4433
30-Apr-25,ICB,QNQ,E54000034,NHS Frimley Integrated Care Board,DEMENTIA_REGISTER_65_PLUS,6092
30-Apr-25,ICB,QR1,E54000043,NHS Gloucestershire Integrated Care Board,PALLIATIVE_CARE,1181
30-Apr-25,ICB,QR1,E54000043,NHS Gloucestershire Integrated Care Board,COMORBIDITIES,4703
30-Apr-25,ICB,QR1,E54000043,NHS Gloucestershire Integrated Care Board,DEMENTIA_REGISTER_65_PLUS,6591
30-Apr-25,ICB,QOP,E54000057,NHS Greater Manchester Integrated Care Board,PALLIATIVE_CARE,4569
30-Apr-25,ICB,QOP,E54000057,NHS Greater Manchester Integrated Care Board,COMORBIDITIES,16992
30-Apr-25,ICB,QOP,E54000057,NHS Greater Manchester Integrated Care Board,DEMENTIA_REGISTER_65_PLUS,22773
30-Apr-25,ICB,QRL,E54000042,NHS Hampshire and Isle of Wight Integrated Care Board,PALLIATIVE_CARE,2362
30-Apr-25,ICB,QRL,E54000042,NHS Hampshire and Isle of Wight Integrated Care Board,COMORBIDITIES,12670
30-Apr-25,ICB,QRL,E54000042,NHS Hampshire and Isle of Wight Integrated Care Board,DEMENTIA_REGISTER_65_PLUS,17597
30-Apr-25,ICB,QGH,E54000019,NHS Herefordshire and Worcestershire Integrated Care Board,COMORBIDITIES,5122
30-Apr-25,ICB,QGH,E54000019,NHS Herefordshire and Worcestershire Integrated Care Board,PALLIATIVE_CARE,2030
30-Apr-25,ICB,QGH,E54000019,NHS Herefordshire and Worcestershire Integrated Care Board,DEMENTIA_REGISTER_65_PLUS,7228
30-Apr-25,ICB,QM7,E54000025,NHS Hertfordshire and West Essex Integrated Care Board,COMORBIDITIES,9198
30-Apr-25,ICB,QM7,E54000025,NHS Hertfordshire and West Essex Integrated Care Board,PALLIATIVE_CARE,3501
30-Apr-25,ICB,QM7,E54000025,NHS Hertfordshire and West Essex Integrated Care Board,DEMENTIA_REGISTER_65_PLUS,12689
30-Apr-25,ICB,QOQ,E54000051,NHS Humber and North Yorkshire Integrated Care Board,PALLIATIVE_CARE,3305
30-Apr-25,ICB,QOQ,E54000051,NHS Humber and North Yorkshire Integrated Care Board,COMORBIDITIES,11497
30-Apr-25,ICB,QOQ,E54000051,NHS Humber and North Yorkshire Integrated Care Board,DEMENTIA_REGISTER_65_PLUS,15887
30-Apr-25,ICB,QKS,E54000032,NHS Kent and Medway Integrated Care Board,PALLIATIVE_CARE,2709
30-Apr-25,ICB,QKS,E54000032,NHS Kent and Medway Integrated Care Board,COMORBIDITIES,11338
30-Apr-25,ICB,QKS,E54000032,NHS Kent and Medway Integrated Care Board,DEMENTIA_REGISTER_65_PLUS,15761
30-Apr-25,ICB,QE1,E54000048,NHS Lancashire and South Cumbria Integrated Care Board,PALLIATIVE_CARE,4019
30-Apr-25,ICB,QE1,E54000048,NHS Lancashire and South Cumbria Integrated Care Board,COMORBIDITIES,11896
30-Apr-25,ICB,QE1,E54000048,NHS Lancashire and South Cumbria Integrated Care Board,DEMENTIA_REGISTER_65_PLUS,16347
30-Apr-25,ICB,QK1,E54000015,"NHS Leicester, Leicestershire and Rutland Integrated Care Board",PALLIATIVE_CARE,2318
30-Apr-25,ICB,QK1,E54000015,"NHS Leicester, Leicestershire and Rutland Integrated Care Board",COMORBIDITIES,6614
30-Apr-25,ICB,QK1,E54000015,"NHS Leicester, Leicestershire and Rutland Integrated Care Board",DEMENTIA_REGISTER_65_PLUS,9008
30-Apr-25,ICB,QJM,E54000013,NHS Lincolnshire Integrated Care Board,PALLIATIVE_CARE,1833
30-Apr-25,ICB,QJM,E54000013,NHS Lincolnshire Integrated Care Board,COMORBIDITIES,6451
30-Apr-25,ICB,QJM,E54000013,NHS Lincolnshire Integrated Care Board,DEMENTIA_REGISTER_65_PLUS,8678
30-Apr-25,ICB,QH8,E54000026,NHS Mid and South Essex Integrated Care Board,COMORBIDITIES,8179
30-Apr-25,ICB,QH8,E54000026,NHS Mid and South Essex Integrated Care Board,PALLIATIVE_CARE,2397
30-Apr-25,ICB,QH8,E54000026,NHS Mid and South Essex Integrated Care Board,DEMENTIA_REGISTER_65_PLUS,11181
30-Apr-25,ICB,QMM,E54000022,NHS Norfolk and Waveney Integrated Care Board,PALLIATIVE_CARE,1102
30-Apr-25,ICB,QMM,E54000022,NHS Norfolk and Waveney Integrated Care Board,COMORBIDITIES,8274
30-Apr-25,ICB,QMM,E54000022,NHS Norfolk and Waveney Integrated Care Board,DEMENTIA_REGISTER_65_PLUS,11360
30-Apr-25,ICB,QMJ,E54000028,NHS North Central London Integrated Care Board,PALLIATIVE_CARE,1443
30-Apr-25,ICB,QMJ,E54000028,NHS North Central London Integrated Care Board,COMORBIDITIES,6900
30-Apr-25,ICB,QMJ,E54000028,NHS North Central London Integrated Care Board,DEMENTIA_REGISTER_65_PLUS,8941
30-Apr-25,ICB,QMF,E54000029,NHS North East London Integrated Care Board,PALLIATIVE_CARE,2387
30-Apr-25,ICB,QMF,E54000029,NHS North East London Integrated Care Board,COMORBIDITIES,6690
30-Apr-25,ICB,QMF,E54000029,NHS North East London Integrated Care Board,DEMENTIA_REGISTER_65_PLUS,8451
30-Apr-25,ICB,QHM,E54000050,NHS North East and North Cumbria Integrated Care Board,PALLIATIVE_CARE,5005
30-Apr-25,ICB,QHM,E54000050,NHS North East and North Cumbria Integrated Care Board,COMORBIDITIES,21658
30-Apr-25,ICB,QHM,E54000050,NHS North East and North Cumbria Integrated Care Board,DEMENTIA_REGISTER_65_PLUS,28725
30-Apr-25,ICB,QRV,E54000027,NHS North West London Integrated Care Board,PALLIATIVE_CARE,3061
30-Apr-25,ICB,QRV,E54000027,NHS North West London Integrated Care Board,COMORBIDITIES,10241
30-Apr-25,ICB,QRV,E54000027,NHS North West London Integrated Care Board,DEMENTIA_REGISTER_65_PLUS,12921
30-Apr-25,ICB,QPM,E54000059,NHS Northamptonshire Integrated Care Board,PALLIATIVE_CARE,518
30-Apr-25,ICB,QPM,E54000059,NHS Northamptonshire Integrated Care Board,COMORBIDITIES,4558
30-Apr-25,ICB,QPM,E54000059,NHS Northamptonshire Integrated Care Board,DEMENTIA_REGISTER_65_PLUS,6063
30-Apr-25,ICB,QT1,E54000060,NHS Nottingham and Nottinghamshire Integrated Care Board,PALLIATIVE_CARE,3521
30-Apr-25,ICB,QT1,E54000060,NHS Nottingham and Nottinghamshire Integrated Care Board,COMORBIDITIES,7534
30-Apr-25,ICB,QT1,E54000060,NHS Nottingham and Nottinghamshire Integrated Care Board,DEMENTIA_REGISTER_65_PLUS,10418
30-Apr-25,ICB,QOC,E54000011,"NHS Shropshire, Telford and Wrekin Integrated Care Board",COMORBIDITIES,3621
30-Apr-25,ICB,QOC,E54000011,"NHS Shropshire, Telford and Wrekin Integrated Care Board",PALLIATIVE_CARE,468
30-Apr-25,ICB,QOC,E54000011,"NHS Shropshire, Telford and Wrekin Integrated Care Board",DEMENTIA_REGISTER_65_PLUS,5036
30-Apr-25,ICB,QSL,E54000038,NHS Somerset Integrated Care Board,PALLIATIVE_CARE,584
30-Apr-25,ICB,QSL,E54000038,NHS Somerset Integrated Care Board,COMORBIDITIES,4070
30-Apr-25,ICB,QSL,E54000038,NHS Somerset Integrated Care Board,DEMENTIA_REGISTER_65_PLUS,5584
30-Apr-25,ICB,QKK,E54000030,NHS South East London Integrated Care Board,PALLIATIVE_CARE,2312
30-Apr-25,ICB,QKK,E54000030,NHS South East London Integrated Care Board,COMORBIDITIES,8243
30-Apr-25,ICB,QKK,E54000030,NHS South East London Integrated Care Board,DEMENTIA_REGISTER_65_PLUS,10798
30-Apr-25,ICB,QWE,E54000031,NHS South West London Integrated Care Board,PALLIATIVE_CARE,2278
30-Apr-25,ICB,QWE,E54000031,NHS South West London Integrated Care Board,COMORBIDITIES,7890
30-Apr-25,ICB,QWE,E54000031,NHS South West London Integrated Care Board,DEMENTIA_REGISTER_65_PLUS,10711
30-Apr-25,ICB,QF7,E54000061,NHS South Yorkshire Integrated Care Board,COMORBIDITIES,9429
30-Apr-25,ICB,QF7,E54000061,NHS South Yorkshire Integrated Care Board,PALLIATIVE_CARE,2037
30-Apr-25,ICB,QF7,E54000061,NHS South Yorkshire Integrated Care Board,DEMENTIA_REGISTER_65_PLUS,12591
30-Apr-25,ICB,QNC,E54000010,NHS Staffordshire and Stoke-on-Trent Integrated Care Board,PALLIATIVE_CARE,3220
30-Apr-25,ICB,QNC,E54000010,NHS Staffordshire and Stoke-on-Trent Integrated Care Board,COMORBIDITIES,8914
30-Apr-25,ICB,QNC,E54000010,NHS Staffordshire and Stoke-on-Trent Integrated Care Board,DEMENTIA_REGISTER_65_PLUS,11909
30-Apr-25,ICB,QJG,E54000023,NHS Suffolk and North East Essex Integrated Care Board,PALLIATIVE_CARE,2212
30-Apr-25,ICB,QJG,E54000023,NHS Suffolk and North East Essex Integrated Care Board,COMORBIDITIES,7233
30-Apr-25,ICB,QJG,E54000023,NHS Suffolk and North East Essex Integrated Care Board,DEMENTIA_REGISTER_65_PLUS,9976
30-Apr-25,ICB,QXU,E54000063,NHS Surrey Heartlands ICB,COMORBIDITIES,7140
30-Apr-25,ICB,QXU,E54000063,NHS Surrey Heartlands ICB,PALLIATIVE_CARE,1032
30-Apr-25,ICB,QXU,E54000063,NHS Surrey Heartlands ICB,DEMENTIA_REGISTER_65_PLUS,10260
30-Apr-25,ICB,QNX,E54000064,NHS Sussex ICB,PALLIATIVE_CARE,2511
30-Apr-25,ICB,QNX,E54000064,NHS Sussex ICB,COMORBIDITIES,12146
30-Apr-25,ICB,QNX,E54000064,NHS Sussex ICB,DEMENTIA_REGISTER_65_PLUS,17677
30-Apr-25,ICB,QWO,E54000054,NHS West Yorkshire Integrated Care Board,PALLIATIVE_CARE,4802
30-Apr-25,ICB,QWO,E54000054,NHS West Yorkshire Integrated Care Board,COMORBIDITIES,14628
30-Apr-25,ICB,QWO,E54000054,NHS West Yorkshire Integrated Care Board,DEMENTIA_REGISTER_65_PLUS,19662
30-Apr-25,REGION,Y61,E40000013,East of England,PALLIATIVE_CARE,11343
30-Apr-25,REGION,Y61,E40000013,East of England,COMORBIDITIES,43503
30-Apr-25,REGION,Y61,E40000013,East of England,DEMENTIA_REGISTER_65_PLUS,59407
30-Apr-25,REGION,Y56,E40000003,London,PALLIATIVE_CARE,11481
30-Apr-25,REGION,Y56,E40000003,London,COMORBIDITIES,39964
30-Apr-25,REGION,Y56,E40000003,London,DEMENTIA_REGISTER_65_PLUS,51822
30-Apr-25,REGION,Y60,E40000011,Midlands,COMORBIDITIES,70237
30-Apr-25,REGION,Y60,E40000011,Midlands,PALLIATIVE_CARE,22466
30-Apr-25,REGION,Y60,E40000011,Midlands,DEMENTIA_REGISTER_65_PLUS,95039
30-Apr-25,REGION,Y63,E40000012,North East and Yorkshire,COMORBIDITIES,57212
30-Apr-25,REGION,Y63,E40000012,North East and Yorkshire,PALLIATIVE_CARE,15149
30-Apr-25,REGION,Y63,E40000012,North East and Yorkshire,DEMENTIA_REGISTER_65_PLUS,76865
30-Apr-25,REGION,Y62,E40000014,North West,PALLIATIVE_CARE,14281
30-Apr-25,REGION,Y62,E40000014,North West,COMORBIDITIES,46352
30-Apr-25,REGION,Y62,E40000014,North West,DEMENTIA_REGISTER_65_PLUS,62792
30-Apr-25,REGION,Y59,E40000005,South East,PALLIATIVE_CARE,11593
30-Apr-25,REGION,Y59,E40000005,South East,COMORBIDITIES,58051
30-Apr-25,REGION,Y59,E40000005,South East,DEMENTIA_REGISTER_65_PLUS,82028
30-Apr-25,REGION,Y58,E40000006,South West,PALLIATIVE_CARE,7353
30-Apr-25,REGION,Y58,E40000006,South West,COMORBIDITIES,40046
30-Apr-25,REGION,Y58,E40000006,South West,DEMENTIA_REGISTER_65_PLUS,55946
30-Apr-25,SUB_ICB,92G,E38000231,"NHS Bath and North East Somerset, Swindon and Wiltshire ICB - 92G",COMORBIDITIES,6165
30-Apr-25,SUB_ICB,92G,E38000231,"NHS Bath and North East Somerset, Swindon and Wiltshire ICB - 92G",PALLIATIVE_CARE,740
30-Apr-25,SUB_ICB,92G,E38000231,"NHS Bath and North East Somerset, Swindon and Wiltshire ICB - 92G",DEMENTIA_REGISTER_65_PLUS,8507
30-Apr-25,SUB_ICB,M1J4Y,E38000249,"NHS Bedfordshire, Luton and Milton Keynes ICB - M1J4Y",COMORBIDITIES,5600
30-Apr-25,SUB_ICB,M1J4Y,E38000249,"NHS Bedfordshire, Luton and Milton Keynes ICB - M1J4Y",PALLIATIVE_CARE,1110
30-Apr-25,SUB_ICB,M1J4Y,E38000249,"NHS Bedfordshire, Luton and Milton Keynes ICB - M1J4Y",DEMENTIA_REGISTER_65_PLUS,7398
30-Apr-25,SUB_ICB,15E,E38000258,NHS Birmingham and Solihull ICB - 15E,COMORBIDITIES,6870
30-Apr-25,SUB_ICB,15E,E38000258,NHS Birmingham and Solihull ICB - 15E,PALLIATIVE_CARE,2030
30-Apr-25,SUB_ICB,15E,E38000258,NHS Birmingham and Solihull ICB - 15E,DEMENTIA_REGISTER_65_PLUS,9180
30-Apr-25,SUB_ICB,D2P2L,E38000259,NHS Black Country ICB - D2P2L,COMORBIDITIES,7455
30-Apr-25,SUB_ICB,D2P2L,E38000259,NHS Black Country ICB - D2P2L,PALLIATIVE_CARE,2905
30-Apr-25,SUB_ICB,D2P2L,E38000259,NHS Black Country ICB - D2P2L,DEMENTIA_REGISTER_65_PLUS,9632
30-Apr-25,SUB_ICB,15C,E38000222,"NHS Bristol, North Somerset and South Gloucestershire ICB - 15C",COMORBIDITIES,6195
30-Apr-25,SUB_ICB,15C,E38000222,"NHS Bristol, North Somerset and South Gloucestershire ICB - 15C",PALLIATIVE_CARE,1040
30-Apr-25,SUB_ICB,15C,E38000222,"NHS Bristol, North Somerset and South Gloucestershire ICB - 15C",DEMENTIA_REGISTER_65_PLUS,8558
30-Apr-25,SUB_ICB,10Q,E38000136,"NHS Buckinghamshire, Oxfordshire and Berkshire West ICB - 10Q",COMORBIDITIES,4260
30-Apr-25,SUB_ICB,10Q,E38000136,"NHS Buckinghamshire, Oxfordshire and Berkshire West ICB - 10Q",PALLIATIVE_CARE,695
30-Apr-25,SUB_ICB,10Q,E38000136,"NHS Buckinghamshire, Oxfordshire and Berkshire West ICB - 10Q",DEMENTIA_REGISTER_65_PLUS,6186
30-Apr-25,SUB_ICB,14Y,E38000223,"NHS Buckinghamshire, Oxfordshire and Berkshire West ICB - 14Y",COMORBIDITIES,3180
30-Apr-25,SUB_ICB,14Y,E38000223,"NHS Buckinghamshire, Oxfordshire and Berkshire West ICB - 14Y",PALLIATIVE_CARE,685
30-Apr-25,SUB_ICB,14Y,E38000223,"NHS Buckinghamshire, Oxfordshire and Berkshire West ICB - 14Y",DEMENTIA_REGISTER_65_PLUS,4465
30-Apr-25,SUB_ICB,15A,E38000221,"NHS Buckinghamshire, Oxfordshire and Berkshire West ICB - 15A",COMORBIDITIES,2885
30-Apr-25,SUB_ICB,15A,E38000221,"NHS Buckinghamshire, Oxfordshire and Berkshire West ICB - 15A",PALLIATIVE_CARE,720
30-Apr-25,SUB_ICB,15A,E38000221,"NHS Buckinghamshire, Oxfordshire and Berkshire West ICB - 15A",DEMENTIA_REGISTER_65_PLUS,3990
30-Apr-25,SUB_ICB,06H,E38000260,NHS Cambridgeshire and Peterborough ICB - 06H,PALLIATIVE_CARE,1020
30-Apr-25,SUB_ICB,06H,E38000260,NHS Cambridgeshire and Peterborough ICB - 06H,COMORBIDITIES,5020
30-Apr-25,SUB_ICB,06H,E38000260,NHS Cambridgeshire and Peterborough ICB - 06H,DEMENTIA_REGISTER_65_PLUS,6803
30-Apr-25,SUB_ICB,01F,E38000068,NHS Cheshire and Merseyside ICB - 01F,PALLIATIVE_CARE,145
30-Apr-25,SUB_ICB,01F,E38000068,NHS Cheshire and Merseyside ICB - 01F,COMORBIDITIES,745
30-Apr-25,SUB_ICB,01F,E38000068,NHS Cheshire and Merseyside ICB - 01F,DEMENTIA_REGISTER_65_PLUS,970
30-Apr-25,SUB_ICB,01J,E38000091,NHS Cheshire and Merseyside ICB - 01J,PALLIATIVE_CARE,295
30-Apr-25,SUB_ICB,01J,E38000091,NHS Cheshire and Merseyside ICB - 01J,COMORBIDITIES,840
30-Apr-25,SUB_ICB,01J,E38000091,NHS Cheshire and Merseyside ICB - 01J,DEMENTIA_REGISTER_65_PLUS,1080
30-Apr-25,SUB_ICB,01T,E38000161,NHS Cheshire and Merseyside ICB - 01T,PALLIATIVE_CARE,410
30-Apr-25,SUB_ICB,01T,E38000161,NHS Cheshire and Merseyside ICB - 01T,COMORBIDITIES,905
30-Apr-25,SUB_ICB,01T,E38000161,NHS Cheshire and Merseyside ICB - 01T,DEMENTIA_REGISTER_65_PLUS,1229
30-Apr-25,SUB_ICB,01V,E38000170,NHS Cheshire and Merseyside ICB - 01V,PALLIATIVE_CARE,615
30-Apr-25,SUB_ICB,01V,E38000170,NHS Cheshire and Merseyside ICB - 01V,COMORBIDITIES,1290
30-Apr-25,SUB_ICB,01V,E38000170,NHS Cheshire and Merseyside ICB - 01V,DEMENTIA_REGISTER_65_PLUS,1849
30-Apr-25,SUB_ICB,01X,E38000172,NHS Cheshire and Merseyside ICB - 01X,PALLIATIVE_CARE,300
30-Apr-25,SUB_ICB,01X,E38000172,NHS Cheshire and Merseyside ICB - 01X,COMORBIDITIES,1335
30-Apr-25,SUB_ICB,01X,E38000172,NHS Cheshire and Merseyside ICB - 01X,DEMENTIA_REGISTER_65_PLUS,1757
30-Apr-25,SUB_ICB,02E,E38000194,NHS Cheshire and Merseyside ICB - 02E,PALLIATIVE_CARE,920
30-Apr-25,SUB_ICB,02E,E38000194,NHS Cheshire and Merseyside ICB - 02E,COMORBIDITIES,1485
30-Apr-25,SUB_ICB,02E,E38000194,NHS Cheshire and Merseyside ICB - 02E,DEMENTIA_REGISTER_65_PLUS,2034
30-Apr-25,SUB_ICB,12F,E38000208,NHS Cheshire and Merseyside ICB - 12F,COMORBIDITIES,2425
30-Apr-25,SUB_ICB,12F,E38000208,NHS Cheshire and Merseyside ICB - 12F,PALLIATIVE_CARE,955
30-Apr-25,SUB_ICB,12F,E38000208,NHS Cheshire and Merseyside ICB - 12F,DEMENTIA_REGISTER_65_PLUS,3290
30-Apr-25,SUB_ICB,27D,E38000233,NHS Cheshire and Merseyside ICB - 27D,COMORBIDITIES,5770
30-Apr-25,SUB_ICB,27D,E38000233,NHS Cheshire and Merseyside ICB - 27D,PALLIATIVE_CARE,1545
30-Apr-25,SUB_ICB,27D,E38000233,NHS Cheshire and Merseyside ICB - 27D,DEMENTIA_REGISTER_65_PLUS,7986
30-Apr-25,SUB_ICB,99A,E38000101,NHS Cheshire and Merseyside ICB - 99A,COMORBIDITIES,2670
30-Apr-25,SUB_ICB,99A,E38000101,NHS Cheshire and Merseyside ICB - 99A,PALLIATIVE_CARE,510
30-Apr-25,SUB_ICB,99A,E38000101,NHS Cheshire and Merseyside ICB - 99A,DEMENTIA_REGISTER_65_PLUS,3477
30-Apr-25,SUB_ICB,11N,E38000089,NHS Cornwall and the Isles of Scilly ICB - 11N,PALLIATIVE_CARE,400
30-Apr-25,SUB_ICB,11N,E38000089,NHS Cornwall and the Isles of Scilly ICB - 11N,COMORBIDITIES,4360
30-Apr-25,SUB_ICB,11N,E38000089,NHS Cornwall and the Isles of Scilly ICB - 11N,DEMENTIA_REGISTER_65_PLUS,6123
30-Apr-25,SUB_ICB,B2M3M,E38000251,NHS Coventry and Warwickshire ICB - B2M3M,COMORBIDITIES,5365
30-Apr-25,SUB_ICB,B2M3M,E38000251,NHS Coventry and Warwickshire ICB - B2M3M,PALLIATIVE_CARE,1115
30-Apr-25,SUB_ICB,B2M3M,E38000251,NHS Coventry and Warwickshire ICB - B2M3M,DEMENTIA_REGISTER_65_PLUS,7447
30-Apr-25,SUB_ICB,15M,E38000261,NHS Derby and Derbyshire ICB - 15M,COMORBIDITIES,7730
30-Apr-25,SUB_ICB,15M,E38000261,NHS Derby and Derbyshire ICB - 15M,PALLIATIVE_CARE,2510
30-Apr-25,SUB_ICB,15M,E38000261,NHS Derby and Derbyshire ICB - 15M,DEMENTIA_REGISTER_65_PLUS,10440
30-Apr-25,SUB_ICB,15N,E38000230,NHS Devon ICB - 15N,PALLIATIVE_CARE,1260
30-Apr-25,SUB_ICB,15N,E38000230,NHS Devon ICB - 15N,COMORBIDITIES,8690
30-Apr-25,SUB_ICB,15N,E38000230,NHS Devon ICB - 15N,DEMENTIA_REGISTER_65_PLUS,12149
30-Apr-25,SUB_ICB,11J,E38000045,NHS Dorset ICB - 11J,COMORBIDITIES,5860
30-Apr-25,SUB_ICB,11J,E38000045,NHS Dorset ICB - 11J,PALLIATIVE_CARE,2145
30-Apr-25,SUB_ICB,11J,E38000045,NHS Dorset ICB - 11J,DEMENTIA_REGISTER_65_PLUS,8434
30-Apr-25,SUB_ICB,D4U1Y,E38000252,NHS Frimley ICB - D4U1Y,COMORBIDITIES,4435
30-Apr-25,SUB_ICB,D4U1Y,E38000252,NHS Frimley ICB - D4U1Y,PALLIATIVE_CARE,885
30-Apr-25,SUB_ICB,D4U1Y,E38000252,NHS Frimley ICB - D4U1Y,DEMENTIA_REGISTER_65_PLUS,6092
30-Apr-25,SUB_ICB,11M,E38000062,NHS Gloucestershire ICB - 11M,COMORBIDITIES,4705
30-Apr-25,SUB_ICB,11M,E38000062,NHS Gloucestershire ICB - 11M,PALLIATIVE_CARE,1180
30-Apr-25,SUB_ICB,11M,E38000062,NHS Gloucestershire ICB - 11M,DEMENTIA_REGISTER_65_PLUS,6591
30-Apr-25,SUB_ICB,00T,E38000016,NHS Greater Manchester ICB - 00T,COMORBIDITIES,1790
30-Apr-25,SUB_ICB,00T,E38000016,NHS Greater Manchester ICB - 00T,PALLIATIVE_CARE,345
30-Apr-25,SUB_ICB,00T,E38000016,NHS Greater Manchester ICB - 00T,DEMENTIA_REGISTER_65_PLUS,2420
30-Apr-25,SUB_ICB,00V,E38000024,NHS Greater Manchester ICB - 00V,COMORBIDITIES,1290
30-Apr-25,SUB_ICB,00V,E38000024,NHS Greater Manchester ICB - 00V,PALLIATIVE_CARE,275
30-Apr-25,SUB_ICB,00V,E38000024,NHS Greater Manchester ICB - 00V,DEMENTIA_REGISTER_65_PLUS,1861
30-Apr-25,SUB_ICB,00Y,E38000135,NHS Greater Manchester ICB - 00Y,PALLIATIVE_CARE,290
30-Apr-25,SUB_ICB,00Y,E38000135,NHS Greater Manchester ICB - 00Y,COMORBIDITIES,1390
30-Apr-25,SUB_ICB,00Y,E38000135,NHS Greater Manchester ICB - 00Y,DEMENTIA_REGISTER_65_PLUS,1895
30-Apr-25,SUB_ICB,01D,E38000080,NHS Greater Manchester ICB - 01D,PALLIATIVE_CARE,335
30-Apr-25,SUB_ICB,01D,E38000080,NHS Greater Manchester ICB - 01D,COMORBIDITIES,1425
30-Apr-25,SUB_ICB,01D,E38000080,NHS Greater Manchester ICB - 01D,DEMENTIA_REGISTER_65_PLUS,1889
30-Apr-25,SUB_ICB,01G,E38000143,NHS Greater Manchester ICB - 01G,PALLIATIVE_CARE,335
30-Apr-25,SUB_ICB,01G,E38000143,NHS Greater Manchester ICB - 01G,COMORBIDITIES,1440
30-Apr-25,SUB_ICB,01G,E38000143,NHS Greater Manchester ICB - 01G,DEMENTIA_REGISTER_65_PLUS,1909
30-Apr-25,SUB_ICB,01W,E38000174,NHS Greater Manchester ICB - 01W,PALLIATIVE_CARE,625
30-Apr-25,SUB_ICB,01W,E38000174,NHS Greater Manchester ICB - 01W,COMORBIDITIES,2365
30-Apr-25,SUB_ICB,01W,E38000174,NHS Greater Manchester ICB - 01W,DEMENTIA_REGISTER_65_PLUS,3264
30-Apr-25,SUB_ICB,01Y,E38000263,NHS Greater Manchester ICB - 01Y,COMORBIDITIES,1360
30-Apr-25,SUB_ICB,01Y,E38000263,NHS Greater Manchester ICB - 01Y,PALLIATIVE_CARE,660
30-Apr-25,SUB_ICB,01Y,E38000263,NHS Greater Manchester ICB - 01Y,DEMENTIA_REGISTER_65_PLUS,1721
30-Apr-25,SUB_ICB,02A,E38000187,NHS Greater Manchester ICB - 02A,PALLIATIVE_CARE,240
30-Apr-25,SUB_ICB,02A,E38000187,NHS Greater Manchester ICB - 02A,COMORBIDITIES,1415
30-Apr-25,SUB_ICB,02A,E38000187,NHS Greater Manchester ICB - 02A,DEMENTIA_REGISTER_65_PLUS,1965
30-Apr-25,SUB_ICB,02H,E38000205,NHS Greater Manchester ICB - 02H,PALLIATIVE_CARE,980
30-Apr-25,SUB_ICB,02H,E38000205,NHS Greater Manchester ICB - 02H,COMORBIDITIES,2315
30-Apr-25,SUB_ICB,02H,E38000205,NHS Greater Manchester ICB - 02H,DEMENTIA_REGISTER_65_PLUS,2996
30-Apr-25,SUB_ICB,14L,E38000217,NHS Greater Manchester ICB - 14L,COMORBIDITIES,2205
30-Apr-25,SUB_ICB,14L,E38000217,NHS Greater Manchester ICB - 14L,PALLIATIVE_CARE,480
30-Apr-25,SUB_ICB,14L,E38000217,NHS Greater Manchester ICB - 14L,DEMENTIA_REGISTER_65_PLUS,2853
30-Apr-25,SUB_ICB,10R,E38000137,NHS Hampshire and Isle of Wight ICB - 10R,COMORBIDITIES,1205
30-Apr-25,SUB_ICB,10R,E38000137,NHS Hampshire and Isle of Wight ICB - 10R,PALLIATIVE_CARE,350
30-Apr-25,SUB_ICB,10R,E38000137,NHS Hampshire and Isle of Wight ICB - 10R,DEMENTIA_REGISTER_65_PLUS,1576
30-Apr-25,SUB_ICB,D9Y0V,E38000253,NHS Hampshire and Isle of Wight ICB - D9Y0V,COMORBIDITIES,11465
30-Apr-25,SUB_ICB,D9Y0V,E38000253,NHS Hampshire and Isle of Wight ICB - D9Y0V,PALLIATIVE_CARE,2010
30-Apr-25,SUB_ICB,D9Y0V,E38000253,NHS Hampshire and Isle of Wight ICB - D9Y0V,DEMENTIA_REGISTER_65_PLUS,16021
30-Apr-25,SUB_ICB,18C,E38000236,NHS Herefordshire and Worcestershire ICB - 18C,PALLIATIVE_CARE,2030
30-Apr-25,SUB_ICB,18C,E38000236,NHS Herefordshire and Worcestershire ICB - 18C,COMORBIDITIES,5120
30-Apr-25,SUB_ICB,18C,E38000236,NHS Herefordshire and Worcestershire ICB - 18C,DEMENTIA_REGISTER_65_PLUS,7228
30-Apr-25,SUB_ICB,06K,E38000049,NHS Hertfordshire and West Essex ICB - 06K,COMORBIDITIES,3355
30-Apr-25,SUB_ICB,06K,E38000049,NHS Hertfordshire and West Essex ICB - 06K,PALLIATIVE_CARE,1545
30-Apr-25,SUB_ICB,06K,E38000049,NHS Hertfordshire and West Essex ICB - 06K,DEMENTIA_REGISTER_65_PLUS,4661
30-Apr-25,SUB_ICB,06N,E38000079,NHS Hertfordshire and West Essex ICB - 06N,PALLIATIVE_CARE,965
30-Apr-25,SUB_ICB,06N,E38000079,NHS Hertfordshire and West Essex ICB - 06N,COMORBIDITIES,3600
30-Apr-25,SUB_ICB,06N,E38000079,NHS Hertfordshire and West Essex ICB - 06N,DEMENTIA_REGISTER_65_PLUS,4964
30-Apr-25,SUB_ICB,07H,E38000197,NHS Hertfordshire and West Essex ICB - 07H,COMORBIDITIES,2240
30-Apr-25,SUB_ICB,07H,E38000197,NHS Hertfordshire and West Essex ICB - 07H,PALLIATIVE_CARE,995
30-Apr-25,SUB_ICB,07H,E38000197,NHS Hertfordshire and West Essex ICB - 07H,DEMENTIA_REGISTER_65_PLUS,3064
30-Apr-25,SUB_ICB,02Y,E38000052,NHS Humber and North Yorkshire ICB - 02Y,PALLIATIVE_CARE,420
30-Apr-25,SUB_ICB,02Y,E38000052,NHS Humber and North Yorkshire ICB - 02Y,COMORBIDITIES,2335
30-Apr-25,SUB_ICB,02Y,E38000052,NHS Humber and North Yorkshire ICB - 02Y,DEMENTIA_REGISTER_65_PLUS,3272
30-Apr-25,SUB_ICB,03F,E38000085,NHS Humber and North Yorkshire ICB - 03F,COMORBIDITIES,1445
30-Apr-25,SUB_ICB,03F,E38000085,NHS Humber and North Yorkshire ICB - 03F,PALLIATIVE_CARE,215
30-Apr-25,SUB_ICB,03F,E38000085,NHS Humber and North Yorkshire ICB - 03F,DEMENTIA_REGISTER_65_PLUS,1906
30-Apr-25,SUB_ICB,03H,E38000119,NHS Humber and North Yorkshire ICB - 03H,PALLIATIVE_CARE,445
30-Apr-25,SUB_ICB,03H,E38000119,NHS Humber and North Yorkshire ICB - 03H,COMORBIDITIES,1185
30-Apr-25,SUB_ICB,03H,E38000119,NHS Humber and North Yorkshire ICB - 03H,DEMENTIA_REGISTER_65_PLUS,1649
30-Apr-25,SUB_ICB,03K,E38000122,NHS Humber and North Yorkshire ICB - 03K,PALLIATIVE_CARE,755
30-Apr-25,SUB_ICB,03K,E38000122,NHS Humber and North Yorkshire ICB - 03K,COMORBIDITIES,1225
30-Apr-25,SUB_ICB,03K,E38000122,NHS Humber and North Yorkshire ICB - 03K,DEMENTIA_REGISTER_65_PLUS,1668
30-Apr-25,SUB_ICB,03Q,E38000188,NHS Humber and North Yorkshire ICB - 03Q,COMORBIDITIES,1285
30-Apr-25,SUB_ICB,03Q,E38000188,NHS Humber and North Yorkshire ICB - 03Q,PALLIATIVE_CARE,470
30-Apr-25,SUB_ICB,03Q,E38000188,NHS Humber and North Yorkshire ICB - 03Q,DEMENTIA_REGISTER_65_PLUS,1776
30-Apr-25,SUB_ICB,42D,E38000241,NHS Humber and North Yorkshire ICB - 42D,PALLIATIVE_CARE,1000
30-Apr-25,SUB_ICB,42D,E38000241,NHS Humber and North Yorkshire ICB - 42D,COMORBIDITIES,4020
30-Apr-25,SUB_ICB,42D,E38000241,NHS Humber and North Yorkshire ICB - 42D,DEMENTIA_REGISTER_65_PLUS,5616
30-Apr-25,SUB_ICB,91Q,E38000237,NHS Kent and Medway ICB - 91Q,COMORBIDITIES,11340
30-Apr-25,SUB_ICB,91Q,E38000237,NHS Kent and Medway ICB - 91Q,PALLIATIVE_CARE,2710
30-Apr-25,SUB_ICB,91Q,E38000237,NHS Kent and Medway ICB - 91Q,DEMENTIA_REGISTER_65_PLUS,15761
30-Apr-25,SUB_ICB,00Q,E38000014,NHS Lancashire and South Cumbria ICB - 00Q,PALLIATIVE_CARE,180
30-Apr-25,SUB_ICB,00Q,E38000014,NHS Lancashire and South Cumbria ICB - 00Q,COMORBIDITIES,800
30-Apr-25,SUB_ICB,00Q,E38000014,NHS Lancashire and South Cumbria ICB - 00Q,DEMENTIA_REGISTER_65_PLUS,1016
30-Apr-25,SUB_ICB,00R,E38000015,NHS Lancashire and South Cumbria ICB - 00R,PALLIATIVE_CARE,560
30-Apr-25,SUB_ICB,00R,E38000015,NHS Lancashire and South Cumbria ICB - 00R,COMORBIDITIES,1155
30-Apr-25,SUB_ICB,00R,E38000015,NHS Lancashire and South Cumbria ICB - 00R,DEMENTIA_REGISTER_65_PLUS,1546
30-Apr-25,SUB_ICB,00X,E38000034,NHS Lancashire and South Cumbria ICB - 00X,COMORBIDITIES,1390
30-Apr-25,SUB_ICB,00X,E38000034,NHS Lancashire and South Cumbria ICB - 00X,PALLIATIVE_CARE,380
30-Apr-25,SUB_ICB,00X,E38000034,NHS Lancashire and South Cumbria ICB - 00X,DEMENTIA_REGISTER_65_PLUS,1879
30-Apr-25,SUB_ICB,01A,E38000050,NHS Lancashire and South Cumbria ICB - 01A,COMORBIDITIES,2135
30-Apr-25,SUB_ICB,01A,E38000050,NHS Lancashire and South Cumbria ICB - 01A,PALLIATIVE_CARE,690
30-Apr-25,SUB_ICB,01A,E38000050,NHS Lancashire and South Cumbria ICB - 01A,DEMENTIA_REGISTER_65_PLUS,2942
30-Apr-25,SUB_ICB,01E,E38000227,NHS Lancashire and South Cumbria ICB - 01E,COMORBIDITIES,1300
30-Apr-25,SUB_ICB,01E,E38000227,NHS Lancashire and South Cumbria ICB - 01E,PALLIATIVE_CARE,455
30-Apr-25,SUB_ICB,01E,E38000227,NHS Lancashire and South Cumbria ICB - 01E,DEMENTIA_REGISTER_65_PLUS,1780
30-Apr-25,SUB_ICB,01K,E38000228,NHS Lancashire and South Cumbria ICB - 01K,PALLIATIVE_CARE,740
30-Apr-25,SUB_ICB,01K,E38000228,NHS Lancashire and South Cumbria ICB - 01K,COMORBIDITIES,2625
30-Apr-25,SUB_ICB,01K,E38000228,NHS Lancashire and South Cumbria ICB - 01K,DEMENTIA_REGISTER_65_PLUS,3683
30-Apr-25,SUB_ICB,02G,E38000200,NHS Lancashire and South Cumbria ICB - 02G,PALLIATIVE_CARE,125
30-Apr-25,SUB_ICB,02G,E38000200,NHS Lancashire and South Cumbria ICB - 02G,COMORBIDITIES,800
30-Apr-25,SUB_ICB,02G,E38000200,NHS Lancashire and South Cumbria ICB - 02G,DEMENTIA_REGISTER_65_PLUS,1146
30-Apr-25,SUB_ICB,02M,E38000226,NHS Lancashire and South Cumbria ICB - 02M,PALLIATIVE_CARE,890
30-Apr-25,SUB_ICB,02M,E38000226,NHS Lancashire and South Cumbria ICB - 02M,COMORBIDITIES,1690
30-Apr-25,SUB_ICB,02M,E38000226,NHS Lancashire and South Cumbria ICB - 02M,DEMENTIA_REGISTER_65_PLUS,2355
30-Apr-25,SUB_ICB,03W,E38000051,"NHS Leicester, Leicestershire and Rutland ICB - 03W",PALLIATIVE_CARE,945
30-Apr-25,SUB_ICB,03W,E38000051,"NHS Leicester, Leicestershire and Rutland ICB - 03W",COMORBIDITIES,2375
30-Apr-25,SUB_ICB,03W,E38000051,"NHS Leicester, Leicestershire and Rutland ICB - 03W",DEMENTIA_REGISTER_65_PLUS,3319
30-Apr-25,SUB_ICB,04C,E38000097,"NHS Leicester, Leicestershire and Rutland ICB - 04C",COMORBIDITIES,1855
30-Apr-25,SUB_ICB,04C,E38000097,"NHS Leicester, Leicestershire and Rutland ICB - 04C",PALLIATIVE_CARE,635
30-Apr-25,SUB_ICB,04C,E38000097,"NHS Leicester, Leicestershire and Rutland ICB - 04C",DEMENTIA_REGISTER_65_PLUS,2359
30-Apr-25,SUB_ICB,04V,E38000201,"NHS Leicester, Leicestershire and Rutland ICB - 04V",COMORBIDITIES,2385
30-Apr-25,SUB_ICB,04V,E38000201,"NHS Leicester, Leicestershire and Rutland ICB - 04V",PALLIATIVE_CARE,740
30-Apr-25,SUB_ICB,04V,E38000201,"NHS Leicester, Leicestershire and Rutland ICB - 04V",DEMENTIA_REGISTER_65_PLUS,3330
30-Apr-25,SUB_ICB,71E,E38000238,NHS Lincolnshire ICB - 71E,COMORBIDITIES,6450
30-Apr-25,SUB_ICB,71E,E38000238,NHS Lincolnshire ICB - 71E,PALLIATIVE_CARE,1835
30-Apr-25,SUB_ICB,71E,E38000238,NHS Lincolnshire ICB - 71E,DEMENTIA_REGISTER_65_PLUS,8678
30-Apr-25,SUB_ICB,06Q,E38000106,NHS Mid and South Essex ICB - 06Q,PALLIATIVE_CARE,465
30-Apr-25,SUB_ICB,06Q,E38000106,NHS Mid and South Essex ICB - 06Q,COMORBIDITIES,2615
30-Apr-25,SUB_ICB,06Q,E38000106,NHS Mid and South Essex ICB - 06Q,DEMENTIA_REGISTER_65_PLUS,3665
30-Apr-25,SUB_ICB,07G,E38000185,NHS Mid and South Essex ICB - 07G,COMORBIDITIES,830
30-Apr-25,SUB_ICB,07G,E38000185,NHS Mid and South Essex ICB - 07G,PALLIATIVE_CARE,285
30-Apr-25,SUB_ICB,07G,E38000185,NHS Mid and South Essex ICB - 07G,DEMENTIA_REGISTER_65_PLUS,1064
30-Apr-25,SUB_ICB,99E,E38000007,NHS Mid and South Essex ICB - 99E,COMORBIDITIES,1600
30-Apr-25,SUB_ICB,99E,E38000007,NHS Mid and South Essex ICB - 99E,PALLIATIVE_CARE,495
30-Apr-25,SUB_ICB,99E,E38000007,NHS Mid and South Essex ICB - 99E,DEMENTIA_REGISTER_65_PLUS,2165
30-Apr-25,SUB_ICB,99F,E38000030,NHS Mid and South Essex ICB - 99F,COMORBIDITIES,1620
30-Apr-25,SUB_ICB,99F,E38000030,NHS Mid and South Essex ICB - 99F,PALLIATIVE_CARE,515
30-Apr-25,SUB_ICB,99F,E38000030,NHS Mid and South Essex ICB - 99F,DEMENTIA_REGISTER_65_PLUS,2196
30-Apr-25,SUB_ICB,99G,E38000168,NHS Mid and South Essex ICB - 99G,COMORBIDITIES,1520
30-Apr-25,SUB_ICB,99G,E38000168,NHS Mid and South Essex ICB - 99G,PALLIATIVE_CARE,640
30-Apr-25,SUB_ICB,99G,E38000168,NHS Mid and South Essex ICB - 99G,DEMENTIA_REGISTER_65_PLUS,2091
30-Apr-25,SUB_ICB,26A,E38000239,NHS Norfolk and Waveney ICB - 26A,COMORBIDITIES,8275
30-Apr-25,SUB_ICB,26A,E38000239,NHS Norfolk and Waveney ICB - 26A,PALLIATIVE_CARE,1100
30-Apr-25,SUB_ICB,26A,E38000239,NHS Norfolk and Waveney ICB - 26A,DEMENTIA_REGISTER_65_PLUS,11360
30-Apr-25,SUB_ICB,93C,E38000240,NHS North Central London ICB - 93C,PALLIATIVE_CARE,1445
30-Apr-25,SUB_ICB,93C,E38000240,NHS North Central London ICB - 93C,COMORBIDITIES,6900
30-Apr-25,SUB_ICB,93C,E38000240,NHS North Central London ICB - 93C,DEMENTIA_REGISTER_65_PLUS,8941
30-Apr-25,SUB_ICB,A3A8R,E38000255,NHS North East London ICB - A3A8R,COMORBIDITIES,6690
30-Apr-25,SUB_ICB,A3A8R,E38000255,NHS North East London ICB - A3A8R,PALLIATIVE_CARE,2385
30-Apr-25,SUB_ICB,A3A8R,E38000255,NHS North East London ICB - A3A8R,DEMENTIA_REGISTER_65_PLUS,8451
30-Apr-25,SUB_ICB,00L,E38000130,NHS North East and North Cumbria ICB - 00L,COMORBIDITIES,2650
30-Apr-25,SUB_ICB,00L,E38000130,NHS North East and North Cumbria ICB - 00L,PALLIATIVE_CARE,525
30-Apr-25,SUB_ICB,00L,E38000130,NHS North East and North Cumbria ICB - 00L,DEMENTIA_REGISTER_65_PLUS,3601
30-Apr-25,SUB_ICB,00N,E38000163,NHS North East and North Cumbria ICB - 00N,COMORBIDITIES,1105
30-Apr-25,SUB_ICB,00N,E38000163,NHS North East and North Cumbria ICB - 00N,PALLIATIVE_CARE,355
30-Apr-25,SUB_ICB,00N,E38000163,NHS North East and North Cumbria ICB - 00N,DEMENTIA_REGISTER_65_PLUS,1489
30-Apr-25,SUB_ICB,00P,E38000176,NHS North East and North Cumbria ICB - 00P,COMORBIDITIES,1845
30-Apr-25,SUB_ICB,00P,E38000176,NHS North East and North Cumbria ICB - 00P,PALLIATIVE_CARE,330
30-Apr-25,SUB_ICB,00P,E38000176,NHS North East and North Cumbria ICB - 00P,DEMENTIA_REGISTER_65_PLUS,2464
30-Apr-25,SUB_ICB,01H,E38000215,NHS North East and North Cumbria ICB - 01H,COMORBIDITIES,2170
30-Apr-25,SUB_ICB,01H,E38000215,NHS North East and North Cumbria ICB - 01H,PALLIATIVE_CARE,455
30-Apr-25,SUB_ICB,01H,E38000215,NHS North East and North Cumbria ICB - 01H,DEMENTIA_REGISTER_65_PLUS,2929
30-Apr-25,SUB_ICB,13T,E38000212,NHS North East and North Cumbria ICB - 13T,COMORBIDITIES,3065
30-Apr-25,SUB_ICB,13T,E38000212,NHS North East and North Cumbria ICB - 13T,PALLIATIVE_CARE,620
30-Apr-25,SUB_ICB,13T,E38000212,NHS North East and North Cumbria ICB - 13T,DEMENTIA_REGISTER_65_PLUS,4085
30-Apr-25,SUB_ICB,16C,E38000247,NHS North East and North Cumbria ICB - 16C,PALLIATIVE_CARE,955
30-Apr-25,SUB_ICB,16C,E38000247,NHS North East and North Cumbria ICB - 16C,COMORBIDITIES,4910
30-Apr-25,SUB_ICB,16C,E38000247,NHS North East and North Cumbria ICB - 16C,DEMENTIA_REGISTER_65_PLUS,6496
30-Apr-25,SUB_ICB,84H,E38000234,NHS North East and North Cumbria ICB - 84H,PALLIATIVE_CARE,1240
30-Apr-25,SUB_ICB,84H,E38000234,NHS North East and North Cumbria ICB - 84H,COMORBIDITIES,4205
30-Apr-25,SUB_ICB,84H,E38000234,NHS North East and North Cumbria ICB - 84H,DEMENTIA_REGISTER_65_PLUS,5376
30-Apr-25,SUB_ICB,99C,E38000127,NHS North East and North Cumbria ICB - 99C,COMORBIDITIES,1705
30-Apr-25,SUB_ICB,99C,E38000127,NHS North East and North Cumbria ICB - 99C,PALLIATIVE_CARE,525
30-Apr-25,SUB_ICB,99C,E38000127,NHS North East and North Cumbria ICB - 99C,DEMENTIA_REGISTER_65_PLUS,2285
30-Apr-25,SUB_ICB,W2U3Z,E38000256,NHS North West London ICB - W2U3Z,COMORBIDITIES,10240
30-Apr-25,SUB_ICB,W2U3Z,E38000256,NHS North West London ICB - W2U3Z,PALLIATIVE_CARE,3060
30-Apr-25,SUB_ICB,W2U3Z,E38000256,NHS North West London ICB - W2U3Z,DEMENTIA_REGISTER_65_PLUS,12921
30-Apr-25,SUB_ICB,78H,E38000262,NHS Northamptonshire ICB - 78H,COMORBIDITIES,4560
30-Apr-25,SUB_ICB,78H,E38000262,NHS Northamptonshire ICB - 78H,PALLIATIVE_CARE,520
30-Apr-25,SUB_ICB,78H,E38000262,NHS Northamptonshire ICB - 78H,DEMENTIA_REGISTER_65_PLUS,6063
30-Apr-25,SUB_ICB,02Q,E38000008,NHS Nottingham and Nottinghamshire ICB - 02Q,COMORBIDITIES,975
30-Apr-25,SUB_ICB,02Q,E38000008,NHS Nottingham and Nottinghamshire ICB - 02Q,PALLIATIVE_CARE,355
30-Apr-25,SUB_ICB,02Q,E38000008,NHS Nottingham and Nottinghamshire ICB - 02Q,DEMENTIA_REGISTER_65_PLUS,1349
30-Apr-25,SUB_ICB,52R,E38000243,NHS Nottingham and Nottinghamshire ICB - 52R,COMORBIDITIES,6560
30-Apr-25,SUB_ICB,52R,E38000243,NHS Nottingham and Nottinghamshire ICB - 52R,PALLIATIVE_CARE,3165
30-Apr-25,SUB_ICB,52R,E38000243,NHS Nottingham and Nottinghamshire ICB - 52R,DEMENTIA_REGISTER_65_PLUS,9069
30-Apr-25,SUB_ICB,M2L0M,E38000257,"NHS Shropshire, Telford and Wrekin ICB - M2L0M",COMORBIDITIES,3620
30-Apr-25,SUB_ICB,M2L0M,E38000257,"NHS Shropshire, Telford and Wrekin ICB - M2L0M",PALLIATIVE_CARE,470
30-Apr-25,SUB_ICB,M2L0M,E38000257,"NHS Shropshire, Telford and Wrekin ICB - M2L0M",DEMENTIA_REGISTER_65_PLUS,5036
30-Apr-25,SUB_ICB,11X,E38000150,NHS Somerset ICB - 11X,COMORBIDITIES,4070
30-Apr-25,SUB_ICB,11X,E38000150,NHS Somerset ICB - 11X,PALLIATIVE_CARE,585
30-Apr-25,SUB_ICB,11X,E38000150,NHS Somerset ICB - 11X,DEMENTIA_REGISTER_65_PLUS,5584
30-Apr-25,SUB_ICB,72Q,E38000244,NHS South East London ICB - 72Q,COMORBIDITIES,8245
30-Apr-25,SUB_ICB,72Q,E38000244,NHS South East London ICB - 72Q,PALLIATIVE_CARE,2310
30-Apr-25,SUB_ICB,72Q,E38000244,NHS South East London ICB - 72Q,DEMENTIA_REGISTER_65_PLUS,10798
30-Apr-25,SUB_ICB,36L,E38000245,NHS South West London ICB - 36L,COMORBIDITIES,7890
30-Apr-25,SUB_ICB,36L,E38000245,NHS South West London ICB - 36L,PALLIATIVE_CARE,2280
30-Apr-25,SUB_ICB,36L,E38000245,NHS South West London ICB - 36L,DEMENTIA_REGISTER_65_PLUS,10711
30-Apr-25,SUB_ICB,02P,E38000006,NHS South Yorkshire ICB - 02P,COMORBIDITIES,1675
30-Apr-25,SUB_ICB,02P,E38000006,NHS South Yorkshire ICB - 02P,PALLIATIVE_CARE,465
30-Apr-25,SUB_ICB,02P,E38000006,NHS South Yorkshire ICB - 02P,DEMENTIA_REGISTER_65_PLUS,2319
30-Apr-25,SUB_ICB,02X,E38000044,NHS South Yorkshire ICB - 02X,COMORBIDITIES,1980
30-Apr-25,SUB_ICB,02X,E38000044,NHS South Yorkshire ICB - 02X,PALLIATIVE_CARE,350
30-Apr-25,SUB_ICB,02X,E38000044,NHS South Yorkshire ICB - 02X,DEMENTIA_REGISTER_65_PLUS,2648
30-Apr-25,SUB_ICB,03L,E38000141,NHS South Yorkshire ICB - 03L,COMORBIDITIES,2255
30-Apr-25,SUB_ICB,03L,E38000141,NHS South Yorkshire ICB - 03L,PALLIATIVE_CARE,270
30-Apr-25,SUB_ICB,03L,E38000141,NHS South Yorkshire ICB - 03L,DEMENTIA_REGISTER_65_PLUS,2971
30-Apr-25,SUB_ICB,03N,E38000146,NHS South Yorkshire ICB - 03N,PALLIATIVE_CARE,950
30-Apr-25,SUB_ICB,03N,E38000146,NHS South Yorkshire ICB - 03N,COMORBIDITIES,3515
30-Apr-25,SUB_ICB,03N,E38000146,NHS South Yorkshire ICB - 03N,DEMENTIA_REGISTER_65_PLUS,4653
30-Apr-25,SUB_ICB,04Y,E38000028,NHS Staffordshire and Stoke-on-Trent ICB - 04Y,COMORBIDITIES,1055
30-Apr-25,SUB_ICB,04Y,E38000028,NHS Staffordshire and Stoke-on-Trent ICB - 04Y,PALLIATIVE_CARE,400
30-Apr-25,SUB_ICB,04Y,E38000028,NHS Staffordshire and Stoke-on-Trent ICB - 04Y,DEMENTIA_REGISTER_65_PLUS,1425
30-Apr-25,SUB_ICB,05D,E38000053,NHS Staffordshire and Stoke-on-Trent ICB - 05D,COMORBIDITIES,860
30-Apr-25,SUB_ICB,05D,E38000053,NHS Staffordshire and Stoke-on-Trent ICB - 05D,PALLIATIVE_CARE,430
30-Apr-25,SUB_ICB,05D,E38000053,NHS Staffordshire and Stoke-on-Trent ICB - 05D,DEMENTIA_REGISTER_65_PLUS,1203
30-Apr-25,SUB_ICB,05G,E38000126,NHS Staffordshire and Stoke-on-Trent ICB - 05G,PALLIATIVE_CARE,565
30-Apr-25,SUB_ICB,05G,E38000126,NHS Staffordshire and Stoke-on-Trent ICB - 05G,COMORBIDITIES,1950
30-Apr-25,SUB_ICB,05G,E38000126,NHS Staffordshire and Stoke-on-Trent ICB - 05G,DEMENTIA_REGISTER_65_PLUS,2591
30-Apr-25,SUB_ICB,05Q,E38000153,NHS Staffordshire and Stoke-on-Trent ICB - 05Q,PALLIATIVE_CARE,625
30-Apr-25,SUB_ICB,05Q,E38000153,NHS Staffordshire and Stoke-on-Trent ICB - 05Q,COMORBIDITIES,1545
30-Apr-25,SUB_ICB,05Q,E38000153,NHS Staffordshire and Stoke-on-Trent ICB - 05Q,DEMENTIA_REGISTER_65_PLUS,2152
30-Apr-25,SUB_ICB,05V,E38000173,NHS Staffordshire and Stoke-on-Trent ICB - 05V,PALLIATIVE_CARE,430
30-Apr-25,SUB_ICB,05V,E38000173,NHS Staffordshire and Stoke-on-Trent ICB - 05V,COMORBIDITIES,1080
30-Apr-25,SUB_ICB,05V,E38000173,NHS Staffordshire and Stoke-on-Trent ICB - 05V,DEMENTIA_REGISTER_65_PLUS,1473
30-Apr-25,SUB_ICB,05W,E38000175,NHS Staffordshire and Stoke-on-Trent ICB - 05W,COMORBIDITIES,2425
30-Apr-25,SUB_ICB,05W,E38000175,NHS Staffordshire and Stoke-on-Trent ICB - 05W,PALLIATIVE_CARE,775
30-Apr-25,SUB_ICB,05W,E38000175,NHS Staffordshire and Stoke-on-Trent ICB - 05W,DEMENTIA_REGISTER_65_PLUS,3065
30-Apr-25,SUB_ICB,06L,E38000086,NHS Suffolk and North East Essex ICB - 06L,PALLIATIVE_CARE,530
30-Apr-25,SUB_ICB,06L,E38000086,NHS Suffolk and North East Essex ICB - 06L,COMORBIDITIES,2830
30-Apr-25,SUB_ICB,06L,E38000086,NHS Suffolk and North East Essex ICB - 06L,DEMENTIA_REGISTER_65_PLUS,3858
30-Apr-25,SUB_ICB,06T,E38000117,NHS Suffolk and North East Essex ICB - 06T,COMORBIDITIES,2735
30-Apr-25,SUB_ICB,06T,E38000117,NHS Suffolk and North East Essex ICB - 06T,PALLIATIVE_CARE,1385
30-Apr-25,SUB_ICB,06T,E38000117,NHS Suffolk and North East Essex ICB - 06T,DEMENTIA_REGISTER_65_PLUS,3779
30-Apr-25,SUB_ICB,07K,E38000204,NHS Suffolk and North East Essex ICB - 07K,PALLIATIVE_CARE,300
30-Apr-25,SUB_ICB,07K,E38000204,NHS Suffolk and North East Essex ICB - 07K,COMORBIDITIES,1670
30-Apr-25,SUB_ICB,07K,E38000204,NHS Suffolk and North East Essex ICB - 07K,DEMENTIA_REGISTER_65_PLUS,2339
30-Apr-25,SUB_ICB,92A,E38000264,NHS Surrey Heartlands ICB - 92A,COMORBIDITIES,7140
30-Apr-25,SUB_ICB,92A,E38000264,NHS Surrey Heartlands ICB - 92A,PALLIATIVE_CARE,1030
30-Apr-25,SUB_ICB,92A,E38000264,NHS Surrey Heartlands ICB - 92A,DEMENTIA_REGISTER_65_PLUS,10260
30-Apr-25,SUB_ICB,09D,E38000021,NHS Sussex ICB - 09D,PALLIATIVE_CARE,195
30-Apr-25,SUB_ICB,09D,E38000021,NHS Sussex ICB - 09D,COMORBIDITIES,1270
30-Apr-25,SUB_ICB,09D,E38000021,NHS Sussex ICB - 09D,DEMENTIA_REGISTER_65_PLUS,1851
30-Apr-25,SUB_ICB,70F,E38000265,NHS Sussex ICB - 70F,COMORBIDITIES,6600
30-Apr-25,SUB_ICB,70F,E38000265,NHS Sussex ICB - 70F,PALLIATIVE_CARE,1485
30-Apr-25,SUB_ICB,70F,E38000265,NHS Sussex ICB - 70F,DEMENTIA_REGISTER_65_PLUS,9571
30-Apr-25,SUB_ICB,97R,E38000235,NHS Sussex ICB - 97R,PALLIATIVE_CARE,835
30-Apr-25,SUB_ICB,97R,E38000235,NHS Sussex ICB - 97R,COMORBIDITIES,4280
30-Apr-25,SUB_ICB,97R,E38000235,NHS Sussex ICB - 97R,DEMENTIA_REGISTER_65_PLUS,6255
30-Apr-25,SUB_ICB,02T,E38000025,NHS West Yorkshire ICB - 02T,COMORBIDITIES,1305
30-Apr-25,SUB_ICB,02T,E38000025,NHS West Yorkshire ICB - 02T,PALLIATIVE_CARE,365
30-Apr-25,SUB_ICB,02T,E38000025,NHS West Yorkshire ICB - 02T,DEMENTIA_REGISTER_65_PLUS,1809
30-Apr-25,SUB_ICB,03R,E38000190,NHS West Yorkshire ICB - 03R,COMORBIDITIES,2240
30-Apr-25,SUB_ICB,03R,E38000190,NHS West Yorkshire ICB - 03R,PALLIATIVE_CARE,635
30-Apr-25,SUB_ICB,03R,E38000190,NHS West Yorkshire ICB - 03R,DEMENTIA_REGISTER_65_PLUS,2995
30-Apr-25,SUB_ICB,15F,E38000225,NHS West Yorkshire ICB - 15F,COMORBIDITIES,5010
30-Apr-25,SUB_ICB,15F,E38000225,NHS West Yorkshire ICB - 15F,PALLIATIVE_CARE,1275
30-Apr-25,SUB_ICB,15F,E38000225,NHS West Yorkshire ICB - 15F,DEMENTIA_REGISTER_65_PLUS,6663
30-Apr-25,SUB_ICB,36J,E38000232,NHS West Yorkshire ICB - 36J,COMORBIDITIES,3675
30-Apr-25,SUB_ICB,36J,E38000232,NHS West Yorkshire ICB - 36J,PALLIATIVE_CARE,1635
30-Apr-25,SUB_ICB,36J,E38000232,NHS West Yorkshire ICB - 36J,DEMENTIA_REGISTER_65_PLUS,4913
30-Apr-25,SUB_ICB,X2C4Y,E38000254,NHS West Yorkshire ICB - X2C4Y,COMORBIDITIES,2400
30-Apr-25,SUB_ICB,X2C4Y,E38000254,NHS West Yorkshire ICB - X2C4Y,PALLIATIVE_CARE,890
30-Apr-25,SUB_ICB,X2C4Y,E38000254,NHS West Yorkshire ICB - X2C4Y,DEMENTIA_REGISTER_65_PLUS,3282
31-Mar-25,COUNTRY,ENG,E92000001,ENGLAND,COMORBIDITIES,355113
31-Mar-25,COUNTRY,ENG,E92000001,ENGLAND,PALLIATIVE_CARE,92964
31-Mar-25,COUNTRY,ENG,E92000001,ENGLAND,DEMENTIA_REGISTER_65_PLUS,483611
31-Mar-25,ICB,QOX,E54000040,"NHS Bath and North East Somerset, Swindon and Wiltshire Integrated Care Board",COMORBIDITIES,6217
31-Mar-25,ICB,QOX,E54000040,"NHS Bath and North East Somerset, Swindon and Wiltshire Integrated Care Board",PALLIATIVE_CARE,737
31-Mar-25,ICB,QOX,E54000040,"NHS Bath and North East Somerset, Swindon and Wiltshire Integrated Care Board",DEMENTIA_REGISTER_65_PLUS,8580
31-Mar-25,ICB,QHG,E54000024,"NHS Bedfordshire, Luton and Milton Keynes Integrated Care Board",COMORBIDITIES,5597
31-Mar-25,ICB,QHG,E54000024,"NHS Bedfordshire, Luton and Milton Keynes Integrated Care Board",PALLIATIVE_CARE,1082
31-Mar-25,ICB,QHG,E54000024,"NHS Bedfordshire, Luton and Milton Keynes Integrated Care Board",DEMENTIA_REGISTER_65_PLUS,7394
31-Mar-25,ICB,QHL,E54000055,NHS Birmingham and Solihull Integrated Care Board,COMORBIDITIES,6871
31-Mar-25,ICB,QHL,E54000055,NHS Birmingham and Solihull Integrated Care Board,PALLIATIVE_CARE,2040
31-Mar-25,ICB,QHL,E54000055,NHS Birmingham and Solihull Integrated Care Board,DEMENTIA_REGISTER_65_PLUS,9190
31-Mar-25,ICB,QUA,E54000062,NHS Black Country Integrated Care Board,COMORBIDITIES,7421
31-Mar-25,ICB,QUA,E54000062,NHS Black Country Integrated Care Board,PALLIATIVE_CARE,2886
31-Mar-25,ICB,QUA,E54000062,NHS Black Country Integrated Care Board,DEMENTIA_REGISTER_65_PLUS,9602
31-Mar-25,ICB,QUY,E54000039,"NHS Bristol, North Somerset and South Gloucestershire Integrated Care Board",PALLIATIVE_CARE,1021
31-Mar-25,ICB,QUY,E54000039,"NHS Bristol, North Somerset and South Gloucestershire Integrated Care Board",COMORBIDITIES,6130
31-Mar-25,ICB,QUY,E54000039,"NHS Bristol, North Somerset and South Gloucestershire Integrated Care Board",DEMENTIA_REGISTER_65_PLUS,8461
31-Mar-25,ICB,QU9,E54000044,"NHS Buckinghamshire, Oxfordshire and Berkshire West Integrated Care Board",COMORBIDITIES,10313
31-Mar-25,ICB,QU9,E54000044,"NHS Buckinghamshire, Oxfordshire and Berkshire West Integrated Care Board",PALLIATIVE_CARE,2053
31-Mar-25,ICB,QU9,E54000044,"NHS Buckinghamshire, Oxfordshire and Berkshire West Integrated Care Board",DEMENTIA_REGISTER_65_PLUS,14617
31-Mar-25,ICB,QUE,E54000056,NHS Cambridgeshire and Peterborough Integrated Care Board,COMORBIDITIES,5003
31-Mar-25,ICB,QUE,E54000056,NHS Cambridgeshire and Peterborough Integrated Care Board,PALLIATIVE_CARE,1006
31-Mar-25,ICB,QUE,E54000056,NHS Cambridgeshire and Peterborough Integrated Care Board,DEMENTIA_REGISTER_65_PLUS,6805
31-Mar-25,ICB,QYG,E54000008,NHS Cheshire and Merseyside Integrated Care Board,COMORBIDITIES,17433
31-Mar-25,ICB,QYG,E54000008,NHS Cheshire and Merseyside Integrated Care Board,PALLIATIVE_CARE,5632
31-Mar-25,ICB,QYG,E54000008,NHS Cheshire and Merseyside Integrated Care Board,DEMENTIA_REGISTER_65_PLUS,23643
31-Mar-25,ICB,QT6,E54000036,NHS Cornwall and the Isles of Scilly Integrated Care Board,COMORBIDITIES,4375
31-Mar-25,ICB,QT6,E54000036,NHS Cornwall and the Isles of Scilly Integrated Care Board,PALLIATIVE_CARE,393
31-Mar-25,ICB,QT6,E54000036,NHS Cornwall and the Isles of Scilly Integrated Care Board,DEMENTIA_REGISTER_65_PLUS,6144
31-Mar-25,ICB,QWU,E54000018,NHS Coventry and Warwickshire Integrated Care Board,COMORBIDITIES,5377
31-Mar-25,ICB,QWU,E54000018,NHS Coventry and Warwickshire Integrated Care Board,PALLIATIVE_CARE,1106
31-Mar-25,ICB,QWU,E54000018,NHS Coventry and Warwickshire Integrated Care Board,DEMENTIA_REGISTER_65_PLUS,7462
31-Mar-25,ICB,QJ2,E54000058,NHS Derby and Derbyshire Integrated Care Board,COMORBIDITIES,7690
31-Mar-25,ICB,QJ2,E54000058,NHS Derby and Derbyshire Integrated Care Board,PALLIATIVE_CARE,2474
31-Mar-25,ICB,QJ2,E54000058,NHS Derby and Derbyshire Integrated Care Board,DEMENTIA_REGISTER_65_PLUS,10393
31-Mar-25,ICB,QJK,E54000037,NHS Devon Integrated Care Board,COMORBIDITIES,8713
31-Mar-25,ICB,QJK,E54000037,NHS Devon Integrated Care Board,PALLIATIVE_CARE,1245
31-Mar-25,ICB,QJK,E54000037,NHS Devon Integrated Care Board,DEMENTIA_REGISTER_65_PLUS,12155
31-Mar-25,ICB,QVV,E54000041,NHS Dorset Integrated Care Board,COMORBIDITIES,5889
31-Mar-25,ICB,QVV,E54000041,NHS Dorset Integrated Care Board,PALLIATIVE_CARE,2144
31-Mar-25,ICB,QVV,E54000041,NHS Dorset Integrated Care Board,DEMENTIA_REGISTER_65_PLUS,8471
31-Mar-25,ICB,QNQ,E54000034,NHS Frimley Integrated Care Board,COMORBIDITIES,4438
31-Mar-25,ICB,QNQ,E54000034,NHS Frimley Integrated Care Board,PALLIATIVE_CARE,877
31-Mar-25,ICB,QNQ,E54000034,NHS Frimley Integrated Care Board,DEMENTIA_REGISTER_65_PLUS,6081
31-Mar-25,ICB,QR1,E54000043,NHS Gloucestershire Integrated Care Board,COMORBIDITIES,4704
31-Mar-25,ICB,QR1,E54000043,NHS Gloucestershire Integrated Care Board,PALLIATIVE_CARE,1157
31-Mar-25,ICB,QR1,E54000043,NHS Gloucestershire Integrated Care Board,DEMENTIA_REGISTER_65_PLUS,6581
31-Mar-25,ICB,QOP,E54000057,NHS Greater Manchester Integrated Care Board,COMORBIDITIES,16966
31-Mar-25,ICB,QOP,E54000057,NHS Greater Manchester Integrated Care Board,PALLIATIVE_CARE,4525
31-Mar-25,ICB,QOP,E54000057,NHS Greater Manchester Integrated Care Board,DEMENTIA_REGISTER_65_PLUS,22752
31-Mar-25,ICB,QRL,E54000042,NHS Hampshire and Isle of Wight Integrated Care Board,PALLIATIVE_CARE,2336
31-Mar-25,ICB,QRL,E54000042,NHS Hampshire and Isle of Wight Integrated Care Board,COMORBIDITIES,12650
31-Mar-25,ICB,QRL,E54000042,NHS Hampshire and Isle of Wight Integrated Care Board,DEMENTIA_REGISTER_65_PLUS,17574
31-Mar-25,ICB,QGH,E54000019,NHS Herefordshire and Worcestershire Integrated Care Board,COMORBIDITIES,5116
31-Mar-25,ICB,QGH,E54000019,NHS Herefordshire and Worcestershire Integrated Care Board,PALLIATIVE_CARE,2001
31-Mar-25,ICB,QGH,E54000019,NHS Herefordshire and Worcestershire Integrated Care Board,DEMENTIA_REGISTER_65_PLUS,7215
31-Mar-25,ICB,QM7,E54000025,NHS Hertfordshire and West Essex Integrated Care Board,PALLIATIVE_CARE,3512
31-Mar-25,ICB,QM7,E54000025,NHS Hertfordshire and West Essex Integrated Care Board,COMORBIDITIES,9198
31-Mar-25,ICB,QM7,E54000025,NHS Hertfordshire and West Essex Integrated Care Board,DEMENTIA_REGISTER_65_PLUS,12699
31-Mar-25,ICB,QOQ,E54000051,NHS Humber and North Yorkshire Integrated Care Board,PALLIATIVE_CARE,3393
31-Mar-25,ICB,QOQ,E54000051,NHS Humber and North Yorkshire Integrated Care Board,COMORBIDITIES,11736
31-Mar-25,ICB,QOQ,E54000051,NHS Humber and North Yorkshire Integrated Care Board,DEMENTIA_REGISTER_65_PLUS,16235
31-Mar-25,ICB,QKS,E54000032,NHS Kent and Medway Integrated Care Board,COMORBIDITIES,11390
31-Mar-25,ICB,QKS,E54000032,NHS Kent and Medway Integrated Care Board,PALLIATIVE_CARE,2697
31-Mar-25,ICB,QKS,E54000032,NHS Kent and Medway Integrated Care Board,DEMENTIA_REGISTER_65_PLUS,15816
31-Mar-25,ICB,QE1,E54000048,NHS Lancashire and South Cumbria Integrated Care Board,COMORBIDITIES,11911
31-Mar-25,ICB,QE1,E54000048,NHS Lancashire and South Cumbria Integrated Care Board,PALLIATIVE_CARE,4002
31-Mar-25,ICB,QE1,E54000048,NHS Lancashire and South Cumbria Integrated Care Board,DEMENTIA_REGISTER_65_PLUS,16368
31-Mar-25,ICB,QK1,E54000015,"NHS Leicester, Leicestershire and Rutland Integrated Care Board",COMORBIDITIES,6601
31-Mar-25,ICB,QK1,E54000015,"NHS Leicester, Leicestershire and Rutland Integrated Care Board",PALLIATIVE_CARE,2319
31-Mar-25,ICB,QK1,E54000015,"NHS Leicester, Leicestershire and Rutland Integrated Care Board",DEMENTIA_REGISTER_65_PLUS,8992
31-Mar-25,ICB,QJM,E54000013,NHS Lincolnshire Integrated Care Board,PALLIATIVE_CARE,1780
31-Mar-25,ICB,QJM,E54000013,NHS Lincolnshire Integrated Care Board,COMORBIDITIES,6411
31-Mar-25,ICB,QJM,E54000013,NHS Lincolnshire Integrated Care Board,DEMENTIA_REGISTER_65_PLUS,8640
31-Mar-25,ICB,QH8,E54000026,NHS Mid and South Essex Integrated Care Board,COMORBIDITIES,8165
31-Mar-25,ICB,QH8,E54000026,NHS Mid and South Essex Integrated Care Board,PALLIATIVE_CARE,2317
31-Mar-25,ICB,QH8,E54000026,NHS Mid and South Essex Integrated Care Board,DEMENTIA_REGISTER_65_PLUS,11143
31-Mar-25,ICB,QMM,E54000022,NHS Norfolk and Waveney Integrated Care Board,COMORBIDITIES,8245
31-Mar-25,ICB,QMM,E54000022,NHS Norfolk and Waveney Integrated Care Board,PALLIATIVE_CARE,1086
31-Mar-25,ICB,QMM,E54000022,NHS Norfolk and Waveney Integrated Care Board,DEMENTIA_REGISTER_65_PLUS,11322
31-Mar-25,ICB,QMJ,E54000028,NHS North Central London Integrated Care Board,COMORBIDITIES,6891
31-Mar-25,ICB,QMJ,E54000028,NHS North Central London Integrated Care Board,PALLIATIVE_CARE,1445
31-Mar-25,ICB,QMJ,E54000028,NHS North Central London Integrated Care Board,DEMENTIA_REGISTER_65_PLUS,8930
31-Mar-25,ICB,QMF,E54000029,NHS North East London Integrated Care Board,COMORBIDITIES,6660
31-Mar-25,ICB,QMF,E54000029,NHS North East London Integrated Care Board,PALLIATIVE_CARE,2379
31-Mar-25,ICB,QMF,E54000029,NHS North East London Integrated Care Board,DEMENTIA_REGISTER_65_PLUS,8421
31-Mar-25,ICB,QHM,E54000050,NHS North East and North Cumbria Integrated Care Board,COMORBIDITIES,21506
31-Mar-25,ICB,QHM,E54000050,NHS North East and North Cumbria Integrated Care Board,PALLIATIVE_CARE,4927
31-Mar-25,ICB,QHM,E54000050,NHS North East and North Cumbria Integrated Care Board,DEMENTIA_REGISTER_65_PLUS,28545
31-Mar-25,ICB,QRV,E54000027,NHS North West London Integrated Care Board,COMORBIDITIES,10227
31-Mar-25,ICB,QRV,E54000027,NHS North West London Integrated Care Board,PALLIATIVE_CARE,3055
31-Mar-25,ICB,QRV,E54000027,NHS North West London Integrated Care Board,DEMENTIA_REGISTER_65_PLUS,12893
31-Mar-25,ICB,QPM,E54000059,NHS Northamptonshire Integrated Care Board,COMORBIDITIES,4580
31-Mar-25,ICB,QPM,E54000059,NHS Northamptonshire Integrated Care Board,PALLIATIVE_CARE,505
31-Mar-25,ICB,QPM,E54000059,NHS Northamptonshire Integrated Care Board,DEMENTIA_REGISTER_65_PLUS,6075
31-Mar-25,ICB,QT1,E54000060,NHS Nottingham and Nottinghamshire Integrated Care Board,COMORBIDITIES,7512
31-Mar-25,ICB,QT1,E54000060,NHS Nottingham and Nottinghamshire Integrated Care Board,PALLIATIVE_CARE,3475
31-Mar-25,ICB,QT1,E54000060,NHS Nottingham and Nottinghamshire Integrated Care Board,DEMENTIA_REGISTER_65_PLUS,10400
31-Mar-25,ICB,QOC,E54000011,"NHS Shropshire, Telford and Wrekin Integrated Care Board",COMORBIDITIES,3616
31-Mar-25,ICB,QOC,E54000011,"NHS Shropshire, Telford and Wrekin Integrated Care Board",PALLIATIVE_CARE,475
31-Mar-25,ICB,QOC,E54000011,"NHS Shropshire, Telford and Wrekin Integrated Care Board",DEMENTIA_REGISTER_65_PLUS,5023
31-Mar-25,ICB,QSL,E54000038,NHS Somerset Integrated Care Board,COMORBIDITIES,4031
31-Mar-25,ICB,QSL,E54000038,NHS Somerset Integrated Care Board,PALLIATIVE_CARE,565
31-Mar-25,ICB,QSL,E54000038,NHS Somerset Integrated Care Board,DEMENTIA_REGISTER_65_PLUS,5529
31-Mar-25,ICB,QKK,E54000030,NHS South East London Integrated Care Board,COMORBIDITIES,8275
31-Mar-25,ICB,QKK,E54000030,NHS South East London Integrated Care Board,PALLIATIVE_CARE,2323
31-Mar-25,ICB,QKK,E54000030,NHS South East London Integrated Care Board,DEMENTIA_REGISTER_65_PLUS,10831
31-Mar-25,ICB,QWE,E54000031,NHS South West London Integrated Care Board,COMORBIDITIES,7878
31-Mar-25,ICB,QWE,E54000031,NHS South West London Integrated Care Board,PALLIATIVE_CARE,2293
31-Mar-25,ICB,QWE,E54000031,NHS South West London Integrated Care Board,DEMENTIA_REGISTER_65_PLUS,10709
31-Mar-25,ICB,QF7,E54000061,NHS South Yorkshire Integrated Care Board,PALLIATIVE_CARE,2011
31-Mar-25,ICB,QF7,E54000061,NHS South Yorkshire Integrated Care Board,COMORBIDITIES,9427
31-Mar-25,ICB,QF7,E54000061,NHS South Yorkshire Integrated Care Board,DEMENTIA_REGISTER_65_PLUS,12580
31-Mar-25,ICB,QNC,E54000010,NHS Staffordshire and Stoke-on-Trent Integrated Care Board,COMORBIDITIES,8908
31-Mar-25,ICB,QNC,E54000010,NHS Staffordshire and Stoke-on-Trent Integrated Care Board,PALLIATIVE_CARE,3223
31-Mar-25,ICB,QNC,E54000010,NHS Staffordshire and Stoke-on-Trent Integrated Care Board,DEMENTIA_REGISTER_65_PLUS,11907
31-Mar-25,ICB,QJG,E54000023,NHS Suffolk and North East Essex Integrated Care Board,PALLIATIVE_CARE,2199
31-Mar-25,ICB,QJG,E54000023,NHS Suffolk and North East Essex Integrated Care Board,COMORBIDITIES,7200
31-Mar-25,ICB,QJG,E54000023,NHS Suffolk and North East Essex Integrated Care Board,DEMENTIA_REGISTER_65_PLUS,9934
31-Mar-25,ICB,QXU,E54000063,NHS Surrey Heartlands ICB,COMORBIDITIES,7124
31-Mar-25,ICB,QXU,E54000063,NHS Surrey Heartlands ICB,PALLIATIVE_CARE,1022
31-Mar-25,ICB,QXU,E54000063,NHS Surrey Heartlands ICB,DEMENTIA_REGISTER_65_PLUS,10232
31-Mar-25,ICB,QNX,E54000064,NHS Sussex ICB,COMORBIDITIES,12151
31-Mar-25,ICB,QNX,E54000064,NHS Sussex ICB,PALLIATIVE_CARE,2514
31-Mar-25,ICB,QNX,E54000064,NHS Sussex ICB,DEMENTIA_REGISTER_65_PLUS,17664
31-Mar-25,ICB,QWO,E54000054,NHS West Yorkshire Integrated Care Board,COMORBIDITIES,14567
31-Mar-25,ICB,QWO,E54000054,NHS West Yorkshire Integrated Care Board,PALLIATIVE_CARE,4732
31-Mar-25,ICB,QWO,E54000054,NHS West Yorkshire Integrated Care Board,DEMENTIA_REGISTER_65_PLUS,19603
31-Mar-25,REGION,Y61,E40000013,East of England,COMORBIDITIES,43408
31-Mar-25,REGION,Y61,E40000013,East of England,PALLIATIVE_CARE,11202
31-Mar-25,REGION,Y61,E40000013,East of England,DEMENTIA_REGISTER_65_PLUS,59297
31-Mar-25,REGION,Y56,E40000003,London,COMORBIDITIES,39931
31-Mar-25,REGION,Y56,E40000003,London,PALLIATIVE_CARE,11495
31-Mar-25,REGION,Y56,E40000003,London,DEMENTIA_REGISTER_65_PLUS,51784
31-Mar-25,REGION,Y60,E40000011,Midlands,COMORBIDITIES,70103
31-Mar-25,REGION,Y60,E40000011,Midlands,PALLIATIVE_CARE,22284
31-Mar-25,REGION,Y60,E40000011,Midlands,DEMENTIA_REGISTER_65_PLUS,94899
31-Mar-25,REGION,Y63,E40000012,North East and Yorkshire,PALLIATIVE_CARE,15063
31-Mar-25,REGION,Y63,E40000012,North East and Yorkshire,COMORBIDITIES,57236
31-Mar-25,REGION,Y63,E40000012,North East and Yorkshire,DEMENTIA_REGISTER_65_PLUS,76963
31-Mar-25,REGION,Y62,E40000014,North West,PALLIATIVE_CARE,14159
31-Mar-25,REGION,Y62,E40000014,North West,COMORBIDITIES,46310
31-Mar-25,REGION,Y62,E40000014,North West,DEMENTIA_REGISTER_65_PLUS,62763
31-Mar-25,REGION,Y59,E40000005,South East,PALLIATIVE_CARE,11499
31-Mar-25,REGION,Y59,E40000005,South East,COMORBIDITIES,58066
31-Mar-25,REGION,Y59,E40000005,South East,DEMENTIA_REGISTER_65_PLUS,81984
31-Mar-25,REGION,Y58,E40000006,South West,PALLIATIVE_CARE,7262
31-Mar-25,REGION,Y58,E40000006,South West,COMORBIDITIES,40059
31-Mar-25,REGION,Y58,E40000006,South West,DEMENTIA_REGISTER_65_PLUS,55921
31-Mar-25,SUB_ICB,92G,E38000231,"NHS Bath and North East Somerset, Swindon and Wiltshire ICB - 92G",COMORBIDITIES,6215
31-Mar-25,SUB_ICB,92G,E38000231,"NHS Bath and North East Somerset, Swindon and Wiltshire ICB - 92G",PALLIATIVE_CARE,735
31-Mar-25,SUB_ICB,92G,E38000231,"NHS Bath and North East Somerset, Swindon and Wiltshire ICB - 92G",DEMENTIA_REGISTER_65_PLUS,8580
31-Mar-25,SUB_ICB,M1J4Y,E38000249,"NHS Bedfordshire, Luton and Milton Keynes ICB - M1J4Y",COMORBIDITIES,5595
31-Mar-25,SUB_ICB,M1J4Y,E38000249,"NHS Bedfordshire, Luton and Milton Keynes ICB - M1J4Y",PALLIATIVE_CARE,1080
31-Mar-25,SUB_ICB,M1J4Y,E38000249,"NHS Bedfordshire, Luton and Milton Keynes ICB - M1J4Y",DEMENTIA_REGISTER_65_PLUS,7394
31-Mar-25,SUB_ICB,15E,E38000258,NHS Birmingham and Solihull ICB - 15E,COMORBIDITIES,6870
31-Mar-25,SUB_ICB,15E,E38000258,NHS Birmingham and Solihull ICB - 15E,PALLIATIVE_CARE,2040
31-Mar-25,SUB_ICB,15E,E38000258,NHS Birmingham and Solihull ICB - 15E,DEMENTIA_REGISTER_65_PLUS,9190
31-Mar-25,SUB_ICB,D2P2L,E38000259,NHS Black Country ICB - D2P2L,PALLIATIVE_CARE,2885
31-Mar-25,SUB_ICB,D2P2L,E38000259,NHS Black Country ICB - D2P2L,COMORBIDITIES,7420
31-Mar-25,SUB_ICB,D2P2L,E38000259,NHS Black Country ICB - D2P2L,DEMENTIA_REGISTER_65_PLUS,9602
31-Mar-25,SUB_ICB,15C,E38000222,"NHS Bristol, North Somerset and South Gloucestershire ICB - 15C",COMORBIDITIES,6130
31-Mar-25,SUB_ICB,15C,E38000222,"NHS Bristol, North Somerset and South Gloucestershire ICB - 15C",PALLIATIVE_CARE,1020
31-Mar-25,SUB_ICB,15C,E38000222,"NHS Bristol, North Somerset and South Gloucestershire ICB - 15C",DEMENTIA_REGISTER_65_PLUS,8461
31-Mar-25,SUB_ICB,10Q,E38000136,"NHS Buckinghamshire, Oxfordshire and Berkshire West ICB - 10Q",COMORBIDITIES,4255
31-Mar-25,SUB_ICB,10Q,E38000136,"NHS Buckinghamshire, Oxfordshire and Berkshire West ICB - 10Q",PALLIATIVE_CARE,685
31-Mar-25,SUB_ICB,10Q,E38000136,"NHS Buckinghamshire, Oxfordshire and Berkshire West ICB - 10Q",DEMENTIA_REGISTER_65_PLUS,6178
31-Mar-25,SUB_ICB,14Y,E38000223,"NHS Buckinghamshire, Oxfordshire and Berkshire West ICB - 14Y",COMORBIDITIES,3160
31-Mar-25,SUB_ICB,14Y,E38000223,"NHS Buckinghamshire, Oxfordshire and Berkshire West ICB - 14Y",PALLIATIVE_CARE,670
31-Mar-25,SUB_ICB,14Y,E38000223,"NHS Buckinghamshire, Oxfordshire and Berkshire West ICB - 14Y",DEMENTIA_REGISTER_65_PLUS,4441
31-Mar-25,SUB_ICB,15A,E38000221,"NHS Buckinghamshire, Oxfordshire and Berkshire West ICB - 15A",COMORBIDITIES,2895
31-Mar-25,SUB_ICB,15A,E38000221,"NHS Buckinghamshire, Oxfordshire and Berkshire West ICB - 15A",PALLIATIVE_CARE,700
31-Mar-25,SUB_ICB,15A,E38000221,"NHS Buckinghamshire, Oxfordshire and Berkshire West ICB - 15A",DEMENTIA_REGISTER_65_PLUS,3998
31-Mar-25,SUB_ICB,06H,E38000260,NHS Cambridgeshire and Peterborough ICB - 06H,PALLIATIVE_CARE,1005
31-Mar-25,SUB_ICB,06H,E38000260,NHS Cambridgeshire and Peterborough ICB - 06H,COMORBIDITIES,5005
31-Mar-25,SUB_ICB,06H,E38000260,NHS Cambridgeshire and Peterborough ICB - 06H,DEMENTIA_REGISTER_65_PLUS,6805
31-Mar-25,SUB_ICB,01F,E38000068,NHS Cheshire and Merseyside ICB - 01F,COMORBIDITIES,750
31-Mar-25,SUB_ICB,01F,E38000068,NHS Cheshire and Merseyside ICB - 01F,PALLIATIVE_CARE,145
31-Mar-25,SUB_ICB,01F,E38000068,NHS Cheshire and Merseyside ICB - 01F,DEMENTIA_REGISTER_65_PLUS,972
31-Mar-25,SUB_ICB,01J,E38000091,NHS Cheshire and Merseyside ICB - 01J,COMORBIDITIES,835
31-Mar-25,SUB_ICB,01J,E38000091,NHS Cheshire and Merseyside ICB - 01J,PALLIATIVE_CARE,295
31-Mar-25,SUB_ICB,01J,E38000091,NHS Cheshire and Merseyside ICB - 01J,DEMENTIA_REGISTER_65_PLUS,1075
31-Mar-25,SUB_ICB,01T,E38000161,NHS Cheshire and Merseyside ICB - 01T,COMORBIDITIES,895
31-Mar-25,SUB_ICB,01T,E38000161,NHS Cheshire and Merseyside ICB - 01T,PALLIATIVE_CARE,405
31-Mar-25,SUB_ICB,01T,E38000161,NHS Cheshire and Merseyside ICB - 01T,DEMENTIA_REGISTER_65_PLUS,1225
31-Mar-25,SUB_ICB,01V,E38000170,NHS Cheshire and Merseyside ICB - 01V,PALLIATIVE_CARE,600
31-Mar-25,SUB_ICB,01V,E38000170,NHS Cheshire and Merseyside ICB - 01V,COMORBIDITIES,1285
31-Mar-25,SUB_ICB,01V,E38000170,NHS Cheshire and Merseyside ICB - 01V,DEMENTIA_REGISTER_65_PLUS,1834
31-Mar-25,SUB_ICB,01X,E38000172,NHS Cheshire and Merseyside ICB - 01X,COMORBIDITIES,1335
31-Mar-25,SUB_ICB,01X,E38000172,NHS Cheshire and Merseyside ICB - 01X,PALLIATIVE_CARE,295
31-Mar-25,SUB_ICB,01X,E38000172,NHS Cheshire and Merseyside ICB - 01X,DEMENTIA_REGISTER_65_PLUS,1762
31-Mar-25,SUB_ICB,02E,E38000194,NHS Cheshire and Merseyside ICB - 02E,COMORBIDITIES,1485
31-Mar-25,SUB_ICB,02E,E38000194,NHS Cheshire and Merseyside ICB - 02E,PALLIATIVE_CARE,925
31-Mar-25,SUB_ICB,02E,E38000194,NHS Cheshire and Merseyside ICB - 02E,DEMENTIA_REGISTER_65_PLUS,2034
31-Mar-25,SUB_ICB,12F,E38000208,NHS Cheshire and Merseyside ICB - 12F,COMORBIDITIES,2415
31-Mar-25,SUB_ICB,12F,E38000208,NHS Cheshire and Merseyside ICB - 12F,PALLIATIVE_CARE,935
31-Mar-25,SUB_ICB,12F,E38000208,NHS Cheshire and Merseyside ICB - 12F,DEMENTIA_REGISTER_65_PLUS,3277
31-Mar-25,SUB_ICB,27D,E38000233,NHS Cheshire and Merseyside ICB - 27D,COMORBIDITIES,5765
31-Mar-25,SUB_ICB,27D,E38000233,NHS Cheshire and Merseyside ICB - 27D,PALLIATIVE_CARE,1530
31-Mar-25,SUB_ICB,27D,E38000233,NHS Cheshire and Merseyside ICB - 27D,DEMENTIA_REGISTER_65_PLUS,7992
31-Mar-25,SUB_ICB,99A,E38000101,NHS Cheshire and Merseyside ICB - 99A,COMORBIDITIES,2665
31-Mar-25,SUB_ICB,99A,E38000101,NHS Cheshire and Merseyside ICB - 99A,PALLIATIVE_CARE,500
31-Mar-25,SUB_ICB,99A,E38000101,NHS Cheshire and Merseyside ICB - 99A,DEMENTIA_REGISTER_65_PLUS,3472
31-Mar-25,SUB_ICB,11N,E38000089,NHS Cornwall and the Isles of Scilly ICB - 11N,COMORBIDITIES,4375
31-Mar-25,SUB_ICB,11N,E38000089,NHS Cornwall and the Isles of Scilly ICB - 11N,PALLIATIVE_CARE,395
31-Mar-25,SUB_ICB,11N,E38000089,NHS Cornwall and the Isles of Scilly ICB - 11N,DEMENTIA_REGISTER_65_PLUS,6144
31-Mar-25,SUB_ICB,B2M3M,E38000251,NHS Coventry and Warwickshire ICB - B2M3M,COMORBIDITIES,5375
31-Mar-25,SUB_ICB,B2M3M,E38000251,NHS Coventry and Warwickshire ICB - B2M3M,PALLIATIVE_CARE,1105
31-Mar-25,SUB_ICB,B2M3M,E38000251,NHS Coventry and Warwickshire ICB - B2M3M,DEMENTIA_REGISTER_65_PLUS,7462
31-Mar-25,SUB_ICB,15M,E38000261,NHS Derby and Derbyshire ICB - 15M,COMORBIDITIES,7690
31-Mar-25,SUB_ICB,15M,E38000261,NHS Derby and Derbyshire ICB - 15M,PALLIATIVE_CARE,2475
31-Mar-25,SUB_ICB,15M,E38000261,NHS Derby and Derbyshire ICB - 15M,DEMENTIA_REGISTER_65_PLUS,10393
31-Mar-25,SUB_ICB,15N,E38000230,NHS Devon ICB - 15N,PALLIATIVE_CARE,1245
31-Mar-25,SUB_ICB,15N,E38000230,NHS Devon ICB - 15N,COMORBIDITIES,8715
31-Mar-25,SUB_ICB,15N,E38000230,NHS Devon ICB - 15N,DEMENTIA_REGISTER_65_PLUS,12155
31-Mar-25,SUB_ICB,11J,E38000045,NHS Dorset ICB - 11J,COMORBIDITIES,5890
31-Mar-25,SUB_ICB,11J,E38000045,NHS Dorset ICB - 11J,PALLIATIVE_CARE,2145
31-Mar-25,SUB_ICB,11J,E38000045,NHS Dorset ICB - 11J,DEMENTIA_REGISTER_65_PLUS,8471
31-Mar-25,SUB_ICB,D4U1Y,E38000252,NHS Frimley ICB - D4U1Y,COMORBIDITIES,4440
31-Mar-25,SUB_ICB,D4U1Y,E38000252,NHS Frimley ICB - D4U1Y,PALLIATIVE_CARE,875
31-Mar-25,SUB_ICB,D4U1Y,E38000252,NHS Frimley ICB - D4U1Y,DEMENTIA_REGISTER_65_PLUS,6081
31-Mar-25,SUB_ICB,11M,E38000062,NHS Gloucestershire ICB - 11M,COMORBIDITIES,4705
31-Mar-25,SUB_ICB,11M,E38000062,NHS Gloucestershire ICB - 11M,PALLIATIVE_CARE,1155
31-Mar-25,SUB_ICB,11M,E38000062,NHS Gloucestershire ICB - 11M,DEMENTIA_REGISTER_65_PLUS,6581
31-Mar-25,SUB_ICB,00T,E38000016,NHS Greater Manchester ICB - 00T,PALLIATIVE_CARE,350
31-Mar-25,SUB_ICB,00T,E38000016,NHS Greater Manchester ICB - 00T,COMORBIDITIES,1780
31-Mar-25,SUB_ICB,00T,E38000016,NHS Greater Manchester ICB - 00T,DEMENTIA_REGISTER_65_PLUS,2414
31-Mar-25,SUB_ICB,00V,E38000024,NHS Greater Manchester ICB - 00V,COMORBIDITIES,1265
31-Mar-25,SUB_ICB,00V,E38000024,NHS Greater Manchester ICB - 00V,PALLIATIVE_CARE,265
31-Mar-25,SUB_ICB,00V,E38000024,NHS Greater Manchester ICB - 00V,DEMENTIA_REGISTER_65_PLUS,1826
31-Mar-25,SUB_ICB,00Y,E38000135,NHS Greater Manchester ICB - 00Y,COMORBIDITIES,1400
31-Mar-25,SUB_ICB,00Y,E38000135,NHS Greater Manchester ICB - 00Y,PALLIATIVE_CARE,285
31-Mar-25,SUB_ICB,00Y,E38000135,NHS Greater Manchester ICB - 00Y,DEMENTIA_REGISTER_65_PLUS,1897
31-Mar-25,SUB_ICB,01D,E38000080,NHS Greater Manchester ICB - 01D,COMORBIDITIES,1420
31-Mar-25,SUB_ICB,01D,E38000080,NHS Greater Manchester ICB - 01D,PALLIATIVE_CARE,315
31-Mar-25,SUB_ICB,01D,E38000080,NHS Greater Manchester ICB - 01D,DEMENTIA_REGISTER_65_PLUS,1892
31-Mar-25,SUB_ICB,01G,E38000143,NHS Greater Manchester ICB - 01G,PALLIATIVE_CARE,325
31-Mar-25,SUB_ICB,01G,E38000143,NHS Greater Manchester ICB - 01G,COMORBIDITIES,1450
31-Mar-25,SUB_ICB,01G,E38000143,NHS Greater Manchester ICB - 01G,DEMENTIA_REGISTER_65_PLUS,1939
31-Mar-25,SUB_ICB,01W,E38000174,NHS Greater Manchester ICB - 01W,COMORBIDITIES,2385
31-Mar-25,SUB_ICB,01W,E38000174,NHS Greater Manchester ICB - 01W,PALLIATIVE_CARE,625
31-Mar-25,SUB_ICB,01W,E38000174,NHS Greater Manchester ICB - 01W,DEMENTIA_REGISTER_65_PLUS,3285
31-Mar-25,SUB_ICB,01Y,E38000263,NHS Greater Manchester ICB - 01Y,COMORBIDITIES,1360
31-Mar-25,SUB_ICB,01Y,E38000263,NHS Greater Manchester ICB - 01Y,PALLIATIVE_CARE,660
31-Mar-25,SUB_ICB,01Y,E38000263,NHS Greater Manchester ICB - 01Y,DEMENTIA_REGISTER_65_PLUS,1721
31-Mar-25,SUB_ICB,02A,E38000187,NHS Greater Manchester ICB - 02A,PALLIATIVE_CARE,230
31-Mar-25,SUB_ICB,02A,E38000187,NHS Greater Manchester ICB - 02A,COMORBIDITIES,1400
31-Mar-25,SUB_ICB,02A,E38000187,NHS Greater Manchester ICB - 02A,DEMENTIA_REGISTER_65_PLUS,1941
31-Mar-25,SUB_ICB,02H,E38000205,NHS Greater Manchester ICB - 02H,COMORBIDITIES,2300
31-Mar-25,SUB_ICB,02H,E38000205,NHS Greater Manchester ICB - 02H,PALLIATIVE_CARE,990
31-Mar-25,SUB_ICB,02H,E38000205,NHS Greater Manchester ICB - 02H,DEMENTIA_REGISTER_65_PLUS,2987
31-Mar-25,SUB_ICB,14L,E38000217,NHS Greater Manchester ICB - 14L,COMORBIDITIES,2205
31-Mar-25,SUB_ICB,14L,E38000217,NHS Greater Manchester ICB - 14L,PALLIATIVE_CARE,475
31-Mar-25,SUB_ICB,14L,E38000217,NHS Greater Manchester ICB - 14L,DEMENTIA_REGISTER_65_PLUS,2850
31-Mar-25,SUB_ICB,10R,E38000137,NHS Hampshire and Isle of Wight ICB - 10R,COMORBIDITIES,1210
31-Mar-25,SUB_ICB,10R,E38000137,NHS Hampshire and Isle of Wight ICB - 10R,PALLIATIVE_CARE,340
31-Mar-25,SUB_ICB,10R,E38000137,NHS Hampshire and Isle of Wight ICB - 10R,DEMENTIA_REGISTER_65_PLUS,1576
31-Mar-25,SUB_ICB,D9Y0V,E38000253,NHS Hampshire and Isle of Wight ICB - D9Y0V,COMORBIDITIES,11440
31-Mar-25,SUB_ICB,D9Y0V,E38000253,NHS Hampshire and Isle of Wight ICB - D9Y0V,PALLIATIVE_CARE,1995
31-Mar-25,SUB_ICB,D9Y0V,E38000253,NHS Hampshire and Isle of Wight ICB - D9Y0V,DEMENTIA_REGISTER_65_PLUS,15998
31-Mar-25,SUB_ICB,18C,E38000236,NHS Herefordshire and Worcestershire ICB - 18C,COMORBIDITIES,5115
31-Mar-25,SUB_ICB,18C,E38000236,NHS Herefordshire and Worcestershire ICB - 18C,PALLIATIVE_CARE,2000
31-Mar-25,SUB_ICB,18C,E38000236,NHS Herefordshire and Worcestershire ICB - 18C,DEMENTIA_REGISTER_65_PLUS,7215
31-Mar-25,SUB_ICB,06K,E38000049,NHS Hertfordshire and West Essex ICB - 06K,COMORBIDITIES,3385
31-Mar-25,SUB_ICB,06K,E38000049,NHS Hertfordshire and West Essex ICB - 06K,PALLIATIVE_CARE,1560
31-Mar-25,SUB_ICB,06K,E38000049,NHS Hertfordshire and West Essex ICB - 06K,DEMENTIA_REGISTER_65_PLUS,4688
31-Mar-25,SUB_ICB,06N,E38000079,NHS Hertfordshire and West Essex ICB - 06N,COMORBIDITIES,3590
31-Mar-25,SUB_ICB,06N,E38000079,NHS Hertfordshire and West Essex ICB - 06N,PALLIATIVE_CARE,970
31-Mar-25,SUB_ICB,06N,E38000079,NHS Hertfordshire and West Essex ICB - 06N,DEMENTIA_REGISTER_65_PLUS,4964
31-Mar-25,SUB_ICB,07H,E38000197,NHS Hertfordshire and West Essex ICB - 07H,COMORBIDITIES,2225
31-Mar-25,SUB_ICB,07H,E38000197,NHS Hertfordshire and West Essex ICB - 07H,PALLIATIVE_CARE,980
31-Mar-25,SUB_ICB,07H,E38000197,NHS Hertfordshire and West Essex ICB - 07H,DEMENTIA_REGISTER_65_PLUS,3047
31-Mar-25,SUB_ICB,02Y,E38000052,NHS Humber and North Yorkshire ICB - 02Y,PALLIATIVE_CARE,415
31-Mar-25,SUB_ICB,02Y,E38000052,NHS Humber and North Yorkshire ICB - 02Y,COMORBIDITIES,2350
31-Mar-25,SUB_ICB,02Y,E38000052,NHS Humber and North Yorkshire ICB - 02Y,DEMENTIA_REGISTER_65_PLUS,3295
31-Mar-25,SUB_ICB,03F,E38000085,NHS Humber and North Yorkshire ICB - 03F,COMORBIDITIES,1520
31-Mar-25,SUB_ICB,03F,E38000085,NHS Humber and North Yorkshire ICB - 03F,PALLIATIVE_CARE,235
31-Mar-25,SUB_ICB,03F,E38000085,NHS Humber and North Yorkshire ICB - 03F,DEMENTIA_REGISTER_65_PLUS,2014
31-Mar-25,SUB_ICB,03H,E38000119,NHS Humber and North Yorkshire ICB - 03H,COMORBIDITIES,1195
31-Mar-25,SUB_ICB,03H,E38000119,NHS Humber and North Yorkshire ICB - 03H,PALLIATIVE_CARE,435
31-Mar-25,SUB_ICB,03H,E38000119,NHS Humber and North Yorkshire ICB - 03H,DEMENTIA_REGISTER_65_PLUS,1646
31-Mar-25,SUB_ICB,03K,E38000122,NHS Humber and North Yorkshire ICB - 03K,COMORBIDITIES,1300
31-Mar-25,SUB_ICB,03K,E38000122,NHS Humber and North Yorkshire ICB - 03K,PALLIATIVE_CARE,820
31-Mar-25,SUB_ICB,03K,E38000122,NHS Humber and North Yorkshire ICB - 03K,DEMENTIA_REGISTER_65_PLUS,1787
31-Mar-25,SUB_ICB,03Q,E38000188,NHS Humber and North Yorkshire ICB - 03Q,COMORBIDITIES,1285
31-Mar-25,SUB_ICB,03Q,E38000188,NHS Humber and North Yorkshire ICB - 03Q,PALLIATIVE_CARE,475
31-Mar-25,SUB_ICB,03Q,E38000188,NHS Humber and North Yorkshire ICB - 03Q,DEMENTIA_REGISTER_65_PLUS,1780
31-Mar-25,SUB_ICB,42D,E38000241,NHS Humber and North Yorkshire ICB - 42D,COMORBIDITIES,4090
31-Mar-25,SUB_ICB,42D,E38000241,NHS Humber and North Yorkshire ICB - 42D,PALLIATIVE_CARE,1010
31-Mar-25,SUB_ICB,42D,E38000241,NHS Humber and North Yorkshire ICB - 42D,DEMENTIA_REGISTER_65_PLUS,5713
31-Mar-25,SUB_ICB,91Q,E38000237,NHS Kent and Medway ICB - 91Q,COMORBIDITIES,11390
31-Mar-25,SUB_ICB,91Q,E38000237,NHS Kent and Medway ICB - 91Q,PALLIATIVE_CARE,2695
31-Mar-25,SUB_ICB,91Q,E38000237,NHS Kent and Medway ICB - 91Q,DEMENTIA_REGISTER_65_PLUS,15816
31-Mar-25,SUB_ICB,00Q,E38000014,NHS Lancashire and South Cumbria ICB - 00Q,PALLIATIVE_CARE,180
31-Mar-25,SUB_ICB,00Q,E38000014,NHS Lancashire and South Cumbria ICB - 00Q,COMORBIDITIES,805
31-Mar-25,SUB_ICB,00Q,E38000014,NHS Lancashire and South Cumbria ICB - 00Q,DEMENTIA_REGISTER_65_PLUS,1020
31-Mar-25,SUB_ICB,00R,E38000015,NHS Lancashire and South Cumbria ICB - 00R,COMORBIDITIES,1155
31-Mar-25,SUB_ICB,00R,E38000015,NHS Lancashire and South Cumbria ICB - 00R,PALLIATIVE_CARE,570
31-Mar-25,SUB_ICB,00R,E38000015,NHS Lancashire and South Cumbria ICB - 00R,DEMENTIA_REGISTER_65_PLUS,1549
31-Mar-25,SUB_ICB,00X,E38000034,NHS Lancashire and South Cumbria ICB - 00X,COMORBIDITIES,1385
31-Mar-25,SUB_ICB,00X,E38000034,NHS Lancashire and South Cumbria ICB - 00X,PALLIATIVE_CARE,375
31-Mar-25,SUB_ICB,00X,E38000034,NHS Lancashire and South Cumbria ICB - 00X,DEMENTIA_REGISTER_65_PLUS,1868
31-Mar-25,SUB_ICB,01A,E38000050,NHS Lancashire and South Cumbria ICB - 01A,COMORBIDITIES,2140
31-Mar-25,SUB_ICB,01A,E38000050,NHS Lancashire and South Cumbria ICB - 01A,PALLIATIVE_CARE,690
31-Mar-25,SUB_ICB,01A,E38000050,NHS Lancashire and South Cumbria ICB - 01A,DEMENTIA_REGISTER_65_PLUS,2953
31-Mar-25,SUB_ICB,01E,E38000227,NHS Lancashire and South Cumbria ICB - 01E,COMORBIDITIES,1305
31-Mar-25,SUB_ICB,01E,E38000227,NHS Lancashire and South Cumbria ICB - 01E,PALLIATIVE_CARE,455
31-Mar-25,SUB_ICB,01E,E38000227,NHS Lancashire and South Cumbria ICB - 01E,DEMENTIA_REGISTER_65_PLUS,1788
31-Mar-25,SUB_ICB,01K,E38000228,NHS Lancashire and South Cumbria ICB - 01K,COMORBIDITIES,2630
31-Mar-25,SUB_ICB,01K,E38000228,NHS Lancashire and South Cumbria ICB - 01K,PALLIATIVE_CARE,735
31-Mar-25,SUB_ICB,01K,E38000228,NHS Lancashire and South Cumbria ICB - 01K,DEMENTIA_REGISTER_65_PLUS,3697
31-Mar-25,SUB_ICB,02G,E38000200,NHS Lancashire and South Cumbria ICB - 02G,COMORBIDITIES,800
31-Mar-25,SUB_ICB,02G,E38000200,NHS Lancashire and South Cumbria ICB - 02G,PALLIATIVE_CARE,125
31-Mar-25,SUB_ICB,02G,E38000200,NHS Lancashire and South Cumbria ICB - 02G,DEMENTIA_REGISTER_65_PLUS,1144
31-Mar-25,SUB_ICB,02M,E38000226,NHS Lancashire and South Cumbria ICB - 02M,COMORBIDITIES,1685
31-Mar-25,SUB_ICB,02M,E38000226,NHS Lancashire and South Cumbria ICB - 02M,PALLIATIVE_CARE,870
31-Mar-25,SUB_ICB,02M,E38000226,NHS Lancashire and South Cumbria ICB - 02M,DEMENTIA_REGISTER_65_PLUS,2349
31-Mar-25,SUB_ICB,03W,E38000051,"NHS Leicester, Leicestershire and Rutland ICB - 03W",PALLIATIVE_CARE,950
31-Mar-25,SUB_ICB,03W,E38000051,"NHS Leicester, Leicestershire and Rutland ICB - 03W",COMORBIDITIES,2360
31-Mar-25,SUB_ICB,03W,E38000051,"NHS Leicester, Leicestershire and Rutland ICB - 03W",DEMENTIA_REGISTER_65_PLUS,3312
31-Mar-25,SUB_ICB,04C,E38000097,"NHS Leicester, Leicestershire and Rutland ICB - 04C",COMORBIDITIES,1850
31-Mar-25,SUB_ICB,04C,E38000097,"NHS Leicester, Leicestershire and Rutland ICB - 04C",PALLIATIVE_CARE,635
31-Mar-25,SUB_ICB,04C,E38000097,"NHS Leicester, Leicestershire and Rutland ICB - 04C",DEMENTIA_REGISTER_65_PLUS,2349
31-Mar-25,SUB_ICB,04V,E38000201,"NHS Leicester, Leicestershire and Rutland ICB - 04V",COMORBIDITIES,2390
31-Mar-25,SUB_ICB,04V,E38000201,"NHS Leicester, Leicestershire and Rutland ICB - 04V",PALLIATIVE_CARE,735
31-Mar-25,SUB_ICB,04V,E38000201,"NHS Leicester, Leicestershire and Rutland ICB - 04V",DEMENTIA_REGISTER_65_PLUS,3331
31-Mar-25,SUB_ICB,71E,E38000238,NHS Lincolnshire ICB - 71E,COMORBIDITIES,6410
31-Mar-25,SUB_ICB,71E,E38000238,NHS Lincolnshire ICB - 71E,PALLIATIVE_CARE,1780
31-Mar-25,SUB_ICB,71E,E38000238,NHS Lincolnshire ICB - 71E,DEMENTIA_REGISTER_65_PLUS,8640
31-Mar-25,SUB_ICB,06Q,E38000106,NHS Mid and South Essex ICB - 06Q,PALLIATIVE_CARE,465
31-Mar-25,SUB_ICB,06Q,E38000106,NHS Mid and South Essex ICB - 06Q,COMORBIDITIES,2630
31-Mar-25,SUB_ICB,06Q,E38000106,NHS Mid and South Essex ICB - 06Q,DEMENTIA_REGISTER_65_PLUS,3670
31-Mar-25,SUB_ICB,07G,E38000185,NHS Mid and South Essex ICB - 07G,COMORBIDITIES,830
31-Mar-25,SUB_ICB,07G,E38000185,NHS Mid and South Essex ICB - 07G,PALLIATIVE_CARE,270
31-Mar-25,SUB_ICB,07G,E38000185,NHS Mid and South Essex ICB - 07G,DEMENTIA_REGISTER_65_PLUS,1071
31-Mar-25,SUB_ICB,99E,E38000007,NHS Mid and South Essex ICB - 99E,COMORBIDITIES,1600
31-Mar-25,SUB_ICB,99E,E38000007,NHS Mid and South Essex ICB - 99E,PALLIATIVE_CARE,475
31-Mar-25,SUB_ICB,99E,E38000007,NHS Mid and South Essex ICB - 99E,DEMENTIA_REGISTER_65_PLUS,2174
31-Mar-25,SUB_ICB,99F,E38000030,NHS Mid and South Essex ICB - 99F,COMORBIDITIES,1595
31-Mar-25,SUB_ICB,99F,E38000030,NHS Mid and South Essex ICB - 99F,PALLIATIVE_CARE,495
31-Mar-25,SUB_ICB,99F,E38000030,NHS Mid and South Essex ICB - 99F,DEMENTIA_REGISTER_65_PLUS,2162
31-Mar-25,SUB_ICB,99G,E38000168,NHS Mid and South Essex ICB - 99G,COMORBIDITIES,1505
31-Mar-25,SUB_ICB,99G,E38000168,NHS Mid and South Essex ICB - 99G,PALLIATIVE_CARE,610
31-Mar-25,SUB_ICB,99G,E38000168,NHS Mid and South Essex ICB - 99G,DEMENTIA_REGISTER_65_PLUS,2066
31-Mar-25,SUB_ICB,26A,E38000239,NHS Norfolk and Waveney ICB - 26A,COMORBIDITIES,8245
31-Mar-25,SUB_ICB,26A,E38000239,NHS Norfolk and Waveney ICB - 26A,PALLIATIVE_CARE,1085
31-Mar-25,SUB_ICB,26A,E38000239,NHS Norfolk and Waveney ICB - 26A,DEMENTIA_REGISTER_65_PLUS,11322
31-Mar-25,SUB_ICB,93C,E38000240,NHS North Central London ICB - 93C,COMORBIDITIES,6890
31-Mar-25,SUB_ICB,93C,E38000240,NHS North Central London ICB - 93C,PALLIATIVE_CARE,1445
31-Mar-25,SUB_ICB,93C,E38000240,NHS North Central London ICB - 93C,DEMENTIA_REGISTER_65_PLUS,8930
31-Mar-25,SUB_ICB,A3A8R,E38000255,NHS North East London ICB - A3A8R,COMORBIDITIES,6660
31-Mar-25,SUB_ICB,A3A8R,E38000255,NHS North East London ICB - A3A8R,PALLIATIVE_CARE,2380
31-Mar-25,SUB_ICB,A3A8R,E38000255,NHS North East London ICB - A3A8R,DEMENTIA_REGISTER_65_PLUS,8421
31-Mar-25,SUB_ICB,00L,E38000130,NHS North East and North Cumbria ICB - 00L,COMORBIDITIES,2630
31-Mar-25,SUB_ICB,00L,E38000130,NHS North East and North Cumbria ICB - 00L,PALLIATIVE_CARE,515
31-Mar-25,SUB_ICB,00L,E38000130,NHS North East and North Cumbria ICB - 00L,DEMENTIA_REGISTER_65_PLUS,3588
31-Mar-25,SUB_ICB,00N,E38000163,NHS North East and North Cumbria ICB - 00N,COMORBIDITIES,1100
31-Mar-25,SUB_ICB,00N,E38000163,NHS North East and North Cumbria ICB - 00N,PALLIATIVE_CARE,350
31-Mar-25,SUB_ICB,00N,E38000163,NHS North East and North Cumbria ICB - 00N,DEMENTIA_REGISTER_65_PLUS,1484
31-Mar-25,SUB_ICB,00P,E38000176,NHS North East and North Cumbria ICB - 00P,COMORBIDITIES,1845
31-Mar-25,SUB_ICB,00P,E38000176,NHS North East and North Cumbria ICB - 00P,PALLIATIVE_CARE,320
31-Mar-25,SUB_ICB,00P,E38000176,NHS North East and North Cumbria ICB - 00P,DEMENTIA_REGISTER_65_PLUS,2462
31-Mar-25,SUB_ICB,01H,E38000215,NHS North East and North Cumbria ICB - 01H,PALLIATIVE_CARE,475
31-Mar-25,SUB_ICB,01H,E38000215,NHS North East and North Cumbria ICB - 01H,COMORBIDITIES,2175
31-Mar-25,SUB_ICB,01H,E38000215,NHS North East and North Cumbria ICB - 01H,DEMENTIA_REGISTER_65_PLUS,2939
31-Mar-25,SUB_ICB,13T,E38000212,NHS North East and North Cumbria ICB - 13T,PALLIATIVE_CARE,585
31-Mar-25,SUB_ICB,13T,E38000212,NHS North East and North Cumbria ICB - 13T,COMORBIDITIES,3055
31-Mar-25,SUB_ICB,13T,E38000212,NHS North East and North Cumbria ICB - 13T,DEMENTIA_REGISTER_65_PLUS,4087
31-Mar-25,SUB_ICB,16C,E38000247,NHS North East and North Cumbria ICB - 16C,COMORBIDITIES,4905
31-Mar-25,SUB_ICB,16C,E38000247,NHS North East and North Cumbria ICB - 16C,PALLIATIVE_CARE,955
31-Mar-25,SUB_ICB,16C,E38000247,NHS North East and North Cumbria ICB - 16C,DEMENTIA_REGISTER_65_PLUS,6503
31-Mar-25,SUB_ICB,84H,E38000234,NHS North East and North Cumbria ICB - 84H,COMORBIDITIES,4185
31-Mar-25,SUB_ICB,84H,E38000234,NHS North East and North Cumbria ICB - 84H,PALLIATIVE_CARE,1230
31-Mar-25,SUB_ICB,84H,E38000234,NHS North East and North Cumbria ICB - 84H,DEMENTIA_REGISTER_65_PLUS,5346
31-Mar-25,SUB_ICB,99C,E38000127,NHS North East and North Cumbria ICB - 99C,COMORBIDITIES,1610
31-Mar-25,SUB_ICB,99C,E38000127,NHS North East and North Cumbria ICB - 99C,PALLIATIVE_CARE,495
31-Mar-25,SUB_ICB,99C,E38000127,NHS North East and North Cumbria ICB - 99C,DEMENTIA_REGISTER_65_PLUS,2136
31-Mar-25,SUB_ICB,W2U3Z,E38000256,NHS North West London ICB - W2U3Z,COMORBIDITIES,10225
31-Mar-25,SUB_ICB,W2U3Z,E38000256,NHS North West London ICB - W2U3Z,PALLIATIVE_CARE,3055
31-Mar-25,SUB_ICB,W2U3Z,E38000256,NHS North West London ICB - W2U3Z,DEMENTIA_REGISTER_65_PLUS,12893
31-Mar-25,SUB_ICB,78H,E38000262,NHS Northamptonshire ICB - 78H,COMORBIDITIES,4580
31-Mar-25,SUB_ICB,78H,E38000262,NHS Northamptonshire ICB - 78H,PALLIATIVE_CARE,505
31-Mar-25,SUB_ICB,78H,E38000262,NHS Northamptonshire ICB - 78H,DEMENTIA_REGISTER_65_PLUS,6075
31-Mar-25,SUB_ICB,02Q,E38000008,NHS Nottingham and Nottinghamshire ICB - 02Q,COMORBIDITIES,975
31-Mar-25,SUB_ICB,02Q,E38000008,NHS Nottingham and Nottinghamshire ICB - 02Q,PALLIATIVE_CARE,355
31-Mar-25,SUB_ICB,02Q,E38000008,NHS Nottingham and Nottinghamshire ICB - 02Q,DEMENTIA_REGISTER_65_PLUS,1347
31-Mar-25,SUB_ICB,52R,E38000243,NHS Nottingham and Nottinghamshire ICB - 52R,COMORBIDITIES,6535
31-Mar-25,SUB_ICB,52R,E38000243,NHS Nottingham and Nottinghamshire ICB - 52R,PALLIATIVE_CARE,3120
31-Mar-25,SUB_ICB,52R,E38000243,NHS Nottingham and Nottinghamshire ICB - 52R,DEMENTIA_REGISTER_65_PLUS,9053
31-Mar-25,SUB_ICB,M2L0M,E38000257,"NHS Shropshire, Telford and Wrekin ICB - M2L0M",COMORBIDITIES,3615
31-Mar-25,SUB_ICB,M2L0M,E38000257,"NHS Shropshire, Telford and Wrekin ICB - M2L0M",PALLIATIVE_CARE,475
31-Mar-25,SUB_ICB,M2L0M,E38000257,"NHS Shropshire, Telford and Wrekin ICB - M2L0M",DEMENTIA_REGISTER_65_PLUS,5023
31-Mar-25,SUB_ICB,11X,E38000150,NHS Somerset ICB - 11X,COMORBIDITIES,4030
31-Mar-25,SUB_ICB,11X,E38000150,NHS Somerset ICB - 11X,PALLIATIVE_CARE,565
31-Mar-25,SUB_ICB,11X,E38000150,NHS Somerset ICB - 11X,DEMENTIA_REGISTER_65_PLUS,5529
31-Mar-25,SUB_ICB,72Q,E38000244,NHS South East London ICB - 72Q,COMORBIDITIES,8275
31-Mar-25,SUB_ICB,72Q,E38000244,NHS South East London ICB - 72Q,PALLIATIVE_CARE,2325
31-Mar-25,SUB_ICB,72Q,E38000244,NHS South East London ICB - 72Q,DEMENTIA_REGISTER_65_PLUS,10831
31-Mar-25,SUB_ICB,36L,E38000245,NHS South West London ICB - 36L,COMORBIDITIES,7880
31-Mar-25,SUB_ICB,36L,E38000245,NHS South West London ICB - 36L,PALLIATIVE_CARE,2295
31-Mar-25,SUB_ICB,36L,E38000245,NHS South West London ICB - 36L,DEMENTIA_REGISTER_65_PLUS,10709
31-Mar-25,SUB_ICB,02P,E38000006,NHS South Yorkshire ICB - 02P,COMORBIDITIES,1670
31-Mar-25,SUB_ICB,02P,E38000006,NHS South Yorkshire ICB - 02P,PALLIATIVE_CARE,455
31-Mar-25,SUB_ICB,02P,E38000006,NHS South Yorkshire ICB - 02P,DEMENTIA_REGISTER_65_PLUS,2310
31-Mar-25,SUB_ICB,02X,E38000044,NHS South Yorkshire ICB - 02X,COMORBIDITIES,1990
31-Mar-25,SUB_ICB,02X,E38000044,NHS South Yorkshire ICB - 02X,PALLIATIVE_CARE,345
31-Mar-25,SUB_ICB,02X,E38000044,NHS South Yorkshire ICB - 02X,DEMENTIA_REGISTER_65_PLUS,2655
31-Mar-25,SUB_ICB,03L,E38000141,NHS South Yorkshire ICB - 03L,COMORBIDITIES,2255
31-Mar-25,SUB_ICB,03L,E38000141,NHS South Yorkshire ICB - 03L,PALLIATIVE_CARE,270
31-Mar-25,SUB_ICB,03L,E38000141,NHS South Yorkshire ICB - 03L,DEMENTIA_REGISTER_65_PLUS,2975
31-Mar-25,SUB_ICB,03N,E38000146,NHS South Yorkshire ICB - 03N,COMORBIDITIES,3510
31-Mar-25,SUB_ICB,03N,E38000146,NHS South Yorkshire ICB - 03N,PALLIATIVE_CARE,945
31-Mar-25,SUB_ICB,03N,E38000146,NHS South Yorkshire ICB - 03N,DEMENTIA_REGISTER_65_PLUS,4640
31-Mar-25,SUB_ICB,04Y,E38000028,NHS Staffordshire and Stoke-on-Trent ICB - 04Y,COMORBIDITIES,1050
31-Mar-25,SUB_ICB,04Y,E38000028,NHS Staffordshire and Stoke-on-Trent ICB - 04Y,PALLIATIVE_CARE,395
31-Mar-25,SUB_ICB,04Y,E38000028,NHS Staffordshire and Stoke-on-Trent ICB - 04Y,DEMENTIA_REGISTER_65_PLUS,1416
31-Mar-25,SUB_ICB,05D,E38000053,NHS Staffordshire and Stoke-on-Trent ICB - 05D,PALLIATIVE_CARE,430
31-Mar-25,SUB_ICB,05D,E38000053,NHS Staffordshire and Stoke-on-Trent ICB - 05D,COMORBIDITIES,860
31-Mar-25,SUB_ICB,05D,E38000053,NHS Staffordshire and Stoke-on-Trent ICB - 05D,DEMENTIA_REGISTER_65_PLUS,1202
31-Mar-25,SUB_ICB,05G,E38000126,NHS Staffordshire and Stoke-on-Trent ICB - 05G,COMORBIDITIES,1950
31-Mar-25,SUB_ICB,05G,E38000126,NHS Staffordshire and Stoke-on-Trent ICB - 05G,PALLIATIVE_CARE,560
31-Mar-25,SUB_ICB,05G,E38000126,NHS Staffordshire and Stoke-on-Trent ICB - 05G,DEMENTIA_REGISTER_65_PLUS,2586
31-Mar-25,SUB_ICB,05Q,E38000153,NHS Staffordshire and Stoke-on-Trent ICB - 05Q,COMORBIDITIES,1550
31-Mar-25,SUB_ICB,05Q,E38000153,NHS Staffordshire and Stoke-on-Trent ICB - 05Q,PALLIATIVE_CARE,630
31-Mar-25,SUB_ICB,05Q,E38000153,NHS Staffordshire and Stoke-on-Trent ICB - 05Q,DEMENTIA_REGISTER_65_PLUS,2157
31-Mar-25,SUB_ICB,05V,E38000173,NHS Staffordshire and Stoke-on-Trent ICB - 05V,COMORBIDITIES,1070
31-Mar-25,SUB_ICB,05V,E38000173,NHS Staffordshire and Stoke-on-Trent ICB - 05V,PALLIATIVE_CARE,435
31-Mar-25,SUB_ICB,05V,E38000173,NHS Staffordshire and Stoke-on-Trent ICB - 05V,DEMENTIA_REGISTER_65_PLUS,1466
31-Mar-25,SUB_ICB,05W,E38000175,NHS Staffordshire and Stoke-on-Trent ICB - 05W,COMORBIDITIES,2430
31-Mar-25,SUB_ICB,05W,E38000175,NHS Staffordshire and Stoke-on-Trent ICB - 05W,PALLIATIVE_CARE,775
31-Mar-25,SUB_ICB,05W,E38000175,NHS Staffordshire and Stoke-on-Trent ICB - 05W,DEMENTIA_REGISTER_65_PLUS,3080
31-Mar-25,SUB_ICB,06L,E38000086,NHS Suffolk and North East Essex ICB - 06L,COMORBIDITIES,2815
31-Mar-25,SUB_ICB,06L,E38000086,NHS Suffolk and North East Essex ICB - 06L,PALLIATIVE_CARE,530
31-Mar-25,SUB_ICB,06L,E38000086,NHS Suffolk and North East Essex ICB - 06L,DEMENTIA_REGISTER_65_PLUS,3836
31-Mar-25,SUB_ICB,06T,E38000117,NHS Suffolk and North East Essex ICB - 06T,COMORBIDITIES,2715
31-Mar-25,SUB_ICB,06T,E38000117,NHS Suffolk and North East Essex ICB - 06T,PALLIATIVE_CARE,1370
31-Mar-25,SUB_ICB,06T,E38000117,NHS Suffolk and North East Essex ICB - 06T,DEMENTIA_REGISTER_65_PLUS,3763
31-Mar-25,SUB_ICB,07K,E38000204,NHS Suffolk and North East Essex ICB - 07K,PALLIATIVE_CARE,300
31-Mar-25,SUB_ICB,07K,E38000204,NHS Suffolk and North East Essex ICB - 07K,COMORBIDITIES,1670
31-Mar-25,SUB_ICB,07K,E38000204,NHS Suffolk and North East Essex ICB - 07K,DEMENTIA_REGISTER_65_PLUS,2335
31-Mar-25,SUB_ICB,92A,E38000264,NHS Surrey Heartlands ICB - 92A,COMORBIDITIES,7125
31-Mar-25,SUB_ICB,92A,E38000264,NHS Surrey Heartlands ICB - 92A,PALLIATIVE_CARE,1020
31-Mar-25,SUB_ICB,92A,E38000264,NHS Surrey Heartlands ICB - 92A,DEMENTIA_REGISTER_65_PLUS,10232
31-Mar-25,SUB_ICB,09D,E38000021,NHS Sussex ICB - 09D,COMORBIDITIES,1260
31-Mar-25,SUB_ICB,09D,E38000021,NHS Sussex ICB - 09D,PALLIATIVE_CARE,190
31-Mar-25,SUB_ICB,09D,E38000021,NHS Sussex ICB - 09D,DEMENTIA_REGISTER_65_PLUS,1833
31-Mar-25,SUB_ICB,70F,E38000265,NHS Sussex ICB - 70F,PALLIATIVE_CARE,1490
31-Mar-25,SUB_ICB,70F,E38000265,NHS Sussex ICB - 70F,COMORBIDITIES,6585
31-Mar-25,SUB_ICB,70F,E38000265,NHS Sussex ICB - 70F,DEMENTIA_REGISTER_65_PLUS,9546
31-Mar-25,SUB_ICB,97R,E38000235,NHS Sussex ICB - 97R,COMORBIDITIES,4310
31-Mar-25,SUB_ICB,97R,E38000235,NHS Sussex ICB - 97R,PALLIATIVE_CARE,835
31-Mar-25,SUB_ICB,97R,E38000235,NHS Sussex ICB - 97R,DEMENTIA_REGISTER_65_PLUS,6285
31-Mar-25,SUB_ICB,02T,E38000025,NHS West Yorkshire ICB - 02T,COMORBIDITIES,1290
31-Mar-25,SUB_ICB,02T,E38000025,NHS West Yorkshire ICB - 02T,PALLIATIVE_CARE,365
31-Mar-25,SUB_ICB,02T,E38000025,NHS West Yorkshire ICB - 02T,DEMENTIA_REGISTER_65_PLUS,1796
31-Mar-25,SUB_ICB,03R,E38000190,NHS West Yorkshire ICB - 03R,COMORBIDITIES,2220
31-Mar-25,SUB_ICB,03R,E38000190,NHS West Yorkshire ICB - 03R,PALLIATIVE_CARE,630
31-Mar-25,SUB_ICB,03R,E38000190,NHS West Yorkshire ICB - 03R,DEMENTIA_REGISTER_65_PLUS,2983
31-Mar-25,SUB_ICB,15F,E38000225,NHS West Yorkshire ICB - 15F,COMORBIDITIES,5005
31-Mar-25,SUB_ICB,15F,E38000225,NHS West Yorkshire ICB - 15F,PALLIATIVE_CARE,1235
31-Mar-25,SUB_ICB,15F,E38000225,NHS West Yorkshire ICB - 15F,DEMENTIA_REGISTER_65_PLUS,6657
31-Mar-25,SUB_ICB,36J,E38000232,NHS West Yorkshire ICB - 36J,COMORBIDITIES,3650
31-Mar-25,SUB_ICB,36J,E38000232,NHS West Yorkshire ICB - 36J,PALLIATIVE_CARE,1620
31-Mar-25,SUB_ICB,36J,E38000232,NHS West Yorkshire ICB - 36J,DEMENTIA_REGISTER_65_PLUS,4891
31-Mar-25,SUB_ICB,X2C4Y,E38000254,NHS West Yorkshire ICB - X2C4Y,COMORBIDITIES,2400
31-Mar-25,SUB_ICB,X2C4Y,E38000254,NHS West Yorkshire ICB - X2C4Y,PALLIATIVE_CARE,885
31-Mar-25,SUB_ICB,X2C4Y,E38000254,NHS West Yorkshire ICB - X2C4Y,DEMENTIA_REGISTER_65_PLUS,3276
